trial_id,run_id,task_id,family,complexity,arm,model,provider,seed,epoch,configured_executor_quality,success,catastrophic,requirement_accuracy,failed_requirement_ids,failure_reasons,terminal_status,candidate_attempts,rejections,accepted_candidate_id,budget_exhausted,total_input_tokens,total_output_tokens,total_reasoning_tokens,total_tokens,total_model_latency_s,end_to_end_latency_s,audit_tp,audit_tn,audit_fp,audit_fn,injected_faults
trial-0278d95086cefc384b,decisive-20260831-054125,state-L1-223785817c2f,state,1,C_SYSTEM,qwen3.5:9b-q8_0,ollama,101,0,0.2,False,False,0.5,"[""r2""]","[""fault:wrong_value"", ""requirement:r2""]",FAILED,1,0,cand-12d5ca2913ba,False,0,0,0,0,0,0.00015869998605921865,0,0,0,0,"[""wrong_value""]"
trial-99c7f5bc646d110cf4,decisive-20260831-054125,state-L1-223785817c2f,state,1,C_SYSTEM,qwen3.5:9b-q8_0,ollama,101,0,0.4,False,False,0.5,"[""r1""]","[""fault:unintended_side_effect+forced_requirement_violation"", ""requirement:r1""]",FAILED,1,0,cand-e2b766e31801,False,0,0,0,0,0,0.00013609998859465122,0,0,0,0,"[""unintended_side_effect+forced_requirement_violation""]"
trial-16ca2bfe523494540c,decisive-20260831-054125,state-L1-223785817c2f,state,1,C_SYSTEM,qwen3.5:9b-q8_0,ollama,101,0,0.6,False,False,0.5,"[""r1""]","[""fault:unintended_side_effect+forced_requirement_violation"", ""requirement:r1""]",FAILED,1,0,cand-ea8089d18aa5,False,0,0,0,0,0,0.00010409997776150703,0,0,0,0,"[""unintended_side_effect+forced_requirement_violation""]"
trial-75e419716d2e01fb5a,decisive-20260831-054125,state-L1-223785817c2f,state,1,E_RANDOM_AUDITOR,qwen3.5:9b-q8_0,ollama,101,0,0.4,False,False,0.5,"[""r1""]","[""fault:unintended_side_effect+forced_requirement_violation"", ""requirement:r1""]",FAILED,1,0,cand-e2b766e31801,False,0,0,0,0,0,0.00012050004443153739,0,0,1,0,"[""unintended_side_effect+forced_requirement_violation""]"
trial-ed6da59e82b3c1b47f,decisive-20260831-054125,state-L1-223785817c2f,state,1,E_RANDOM_AUDITOR,qwen3.5:9b-q8_0,ollama,101,0,0.6,False,False,0.5,"[""r1""]","[""fault:unintended_side_effect+forced_requirement_violation"", ""requirement:r1""]",FAILED,1,0,cand-ea8089d18aa5,False,0,0,0,0,0,0.00013539998326450586,0,0,1,0,"[""unintended_side_effect+forced_requirement_violation""]"
trial-651ca381b745dca076,decisive-20260831-054125,state-L2-fd1c5ee02097,state,2,C_SYSTEM,qwen3.5:9b-q8_0,ollama,101,0,0.2,False,False,0.8,"[""r5""]","[""fault:wrong_value"", ""requirement:r5""]",FAILED,1,0,cand-95659dd97eb6,False,0,0,0,0,0,0.00016960001084953547,0,0,0,0,"[""wrong_value""]"
trial-ed540d072d4aa6a925,decisive-20260831-054125,state-L2-fd1c5ee02097,state,2,E_RANDOM_AUDITOR,qwen3.5:9b-q8_0,ollama,101,0,0.2,False,False,0.8,"[""r1""]","[""fault:unintended_side_effect+forced_requirement_violation"", ""requirement:r1""]",FAILED,2,1,cand-55fe5192ca4d,False,0,0,0,0,0,0.0003440000000409782,0,1,1,0,"[""unintended_side_effect+forced_requirement_violation"", ""wrong_value""]"
trial-7f944df64f6622e716,decisive-20260831-054125,state-L3-2618991c7c4a,state,3,C_SYSTEM,qwen3.5:9b-q8_0,ollama,101,0,0.2,False,False,0.875,"[""r3""]","[""fault:wrong_value"", ""requirement:r3""]",FAILED,1,0,cand-cce289bd7a07,False,0,0,0,0,0,0.00014359998749569058,0,0,0,0,"[""wrong_value""]"
trial-22f264ddd468528b28,decisive-20260831-054125,state-L3-2618991c7c4a,state,3,C_SYSTEM,qwen3.5:9b-q8_0,ollama,101,0,0.6,False,False,0.875,"[""r2""]","[""fault:omitted_requirement"", ""requirement:r2""]",FAILED,1,0,cand-ccd710940a8f,False,0,0,0,0,0,0.00013729999773204327,0,0,0,0,"[""omitted_requirement""]"
trial-cae616eaa58a10dc6e,decisive-20260831-054125,state-L3-2618991c7c4a,state,3,E_RANDOM_AUDITOR,qwen3.5:9b-q8_0,ollama,101,0,0.2,False,False,0.875,"[""r3""]","[""fault:wrong_value"", ""requirement:r3""]",FAILED,1,0,cand-cce289bd7a07,False,0,0,0,0,0,0.0002500999835319817,0,0,1,0,"[""wrong_value""]"
trial-1b9e9f4d59e8e2eaf3,decisive-20260831-054125,state-L3-2618991c7c4a,state,3,E_RANDOM_AUDITOR,qwen3.5:9b-q8_0,ollama,101,0,0.6,False,False,0.875,"[""r2""]","[""fault:omitted_requirement"", ""requirement:r2""]",FAILED,1,0,cand-ccd710940a8f,False,0,0,0,0,0,0.00020350003615021706,0,0,1,0,"[""omitted_requirement""]"
trial-7eccde302adbe403b6,decisive-20260831-054125,state-L3-2618991c7c4a,state,3,E_RANDOM_AUDITOR,qwen3.5:9b-q8_0,ollama,101,0,0.8,False,False,1.0,[],"[""rejected_all""]",REJECTED_ALL,3,3,,False,0,0,0,0,0,0.00031869998201727867,0,0,0,3,[]
trial-40f6f6c4d838fced3b,decisive-20260831-054125,state-L3-2618991c7c4a,state,3,F_ORACLE_AUDITOR,qwen3.5:9b-q8_0,ollama,101,0,0.2,False,False,0.875,"[""r4""]","[""rejected_all""]",REJECTED_ALL,3,3,,False,0,0,0,0,0,0.0004523000097833574,0,3,0,0,"[""omitted_requirement"", ""wrong_value""]"
trial-4a574161ae36ccb891,decisive-20260831-054125,state-L4-e6b56ba4d4dc,state,4,C_SYSTEM,qwen3.5:9b-q8_0,ollama,101,0,0.2,False,False,0.9090909090909091,"[""r3""]","[""fault:omitted_requirement"", ""requirement:r3""]",FAILED,1,0,cand-c92574ac44bf,False,0,0,0,0,0,0.0002201999886892736,0,0,0,0,"[""omitted_requirement""]"
trial-2d1e13e0ac7764217b,decisive-20260831-054125,state-L4-e6b56ba4d4dc,state,4,E_RANDOM_AUDITOR,qwen3.5:9b-q8_0,ollama,101,0,0.2,False,False,0.9090909090909091,"[""r3""]","[""fault:omitted_requirement"", ""requirement:r3""]",FAILED,1,0,cand-c92574ac44bf,False,0,0,0,0,0,0.00022800004808232188,0,0,1,0,"[""omitted_requirement""]"
trial-7a106bf0d8f89f2981,decisive-20260831-054125,state-L4-e6b56ba4d4dc,state,4,E_RANDOM_AUDITOR,qwen3.5:9b-q8_0,ollama,101,0,0.4,False,False,1.0,[],"[""rejected_all""]",REJECTED_ALL,3,3,,False,0,0,0,0,0,0.00042339996434748173,0,0,0,3,[]
trial-538d1f9275061857d1,decisive-20260831-054125,state-L4-e6b56ba4d4dc,state,4,F_ORACLE_AUDITOR,qwen3.5:9b-q8_0,ollama,101,0,0.2,False,False,0.9090909090909091,"[""r1""]","[""rejected_all""]",REJECTED_ALL,3,3,,False,0,0,0,0,0,0.0007301000296138227,0,3,0,0,"[""omitted_requirement"", ""unintended_side_effect+forced_requirement_violation"", ""wrong_value""]"
trial-3240d44d3b6244b55d,decisive-20260831-054125,policy-L1-e7dfa68067a3,policy,1,C_SYSTEM,qwen3.5:9b-q8_0,ollama,101,0,0.2,False,False,0.0,"[""r1""]","[""fault:forbidden_procedure+forced_requirement_violation"", ""requirement:r1""]",FAILED,1,0,cand-8dc55e63843f,False,0,0,0,0,0,0.00010639999527484179,0,0,0,0,"[""forbidden_procedure+forced_requirement_violation""]"
trial-b06e8194ebcfe08944,decisive-20260831-054125,policy-L1-e7dfa68067a3,policy,1,C_SYSTEM,qwen3.5:9b-q8_0,ollama,101,0,0.6,False,False,0.0,"[""r1""]","[""fault:ordering_violation+forced_requirement_violation"", ""requirement:r1""]",FAILED,1,0,cand-49b8747089da,False,0,0,0,0,0,0.0001162000116892159,0,0,0,0,"[""ordering_violation+forced_requirement_violation""]"
trial-4bfb2da5600e6e5763,decisive-20260831-054125,policy-L1-e7dfa68067a3,policy,1,C_SYSTEM,qwen3.5:9b-q8_0,ollama,101,0,0.8,False,False,0.0,"[""r1""]","[""fault:ordering_violation+forced_requirement_violation"", ""requirement:r1""]",FAILED,1,0,cand-3df5dda04b87,False,0,0,0,0,0,0.00012320000678300858,0,0,0,0,"[""ordering_violation+forced_requirement_violation""]"
trial-a43cbafcf0e9b7ec07,decisive-20260831-054125,policy-L1-e7dfa68067a3,policy,1,E_RANDOM_AUDITOR,qwen3.5:9b-q8_0,ollama,101,0,0.2,False,False,0.0,"[""r1""]","[""rejected_all""]",REJECTED_ALL,3,3,,False,0,0,0,0,0,0.00030449999030679464,0,3,0,0,"[""forbidden_procedure+forced_requirement_violation"", ""unintended_side_effect+forced_requirement_violation""]"
trial-f1b3adf23e9941e250,decisive-20260831-054125,policy-L1-e7dfa68067a3,policy,1,E_RANDOM_AUDITOR,qwen3.5:9b-q8_0,ollama,101,0,0.6,False,False,0.0,"[""r1""]","[""fault:ordering_violation+forced_requirement_violation"", ""requirement:r1""]",FAILED,1,0,cand-49b8747089da,False,0,0,0,0,0,0.00011650001397356391,0,0,1,0,"[""ordering_violation+forced_requirement_violation""]"
trial-84cd2182012c313e34,decisive-20260831-054125,policy-L1-e7dfa68067a3,policy,1,E_RANDOM_AUDITOR,qwen3.5:9b-q8_0,ollama,101,0,0.8,False,False,0.0,"[""r1""]","[""fault:ordering_violation+forced_requirement_violation"", ""requirement:r1""]",FAILED,1,0,cand-3df5dda04b87,False,0,0,0,0,0,0.0001338999718427658,0,0,1,0,"[""ordering_violation+forced_requirement_violation""]"
trial-a29c6963f0217cfdd5,decisive-20260831-054125,policy-L1-e7dfa68067a3,policy,1,F_ORACLE_AUDITOR,qwen3.5:9b-q8_0,ollama,101,0,0.2,False,False,0.0,"[""r1""]","[""rejected_all""]",REJECTED_ALL,3,3,,False,0,0,0,0,0,0.000276199949439615,0,3,0,0,"[""forbidden_procedure+forced_requirement_violation"", ""unintended_side_effect+forced_requirement_violation""]"
trial-3bd59b6e7172aa7fa0,decisive-20260831-054125,policy-L1-e7dfa68067a3,policy,1,F_ORACLE_AUDITOR,qwen3.5:9b-q8_0,ollama,101,0,0.6,False,False,0.0,"[""r1""]","[""rejected_all""]",REJECTED_ALL,3,3,,False,0,0,0,0,0,0.0002750999992713332,0,3,0,0,"[""omitted_requirement"", ""ordering_violation+forced_requirement_violation"", ""unintended_side_effect+forced_requirement_violation""]"
trial-a4425da95bff3387a3,decisive-20260831-054125,policy-L2-a7d4d2b3ff88,policy,2,C_SYSTEM,qwen3.5:9b-q8_0,ollama,101,0,0.2,False,False,0.75,"[""r4""]","[""fault:ordering_violation"", ""requirement:r4""]",FAILED,1,0,cand-778e159656f9,False,0,0,0,0,0,0.00015310000162571669,0,0,0,0,"[""ordering_violation""]"
trial-480d113d3c03d4f77e,decisive-20260831-054125,policy-L2-a7d4d2b3ff88,policy,2,C_SYSTEM,qwen3.5:9b-q8_0,ollama,101,0,0.6,False,False,0.75,"[""r1""]","[""fault:unintended_side_effect+forced_requirement_violation"", ""requirement:r1""]",FAILED,1,0,cand-4ab45336c3c7,False,0,0,0,0,0,0.00018120004096999764,0,0,0,0,"[""unintended_side_effect+forced_requirement_violation""]"
trial-38ffb0a3bd1784334c,decisive-20260831-054125,policy-L2-a7d4d2b3ff88,policy,2,E_RANDOM_AUDITOR,qwen3.5:9b-q8_0,ollama,101,0,0.2,False,False,0.75,"[""r1""]","[""fault:wrong_value+forced_requirement_violation"", ""requirement:r1""]",FAILED,2,1,cand-63865ff7b551,False,0,0,0,0,0,0.0002962999860756099,0,1,1,0,"[""ordering_violation"", ""wrong_value+forced_requirement_violation""]"
trial-8d118415f6ab775147,decisive-20260831-054125,policy-L2-a7d4d2b3ff88,policy,2,E_RANDOM_AUDITOR,qwen3.5:9b-q8_0,ollama,101,0,0.6,False,False,0.75,"[""r4""]","[""fault:ordering_violation"", ""requirement:r4""]",FAILED,2,1,cand-1912c9d2f8eb,False,0,0,0,0,0,0.0003097999724559486,0,1,1,0,"[""ordering_violation"", ""unintended_side_effect+forced_requirement_violation""]"
trial-bf59fa583902478d70,decisive-20260831-054125,policy-L2-a7d4d2b3ff88,policy,2,F_ORACLE_AUDITOR,qwen3.5:9b-q8_0,ollama,101,0,0.2,False,False,0.75,"[""r1""]","[""rejected_all""]",REJECTED_ALL,3,3,,False,0,0,0,0,0,0.00035440002102404833,0,3,0,0,"[""ordering_violation"", ""wrong_value"", ""wrong_value+forced_requirement_violation""]"
trial-99efbc7ff12f17d840,decisive-20260831-054125,policy-L2-a7d4d2b3ff88,policy,2,F_ORACLE_AUDITOR,qwen3.5:9b-q8_0,ollama,101,0,0.6,False,False,0.75,"[""r3""]","[""rejected_all""]",REJECTED_ALL,3,3,,False,0,0,0,0,0,0.00035659997956827283,0,3,0,0,"[""forbidden_procedure"", ""ordering_violation"", ""unintended_side_effect+forced_requirement_violation""]"
trial-c917445cede4b2d389,decisive-20260831-054125,policy-L3-e982dfee40de,policy,3,C_SYSTEM,qwen3.5:9b-q8_0,ollama,101,0,0.2,False,False,0.8333333333333334,"[""r1""]","[""fault:wrong_value+forced_requirement_violation"", ""requirement:r1""]",FAILED,1,0,cand-4ace513c7f69,False,0,0,0,0,0,0.00016150000737980008,0,0,0,0,"[""wrong_value+forced_requirement_violation""]"
trial-76f9434f9cc241a743,decisive-20260831-054125,policy-L3-e982dfee40de,policy,3,C_SYSTEM,qwen3.5:9b-q8_0,ollama,101,0,0.4,False,False,0.8333333333333334,"[""r6""]","[""fault:ordering_violation"", ""requirement:r6""]",FAILED,1,0,cand-c9bbc540d03a,False,0,0,0,0,0,0.00015199999324977398,0,0,0,0,"[""ordering_violation""]"
trial-c17a43a95003865d26,decisive-20260831-054125,policy-L3-e982dfee40de,policy,3,C_SYSTEM,qwen3.5:9b-q8_0,ollama,101,0,0.6,False,False,0.8333333333333334,"[""r6""]","[""fault:ordering_violation"", ""requirement:r6""]",FAILED,1,0,cand-8d42ec830c8b,False,0,0,0,0,0,0.00015959999291226268,0,0,0,0,"[""ordering_violation""]"
trial-fb43258558e1469ac5,decisive-20260831-054125,policy-L3-e982dfee40de,policy,3,E_RANDOM_AUDITOR,qwen3.5:9b-q8_0,ollama,101,0,0.2,False,False,0.8333333333333334,"[""r1""]","[""fault:wrong_value+forced_requirement_violation"", ""requirement:r1""]",FAILED,1,0,cand-4ace513c7f69,False,0,0,0,0,0,0.00017100002150982618,0,0,1,0,"[""wrong_value+forced_requirement_violation""]"
trial-151610c1d0879be648,decisive-20260831-054125,policy-L3-e982dfee40de,policy,3,E_RANDOM_AUDITOR,qwen3.5:9b-q8_0,ollama,101,0,0.4,False,False,0.8333333333333334,"[""r6""]","[""fault:ordering_violation"", ""requirement:r6""]",FAILED,1,0,cand-c9bbc540d03a,False,0,0,0,0,0,0.00016719999257475138,0,0,1,0,"[""ordering_violation""]"
trial-173ff7bfd5d5408c98,decisive-20260831-054125,policy-L3-e982dfee40de,policy,3,E_RANDOM_AUDITOR,qwen3.5:9b-q8_0,ollama,101,0,0.6,False,False,0.8333333333333334,"[""r6""]","[""fault:ordering_violation"", ""requirement:r6""]",FAILED,1,0,cand-8d42ec830c8b,False,0,0,0,0,0,0.00016850000247359276,0,0,1,0,"[""ordering_violation""]"
trial-592d1f1f9cabf5e927,decisive-20260831-054125,policy-L3-e982dfee40de,policy,3,F_ORACLE_AUDITOR,qwen3.5:9b-q8_0,ollama,101,0,0.4,False,False,0.8333333333333334,"[""r1""]","[""rejected_all""]",REJECTED_ALL,3,3,,False,0,0,0,0,0,0.00040229997830465436,0,3,0,0,"[""ordering_violation"", ""unintended_side_effect+forced_requirement_violation""]"
trial-48068084fe5ca5eeec,decisive-20260831-054125,policy-L3-e982dfee40de,policy,3,F_ORACLE_AUDITOR,qwen3.5:9b-q8_0,ollama,101,0,0.6,False,False,0.8333333333333334,"[""r6""]","[""rejected_all""]",REJECTED_ALL,3,3,,False,0,0,0,0,0,0.0003776999656111002,0,3,0,0,"[""ordering_violation""]"
trial-060453a58b38df172e,decisive-20260831-054125,policy-L4-2c8f9d2d44ac,policy,4,C_SYSTEM,qwen3.5:9b-q8_0,ollama,101,0,0.2,False,True,0.9090909090909091,"[""r10""]","[""fault:forbidden_procedure"", ""requirement:r10""]",FAILED,1,0,cand-1c8ceeeb0f85,False,0,0,0,0,0,0.00021600001491606236,0,0,0,0,"[""forbidden_procedure""]"
trial-a41cdf90cf3be7b90a,decisive-20260831-054125,policy-L4-2c8f9d2d44ac,policy,4,C_SYSTEM,qwen3.5:9b-q8_0,ollama,101,0,0.6,False,False,0.9090909090909091,"[""r1""]","[""fault:wrong_value+forced_requirement_violation"", ""requirement:r1""]",FAILED,1,0,cand-1fb304ee7428,False,0,0,0,0,0,0.00021399999968707561,0,0,0,0,"[""wrong_value+forced_requirement_violation""]"
trial-546e7269ab1d7db11f,decisive-20260831-054125,policy-L4-2c8f9d2d44ac,policy,4,E_RANDOM_AUDITOR,qwen3.5:9b-q8_0,ollama,101,0,0.2,False,False,0.9090909090909091,"[""r1""]","[""fault:unintended_side_effect+forced_requirement_violation"", ""requirement:r1""]",FAILED,2,1,cand-f81e595b94cb,False,0,0,0,0,0,0.0003856000257655978,0,1,1,0,"[""forbidden_procedure"", ""unintended_side_effect+forced_requirement_violation""]"
trial-d43787c6b7179c19da,decisive-20260831-054125,policy-L4-2c8f9d2d44ac,policy,4,E_RANDOM_AUDITOR,qwen3.5:9b-q8_0,ollama,101,0,0.4,False,False,0.9090909090909091,"[""r1""]","[""fault:unintended_side_effect+forced_requirement_violation"", ""requirement:r1""]",FAILED,3,2,cand-d89b10cad34d,False,0,0,0,0,0,0.0005090000340715051,0,1,1,1,"[""unintended_side_effect+forced_requirement_violation""]"
trial-266ed978056e71e623,decisive-20260831-054125,policy-L4-2c8f9d2d44ac,policy,4,F_ORACLE_AUDITOR,qwen3.5:9b-q8_0,ollama,101,0,0.2,False,False,0.9090909090909091,"[""r10""]","[""rejected_all""]",REJECTED_ALL,3,3,,False,0,0,0,0,0,0.0005561000434681773,0,3,0,0,"[""forbidden_procedure"", ""unintended_side_effect+forced_requirement_violation""]"
trial-b57f7bff45f96d5b16,decisive-20260831-054125,reconciliation-L1-efcfe1ef4f8b,reconciliation,1,C_SYSTEM,qwen3.5:9b-q8_0,ollama,101,0,0.2,False,False,0.0,"[""r1""]","[""fault:unintended_side_effect+forced_requirement_violation"", ""requirement:r1""]",FAILED,1,0,cand-f64a15c34646,False,0,0,0,0,0,0.00013100000796839595,0,0,0,0,"[""unintended_side_effect+forced_requirement_violation""]"
trial-ce84c8cce177f9ebd8,decisive-20260831-054125,reconciliation-L1-efcfe1ef4f8b,reconciliation,1,C_SYSTEM,qwen3.5:9b-q8_0,ollama,101,0,0.4,False,False,0.0,"[""r1""]","[""fault:unintended_side_effect+forced_requirement_violation"", ""requirement:r1""]",FAILED,1,0,cand-7ccaafdbbee5,False,0,0,0,0,0,0.00011849997099488974,0,0,0,0,"[""unintended_side_effect+forced_requirement_violation""]"
trial-88d9f7ca8aa352fa44,decisive-20260831-054125,reconciliation-L1-efcfe1ef4f8b,reconciliation,1,C_SYSTEM,qwen3.5:9b-q8_0,ollama,101,0,0.6,False,False,0.0,"[""r1""]","[""fault:wrong_value"", ""requirement:r1""]",FAILED,1,0,cand-aa8049d4df6e,False,0,0,0,0,0,0.00010870001278817654,0,0,0,0,"[""wrong_value""]"
trial-5761916c063e40c1c6,decisive-20260831-054125,reconciliation-L1-efcfe1ef4f8b,reconciliation,1,C_SYSTEM,qwen3.5:9b-q8_0,ollama,101,0,0.8,False,False,0.0,"[""r1""]","[""fault:omitted_requirement"", ""requirement:r1""]",FAILED,1,0,cand-69f6554205db,False,0,0,0,0,0,0.00011550000635907054,0,0,0,0,"[""omitted_requirement""]"
trial-acd20cd16a328471d3,decisive-20260831-054125,reconciliation-L1-efcfe1ef4f8b,reconciliation,1,E_RANDOM_AUDITOR,qwen3.5:9b-q8_0,ollama,101,0,0.2,False,False,0.0,"[""r1""]","[""fault:unintended_side_effect+forced_requirement_violation"", ""requirement:r1""]",FAILED,1,0,cand-f64a15c34646,False,0,0,0,0,0,0.00012839998817071319,0,0,1,0,"[""unintended_side_effect+forced_requirement_violation""]"
trial-4b85d2eea51c6e7190,decisive-20260831-054125,reconciliation-L1-efcfe1ef4f8b,reconciliation,1,E_RANDOM_AUDITOR,qwen3.5:9b-q8_0,ollama,101,0,0.4,False,False,0.0,"[""r1""]","[""rejected_all""]",REJECTED_ALL,3,3,,False,0,0,0,0,0,0.00028879998717457056,0,3,0,0,"[""unintended_side_effect+forced_requirement_violation"", ""wrong_value""]"
trial-679a22b915f578cbc4,decisive-20260831-054125,reconciliation-L1-efcfe1ef4f8b,reconciliation,1,E_RANDOM_AUDITOR,qwen3.5:9b-q8_0,ollama,101,0,0.6,False,False,0.0,"[""r1""]","[""fault:wrong_value"", ""requirement:r1""]",FAILED,2,1,cand-deddcec5ec57,False,0,0,0,0,0,0.00018729997100308537,0,1,1,0,"[""wrong_value""]"
trial-2e32b3407c58a8ff38,decisive-20260831-054125,reconciliation-L1-efcfe1ef4f8b,reconciliation,1,E_RANDOM_AUDITOR,qwen3.5:9b-q8_0,ollama,101,0,0.8,False,False,0.0,"[""r1""]","[""fault:omitted_requirement"", ""requirement:r1""]",FAILED,1,0,cand-69f6554205db,False,0,0,0,0,0,0.00010649999603629112,0,0,1,0,"[""omitted_requirement""]"
trial-8f664d33875d37a1a4,decisive-20260831-054125,reconciliation-L1-efcfe1ef4f8b,reconciliation,1,E_RANDOM_AUDITOR,qwen3.5:9b-q8_0,ollama,101,0,0.95,False,False,1.0,[],"[""rejected_all""]",REJECTED_ALL,3,3,,False,0,0,0,0,0,0.0002090999623760581,0,0,0,3,[]
trial-5569de10623e19b98d,decisive-20260831-054125,reconciliation-L1-efcfe1ef4f8b,reconciliation,1,F_ORACLE_AUDITOR,qwen3.5:9b-q8_0,ollama,101,0,0.4,False,False,0.0,"[""r1""]","[""rejected_all""]",REJECTED_ALL,3,3,,False,0,0,0,0,0,0.00031230004969984293,0,3,0,0,"[""unintended_side_effect+forced_requirement_violation"", ""wrong_value""]"
trial-e2b96e5fc4f3696c91,decisive-20260831-054125,reconciliation-L1-efcfe1ef4f8b,reconciliation,1,F_ORACLE_AUDITOR,qwen3.5:9b-q8_0,ollama,101,0,0.6,False,False,0.0,"[""r1""]","[""rejected_all""]",REJECTED_ALL,3,3,,False,0,0,0,0,0,0.0002829000004567206,0,3,0,0,"[""unintended_side_effect+forced_requirement_violation"", ""wrong_value""]"
trial-f6683be97d0f804dba,decisive-20260831-054125,reconciliation-L2-e6dcae527519,reconciliation,2,C_SYSTEM,qwen3.5:9b-q8_0,ollama,101,0,0.2,False,False,0.8,"[""r5""]","[""fault:wrong_value"", ""requirement:r5""]",FAILED,1,0,cand-95634d74a546,False,0,0,0,0,0,0.00019320001592859626,0,0,0,0,"[""wrong_value""]"
trial-4c3dc84d479257e3bc,decisive-20260831-054125,reconciliation-L2-e6dcae527519,reconciliation,2,C_SYSTEM,qwen3.5:9b-q8_0,ollama,101,0,0.6,False,False,0.8,"[""r1""]","[""fault:unintended_side_effect+forced_requirement_violation"", ""requirement:r1""]",FAILED,1,0,cand-795f74148e90,False,0,0,0,0,0,0.0001976999919861555,0,0,0,0,"[""unintended_side_effect+forced_requirement_violation""]"
trial-22765266c8a15e2a06,decisive-20260831-054125,reconciliation-L2-e6dcae527519,reconciliation,2,E_RANDOM_AUDITOR,qwen3.5:9b-q8_0,ollama,101,0,0.2,False,False,0.8,"[""r1""]","[""fault:omitted_requirement"", ""requirement:r1""]",FAILED,3,2,cand-f33d22643984,False,0,0,0,0,0,0.0004734999965876341,0,1,1,1,"[""omitted_requirement"", ""wrong_value""]"
trial-0751adb1e6cc3d419a,decisive-20260831-054125,reconciliation-L2-e6dcae527519,reconciliation,2,E_RANDOM_AUDITOR,qwen3.5:9b-q8_0,ollama,101,0,0.4,False,False,0.8,"[""r4""]","[""fault:wrong_value"", ""requirement:r4""]",FAILED,2,1,cand-c1e04020375e,False,0,0,0,0,0,0.0003215000033378601,0,0,1,1,"[""wrong_value""]"
trial-4e47d46eb853d1d6dd,decisive-20260831-054125,reconciliation-L2-e6dcae527519,reconciliation,2,E_RANDOM_AUDITOR,qwen3.5:9b-q8_0,ollama,101,0,0.6,False,False,0.8,"[""r1""]","[""fault:unintended_side_effect+forced_requirement_violation"", ""requirement:r1""]",FAILED,1,0,cand-795f74148e90,False,0,0,0,0,0,0.00020539999241009355,0,0,1,0,"[""unintended_side_effect+forced_requirement_violation""]"
trial-2e262e86e110bfebc4,decisive-20260831-054125,reconciliation-L2-e6dcae527519,reconciliation,2,F_ORACLE_AUDITOR,qwen3.5:9b-q8_0,ollama,101,0,0.6,False,False,0.8,"[""r3""]","[""rejected_all""]",REJECTED_ALL,3,3,,False,0,0,0,0,0,0.0006315000355243683,0,3,0,0,"[""unintended_side_effect+forced_requirement_violation"", ""wrong_value""]"
trial-6221d36848fa3f1068,decisive-20260831-054125,reconciliation-L3-46d992c2c3ac,reconciliation,3,C_SYSTEM,qwen3.5:9b-q8_0,ollama,101,0,0.2,False,False,0.875,"[""r1""]","[""fault:unintended_side_effect+forced_requirement_violation"", ""requirement:r1""]",FAILED,1,0,cand-3345401e08b0,False,0,0,0,0,0,0.00027469999622553587,0,0,0,0,"[""unintended_side_effect+forced_requirement_violation""]"
trial-54938d10333837e304,decisive-20260831-054125,reconciliation-L3-46d992c2c3ac,reconciliation,3,C_SYSTEM,qwen3.5:9b-q8_0,ollama,101,0,0.4,False,False,0.875,"[""r2""]","[""fault:omitted_requirement"", ""requirement:r2""]",FAILED,1,0,cand-03522ac9fff3,False,0,0,0,0,0,0.0002519999979995191,0,0,0,0,"[""omitted_requirement""]"
trial-a3e0177acf10e416dc,decisive-20260831-054125,reconciliation-L3-46d992c2c3ac,reconciliation,3,C_SYSTEM,qwen3.5:9b-q8_0,ollama,101,0,0.6,False,False,0.875,"[""r5""]","[""fault:wrong_value"", ""requirement:r5""]",FAILED,1,0,cand-cfadc5054645,False,0,0,0,0,0,0.00024310004664584994,0,0,0,0,"[""wrong_value""]"
trial-bc823ae1e80a82053e,decisive-20260831-054125,reconciliation-L3-46d992c2c3ac,reconciliation,3,E_RANDOM_AUDITOR,qwen3.5:9b-q8_0,ollama,101,0,0.2,False,False,0.875,"[""r1""]","[""fault:unintended_side_effect+forced_requirement_violation"", ""requirement:r1""]",FAILED,1,0,cand-3345401e08b0,False,0,0,0,0,0,0.00027469999622553587,0,0,1,0,"[""unintended_side_effect+forced_requirement_violation""]"
trial-a3b640e0eb7ad7dacb,decisive-20260831-054125,reconciliation-L3-46d992c2c3ac,reconciliation,3,E_RANDOM_AUDITOR,qwen3.5:9b-q8_0,ollama,101,0,0.4,False,False,0.875,"[""r2""]","[""fault:omitted_requirement"", ""requirement:r2""]",FAILED,1,0,cand-03522ac9fff3,False,0,0,0,0,0,0.00021470000501722097,0,0,1,0,"[""omitted_requirement""]"
trial-391156c33ca116d54e,decisive-20260831-054125,reconciliation-L3-46d992c2c3ac,reconciliation,3,E_RANDOM_AUDITOR,qwen3.5:9b-q8_0,ollama,101,0,0.6,False,False,0.875,"[""r5""]","[""fault:wrong_value"", ""requirement:r5""]",FAILED,1,0,cand-cfadc5054645,False,0,0,0,0,0,0.0002148000057786703,0,0,1,0,"[""wrong_value""]"
trial-d3a327e5235eb99f6d,decisive-20260831-054125,reconciliation-L3-46d992c2c3ac,reconciliation,3,E_RANDOM_AUDITOR,qwen3.5:9b-q8_0,ollama,101,0,0.8,False,True,0.875,"[""r8""]","[""fault:omitted_requirement"", ""requirement:r8""]",FAILED,2,1,cand-d774a58c7ad2,False,0,0,0,0,0,0.00036560004809871316,0,0,1,1,"[""omitted_requirement""]"
trial-76dd9cc6b2aa0f9575,decisive-20260831-054125,reconciliation-L3-46d992c2c3ac,reconciliation,3,F_ORACLE_AUDITOR,qwen3.5:9b-q8_0,ollama,101,0,0.4,False,False,0.875,"[""r1""]","[""rejected_all""]",REJECTED_ALL,3,3,,False,0,0,0,0,0,0.0006582000060006976,0,3,0,0,"[""omitted_requirement"", ""unintended_side_effect+forced_requirement_violation"", ""wrong_value""]"
trial-8367df25273cfd1673,decisive-20260831-054125,reconciliation-L4-7dcf81e2137c,reconciliation,4,C_SYSTEM,qwen3.5:9b-q8_0,ollama,101,0,0.2,False,False,0.9,"[""r4""]","[""fault:omitted_requirement"", ""requirement:r4""]",FAILED,1,0,cand-d05da9acaee5,False,0,0,0,0,0,0.00027060002321377397,0,0,0,0,"[""omitted_requirement""]"
trial-c70c5effc19b1f7533,decisive-20260831-054125,reconciliation-L4-7dcf81e2137c,reconciliation,4,C_SYSTEM,qwen3.5:9b-q8_0,ollama,101,0,0.4,False,True,0.9,"[""r10""]","[""fault:wrong_value"", ""requirement:r10""]",FAILED,1,0,cand-020c77ef9af0,False,0,0,0,0,0,0.0002826999989338219,0,0,0,0,"[""wrong_value""]"
trial-d8280785d3aee7adca,decisive-20260831-054125,reconciliation-L4-7dcf81e2137c,reconciliation,4,C_SYSTEM,qwen3.5:9b-q8_0,ollama,101,0,0.6,False,False,0.9,"[""r1""]","[""fault:omitted_requirement"", ""requirement:r1""]",FAILED,1,0,cand-efe1971c5bf6,False,0,0,0,0,0,0.0002759000053629279,0,0,0,0,"[""omitted_requirement""]"
trial-cfaca56aea0a72d5e5,decisive-20260831-054125,reconciliation-L4-7dcf81e2137c,reconciliation,4,E_RANDOM_AUDITOR,qwen3.5:9b-q8_0,ollama,101,0,0.2,False,False,0.9,"[""r4""]","[""fault:omitted_requirement"", ""requirement:r4""]",FAILED,1,0,cand-d05da9acaee5,False,0,0,0,0,0,0.0002848999574780464,0,0,1,0,"[""omitted_requirement""]"
trial-04e71efc8326da56dd,decisive-20260831-054125,reconciliation-L4-7dcf81e2137c,reconciliation,4,E_RANDOM_AUDITOR,qwen3.5:9b-q8_0,ollama,101,0,0.4,False,True,0.9,"[""r10""]","[""fault:wrong_value"", ""requirement:r10""]",FAILED,1,0,cand-020c77ef9af0,False,0,0,0,0,0,0.00028709997422993183,0,0,1,0,"[""wrong_value""]"
trial-1797b1c8a590e948b6,decisive-20260831-054125,reconciliation-L4-7dcf81e2137c,reconciliation,4,E_RANDOM_AUDITOR,qwen3.5:9b-q8_0,ollama,101,0,0.6,False,False,0.9,"[""r5""]","[""fault:omitted_requirement"", ""requirement:r5""]",FAILED,2,1,cand-d0d2be0d4746,False,0,0,0,0,0,0.0005207000067457557,0,1,1,0,"[""omitted_requirement""]"
trial-b7934ec8bcc5b536af,decisive-20260831-054125,reconciliation-L4-7dcf81e2137c,reconciliation,4,F_ORACLE_AUDITOR,qwen3.5:9b-q8_0,ollama,101,0,0.2,False,False,0.9,"[""r10""]","[""rejected_all""]",REJECTED_ALL,3,3,,False,0,0,0,0,0,0.0008567000040784478,0,3,0,0,"[""omitted_requirement"", ""wrong_value""]"
trial-e8b46d648b19041e15,decisive-20260831-054125,reconciliation-L4-7dcf81e2137c,reconciliation,4,F_ORACLE_AUDITOR,qwen3.5:9b-q8_0,ollama,101,0,0.4,False,False,0.9,"[""r4""]","[""rejected_all""]",REJECTED_ALL,3,3,,False,0,0,0,0,0,0.000762399984523654,0,3,0,0,"[""omitted_requirement"", ""unintended_side_effect+forced_requirement_violation"", ""wrong_value""]"
trial-6db761ea87aaf387b5,decisive-20260831-054125,reconciliation-L4-7dcf81e2137c,reconciliation,4,F_ORACLE_AUDITOR,qwen3.5:9b-q8_0,ollama,101,0,0.6,False,False,0.9,"[""r1""]","[""rejected_all""]",REJECTED_ALL,3,3,,False,0,0,0,0,0,0.0007294999668374658,0,3,0,0,"[""omitted_requirement""]"
trial-f4e2769e81c9d02018,decisive-20260831-054125,state-L1-45182e92dc07,state,1,C_SYSTEM,qwen3.5:9b-q8_0,ollama,101,1,0.8,False,False,0.0,"[""r1""]","[""fault:omitted_requirement"", ""requirement:r1""]",FAILED,1,0,cand-8fd04e17552b,False,0,0,0,0,0,9.459996363148093e-05,0,0,0,0,"[""omitted_requirement""]"
trial-17c5b9ad858a5dfdb7,decisive-20260831-054125,state-L2-21ac583b8707,state,2,C_SYSTEM,qwen3.5:9b-q8_0,ollama,101,1,0.2,False,False,0.75,"[""r3""]","[""fault:omitted_requirement"", ""requirement:r3""]",FAILED,1,0,cand-acea6f8c600b,False,0,0,0,0,0,0.00016759999562054873,0,0,0,0,"[""omitted_requirement""]"
trial-1fec17ac0cd5f31253,decisive-20260831-054125,state-L2-21ac583b8707,state,2,C_SYSTEM,qwen3.5:9b-q8_0,ollama,101,1,0.4,False,False,0.75,"[""r2""]","[""fault:omitted_requirement"", ""requirement:r2""]",FAILED,1,0,cand-1bc0547d5eca,False,0,0,0,0,0,0.00015050004003569484,0,0,0,0,"[""omitted_requirement""]"
trial-cd74d06b5aa382c4c7,decisive-20260831-054125,state-L2-21ac583b8707,state,2,E_RANDOM_AUDITOR,qwen3.5:9b-q8_0,ollama,101,1,0.2,False,False,0.75,"[""r1""]","[""fault:unintended_side_effect+forced_requirement_violation"", ""requirement:r1""]",FAILED,2,1,cand-00e30a040cc6,False,0,0,0,0,0,0.0002924000145867467,0,1,1,0,"[""omitted_requirement"", ""unintended_side_effect+forced_requirement_violation""]"
trial-315a567719ce8308c4,decisive-20260831-054125,state-L2-21ac583b8707,state,2,E_RANDOM_AUDITOR,qwen3.5:9b-q8_0,ollama,101,1,0.8,False,False,0.75,"[""r4""]","[""fault:omitted_requirement"", ""requirement:r4""]",FAILED,2,1,cand-bcbc08bc59e8,False,0,0,0,0,0,0.0002476999652571976,0,0,1,1,"[""omitted_requirement""]"
trial-0c25f734fa072e4a43,decisive-20260831-054125,state-L2-21ac583b8707,state,2,E_RANDOM_AUDITOR,qwen3.5:9b-q8_0,ollama,101,1,0.95,False,False,1.0,[],"[""rejected_all""]",REJECTED_ALL,3,3,,False,0,0,0,0,0,0.00031970004783943295,0,0,0,3,[]
trial-5f7f873d623487625b,decisive-20260831-054125,state-L3-77d0f95bbc7d,state,3,C_SYSTEM,qwen3.5:9b-q8_0,ollama,101,1,0.2,False,False,0.8333333333333334,"[""r4""]","[""fault:wrong_value"", ""requirement:r4""]",FAILED,1,0,cand-36da0d413c7c,False,0,0,0,0,0,0.000188400037586689,0,0,0,0,"[""wrong_value""]"
trial-795e7cc8e7c6ff3bf4,decisive-20260831-054125,state-L3-77d0f95bbc7d,state,3,C_SYSTEM,qwen3.5:9b-q8_0,ollama,101,1,0.6,False,False,0.8333333333333334,"[""r1""]","[""fault:unintended_side_effect+forced_requirement_violation"", ""requirement:r1""]",FAILED,1,0,cand-004e4d8ba007,False,0,0,0,0,0,0.00019799999427050352,0,0,0,0,"[""unintended_side_effect+forced_requirement_violation""]"
trial-e5b1a7245781a05932,decisive-20260831-054125,state-L3-77d0f95bbc7d,state,3,E_RANDOM_AUDITOR,qwen3.5:9b-q8_0,ollama,101,1,0.2,False,False,0.8333333333333334,"[""r3""]","[""fault:omitted_requirement"", ""requirement:r3""]",FAILED,2,1,cand-426f5ddc0bd7,False,0,0,0,0,0,0.00034090003464370966,0,1,1,0,"[""omitted_requirement"", ""wrong_value""]"
trial-664ddf080fb5827214,decisive-20260831-054125,state-L3-77d0f95bbc7d,state,3,E_RANDOM_AUDITOR,qwen3.5:9b-q8_0,ollama,101,1,0.4,False,False,0.8333333333333334,"[""r4""]","[""rejected_all""]",REJECTED_ALL,3,3,,False,0,0,0,0,0,0.0005642000469379127,0,1,0,2,"[""wrong_value""]"
trial-af3bfec966c5c16612,decisive-20260831-054125,state-L3-77d0f95bbc7d,state,3,E_RANDOM_AUDITOR,qwen3.5:9b-q8_0,ollama,101,1,0.8,False,False,1.0,[],"[""rejected_all""]",REJECTED_ALL,3,3,,False,0,0,0,0,0,0.000451300002168864,0,1,0,2,"[""omitted_requirement""]"
trial-15c78b4f751f982452,decisive-20260831-054125,state-L3-77d0f95bbc7d,state,3,F_ORACLE_AUDITOR,qwen3.5:9b-q8_0,ollama,101,1,0.2,False,False,0.8333333333333334,"[""r2""]","[""rejected_all""]",REJECTED_ALL,3,3,,False,0,0,0,0,0,0.0004846000229008496,0,3,0,0,"[""omitted_requirement"", ""wrong_value""]"
trial-a01226aa55c832c5f8,decisive-20260831-054125,state-L4-bef59977592f,state,4,C_SYSTEM,qwen3.5:9b-q8_0,ollama,101,1,0.2,False,False,0.9230769230769231,"[""r12""]","[""fault:omitted_requirement"", ""requirement:r12""]",FAILED,1,0,cand-3fdceb025106,False,0,0,0,0,0,0.00028740003472194076,0,0,0,0,"[""omitted_requirement""]"
trial-f4c91ad141c5e815ae,decisive-20260831-054125,state-L4-bef59977592f,state,4,E_RANDOM_AUDITOR,qwen3.5:9b-q8_0,ollama,101,1,0.2,False,False,0.9230769230769231,"[""r12""]","[""fault:omitted_requirement"", ""requirement:r12""]",FAILED,1,0,cand-3fdceb025106,False,0,0,0,0,0,0.00029420002829283476,0,0,1,0,"[""omitted_requirement""]"
trial-3d4fe2b34e808883b7,decisive-20260831-054125,state-L4-bef59977592f,state,4,E_RANDOM_AUDITOR,qwen3.5:9b-q8_0,ollama,101,1,0.4,False,False,0.9230769230769231,"[""r1""]","[""fault:wrong_value"", ""requirement:r1""]",FAILED,3,2,cand-6368a966ad8d,False,0,0,0,0,0,0.0006818999536335468,0,0,1,2,"[""wrong_value""]"
trial-54900cca4ac2b98fd3,decisive-20260831-054125,state-L4-bef59977592f,state,4,F_ORACLE_AUDITOR,qwen3.5:9b-q8_0,ollama,101,1,0.2,False,False,0.9230769230769231,"[""r8""]","[""rejected_all""]",REJECTED_ALL,3,3,,False,0,0,0,0,0,0.0008039000094868243,0,3,0,0,"[""omitted_requirement"", ""unintended_side_effect+forced_requirement_violation""]"
trial-1a84f50b95030f9b7b,decisive-20260831-054125,policy-L1-07bbbe7d5396,policy,1,C_SYSTEM,qwen3.5:9b-q8_0,ollama,101,1,0.2,False,False,0.5,"[""r1""]","[""fault:forbidden_procedure+forced_requirement_violation"", ""requirement:r1""]",FAILED,1,0,cand-f274bed8dbbc,False,0,0,0,0,0,0.00011640001321211457,0,0,0,0,"[""forbidden_procedure+forced_requirement_violation""]"
trial-a053881cf8c8f13db0,decisive-20260831-054125,policy-L1-07bbbe7d5396,policy,1,C_SYSTEM,qwen3.5:9b-q8_0,ollama,101,1,0.4,False,False,0.5,"[""r1""]","[""fault:unintended_side_effect+forced_requirement_violation"", ""requirement:r1""]",FAILED,1,0,cand-e71dc0c27752,False,0,0,0,0,0,0.00012049998622387648,0,0,0,0,"[""unintended_side_effect+forced_requirement_violation""]"
trial-19ed572791e7b180ab,decisive-20260831-054125,policy-L1-07bbbe7d5396,policy,1,C_SYSTEM,qwen3.5:9b-q8_0,ollama,101,1,0.8,False,False,0.5,"[""r2""]","[""fault:omitted_requirement"", ""requirement:r2""]",FAILED,1,0,cand-af4ae97e0f9f,False,0,0,0,0,0,0.00010309997014701366,0,0,0,0,"[""omitted_requirement""]"
trial-087203c1337235ba87,decisive-20260831-054125,policy-L1-07bbbe7d5396,policy,1,E_RANDOM_AUDITOR,qwen3.5:9b-q8_0,ollama,101,1,0.2,False,False,0.5,"[""r2""]","[""rejected_all""]",REJECTED_ALL,3,3,,False,0,0,0,0,0,0.00027000001864507794,0,3,0,0,"[""forbidden_procedure+forced_requirement_violation"", ""omitted_requirement""]"
trial-dc1c6f8407d52dad77,decisive-20260831-054125,policy-L1-07bbbe7d5396,policy,1,E_RANDOM_AUDITOR,qwen3.5:9b-q8_0,ollama,101,1,0.6,False,False,1.0,[],"[""rejected_all""]",REJECTED_ALL,3,3,,False,0,0,0,0,0,0.00024209998082369566,0,1,0,2,"[""forbidden_procedure+forced_requirement_violation""]"
trial-863b2680812c3c79c4,decisive-20260831-054125,policy-L1-07bbbe7d5396,policy,1,E_RANDOM_AUDITOR,qwen3.5:9b-q8_0,ollama,101,1,0.8,False,False,0.5,"[""r2""]","[""fault:omitted_requirement"", ""requirement:r2""]",FAILED,1,0,cand-af4ae97e0f9f,False,0,0,0,0,0,0.00011280004400759935,0,0,1,0,"[""omitted_requirement""]"
trial-9708808ad16a818675,decisive-20260831-054125,policy-L1-07bbbe7d5396,policy,1,E_RANDOM_AUDITOR,qwen3.5:9b-q8_0,ollama,101,1,0.95,False,False,1.0,[],"[""rejected_all""]",REJECTED_ALL,3,3,,False,0,0,0,0,0,0.00021049997303634882,0,0,0,3,[]
trial-bffbc193e9be0986fb,decisive-20260831-054125,policy-L1-07bbbe7d5396,policy,1,F_ORACLE_AUDITOR,qwen3.5:9b-q8_0,ollama,101,1,0.2,False,False,0.5,"[""r2""]","[""rejected_all""]",REJECTED_ALL,3,3,,False,0,0,0,0,0,0.00026679999427869916,0,3,0,0,"[""forbidden_procedure+forced_requirement_violation"", ""omitted_requirement""]"
trial-d369dde93e15c60087,decisive-20260831-054125,policy-L2-ae5db2fbd97c,policy,2,C_SYSTEM,qwen3.5:9b-q8_0,ollama,101,1,0.2,False,False,0.8,"[""r1""]","[""fault:unintended_side_effect+forced_requirement_violation"", ""requirement:r1""]",FAILED,1,0,cand-5f79c1545352,False,0,0,0,0,0,0.00015670002903789282,0,0,0,0,"[""unintended_side_effect+forced_requirement_violation""]"
trial-083f9b0b97bc8ea771,decisive-20260831-054125,policy-L2-ae5db2fbd97c,policy,2,E_RANDOM_AUDITOR,qwen3.5:9b-q8_0,ollama,101,1,0.2,False,False,0.8,"[""r1""]","[""fault:unintended_side_effect+forced_requirement_violation"", ""requirement:r1""]",FAILED,2,1,cand-08cb984cfd5f,False,0,0,0,0,0,0.00027600000612437725,0,1,1,0,"[""unintended_side_effect+forced_requirement_violation""]"
trial-a4da59705b48ab675d,decisive-20260831-054125,policy-L2-ae5db2fbd97c,policy,2,E_RANDOM_AUDITOR,qwen3.5:9b-q8_0,ollama,101,1,0.4,False,False,0.8,"[""r5""]","[""fault:ordering_violation"", ""requirement:r5""]",FAILED,2,1,cand-7765f8e97fea,False,0,0,0,0,0,0.00027269998099654913,0,0,1,1,"[""ordering_violation""]"
trial-cb7e6bd789c0e7a626,decisive-20260831-054125,policy-L2-ae5db2fbd97c,policy,2,F_ORACLE_AUDITOR,qwen3.5:9b-q8_0,ollama,101,1,0.2,False,False,0.8,"[""r1""]","[""rejected_all""]",REJECTED_ALL,3,3,,False,0,0,0,0,0,0.00037619995418936014,0,3,0,0,"[""unintended_side_effect+forced_requirement_violation""]"
trial-c42ae6e55e22e69d68,decisive-20260831-054125,policy-L3-dad7db66bb61,policy,3,C_SYSTEM,qwen3.5:9b-q8_0,ollama,101,1,0.2,False,True,0.8888888888888888,"[""r8""]","[""fault:forbidden_procedure"", ""requirement:r8""]",FAILED,1,0,cand-677f6c41f146,False,0,0,0,0,0,0.00018060003640130162,0,0,0,0,"[""forbidden_procedure""]"
trial-19e7b798a5393bdafe,decisive-20260831-054125,policy-L3-dad7db66bb61,policy,3,C_SYSTEM,qwen3.5:9b-q8_0,ollama,101,1,0.4,False,False,0.8888888888888888,"[""r9""]","[""fault:ordering_violation"", ""requirement:r9""]",FAILED,1,0,cand-b60cea7e1f12,False,0,0,0,0,0,0.00018960004672408104,0,0,0,0,"[""ordering_violation""]"
trial-7570a2b2ab2cf6acf0,decisive-20260831-054125,policy-L3-dad7db66bb61,policy,3,E_RANDOM_AUDITOR,qwen3.5:9b-q8_0,ollama,101,1,0.2,False,False,0.8888888888888888,"[""r5""]","[""fault:omitted_requirement"", ""requirement:r5""]",FAILED,2,1,cand-8657ccdaaae5,False,0,0,0,0,0,0.0003279999946244061,0,1,1,0,"[""forbidden_procedure"", ""omitted_requirement""]"
trial-da6ca9282451b3fb68,decisive-20260831-054125,policy-L3-dad7db66bb61,policy,3,E_RANDOM_AUDITOR,qwen3.5:9b-q8_0,ollama,101,1,0.4,False,False,0.8888888888888888,"[""r9""]","[""fault:ordering_violation"", ""requirement:r9""]",FAILED,1,0,cand-b60cea7e1f12,False,0,0,0,0,0,0.00022029998945072293,0,0,1,0,"[""ordering_violation""]"
trial-a262f8adf727ec6b0b,decisive-20260831-054125,policy-L3-dad7db66bb61,policy,3,F_ORACLE_AUDITOR,qwen3.5:9b-q8_0,ollama,101,1,0.2,False,False,0.8888888888888888,"[""r4""]","[""rejected_all""]",REJECTED_ALL,3,3,,False,0,0,0,0,0,0.00036939996061846614,0,3,0,0,"[""forbidden_procedure"", ""omitted_requirement"", ""wrong_value""]"
trial-1bdc1ebb481f606342,decisive-20260831-054125,policy-L4-820fa8d67aae,policy,4,C_SYSTEM,qwen3.5:9b-q8_0,ollama,101,1,0.2,False,False,0.9230769230769231,"[""r13""]","[""fault:ordering_violation"", ""requirement:r13""]",FAILED,1,0,cand-7573b04fd113,False,0,0,0,0,0,0.0001944000250659883,0,0,0,0,"[""ordering_violation""]"
trial-c4200659a008e60942,decisive-20260831-054125,policy-L4-820fa8d67aae,policy,4,C_SYSTEM,qwen3.5:9b-q8_0,ollama,101,1,0.4,False,False,0.9230769230769231,"[""r4""]","[""fault:omitted_requirement"", ""requirement:r4""]",FAILED,1,0,cand-4cc91e3d8dd8,False,0,0,0,0,0,0.00021490000654011965,0,0,0,0,"[""omitted_requirement""]"
trial-3cf84b8a5dedd059d9,decisive-20260831-054125,policy-L4-820fa8d67aae,policy,4,C_SYSTEM,qwen3.5:9b-q8_0,ollama,101,1,0.8,False,False,0.9230769230769231,"[""r13""]","[""fault:ordering_violation"", ""requirement:r13""]",FAILED,1,0,cand-5c3dab34b91e,False,0,0,0,0,0,0.00019350001821294427,0,0,0,0,"[""ordering_violation""]"
trial-8aa9ecb38642234269,decisive-20260831-054125,policy-L4-820fa8d67aae,policy,4,E_RANDOM_AUDITOR,qwen3.5:9b-q8_0,ollama,101,1,0.2,False,False,0.9230769230769231,"[""r13""]","[""fault:ordering_violation"", ""requirement:r13""]",FAILED,1,0,cand-7573b04fd113,False,0,0,0,0,0,0.00028709997422993183,0,0,1,0,"[""ordering_violation""]"
trial-329c2b036806c7e5ad,decisive-20260831-054125,policy-L4-820fa8d67aae,policy,4,E_RANDOM_AUDITOR,qwen3.5:9b-q8_0,ollama,101,1,0.8,False,False,0.9230769230769231,"[""r13""]","[""fault:ordering_violation"", ""requirement:r13""]",FAILED,1,0,cand-5c3dab34b91e,False,0,0,0,0,0,0.000188700039871037,0,0,1,0,"[""ordering_violation""]"
trial-e71fd4ed340a1412b6,decisive-20260831-054125,policy-L4-820fa8d67aae,policy,4,F_ORACLE_AUDITOR,qwen3.5:9b-q8_0,ollama,101,1,0.2,False,False,0.9230769230769231,"[""r13""]","[""rejected_all""]",REJECTED_ALL,3,3,,False,0,0,0,0,0,0.0004372000112198293,0,3,0,0,"[""forbidden_procedure"", ""ordering_violation""]"
trial-d314922a220596e10c,decisive-20260831-054125,reconciliation-L1-3b9a63f9631f,reconciliation,1,C_SYSTEM,qwen3.5:9b-q8_0,ollama,101,1,0.95,False,False,0.0,"[""r1""]","[""fault:omitted_requirement"", ""requirement:r1""]",FAILED,1,0,cand-3e10ccf239f5,False,0,0,0,0,0,8.3099992480129e-05,0,0,0,0,"[""omitted_requirement""]"
trial-a8504d5da8289aeb03,decisive-20260831-054125,reconciliation-L1-3b9a63f9631f,reconciliation,1,E_RANDOM_AUDITOR,qwen3.5:9b-q8_0,ollama,101,1,0.95,False,False,0.0,"[""r1""]","[""fault:omitted_requirement"", ""requirement:r1""]",FAILED,1,0,cand-3e10ccf239f5,False,0,0,0,0,0,9.90999978967011e-05,0,0,1,0,"[""omitted_requirement""]"
trial-02bebb395078943819,decisive-20260831-054125,reconciliation-L2-8aa5e485f076,reconciliation,2,C_SYSTEM,qwen3.5:9b-q8_0,ollama,101,1,0.2,False,False,0.8,"[""r1""]","[""fault:unintended_side_effect+forced_requirement_violation"", ""requirement:r1""]",FAILED,1,0,cand-42221922cb0c,False,0,0,0,0,0,0.00018620002083480358,0,0,0,0,"[""unintended_side_effect+forced_requirement_violation""]"
trial-6eb47005b6c8bfe257,decisive-20260831-054125,reconciliation-L2-8aa5e485f076,reconciliation,2,C_SYSTEM,qwen3.5:9b-q8_0,ollama,101,1,0.4,False,False,0.8,"[""r1""]","[""fault:unintended_side_effect+forced_requirement_violation"", ""requirement:r1""]",FAILED,1,0,cand-ed2c815229d9,False,0,0,0,0,0,0.0002125999890267849,0,0,0,0,"[""unintended_side_effect+forced_requirement_violation""]"
trial-3182418197fad773c1,decisive-20260831-054125,reconciliation-L2-8aa5e485f076,reconciliation,2,E_RANDOM_AUDITOR,qwen3.5:9b-q8_0,ollama,101,1,0.2,False,False,0.8,"[""r1""]","[""rejected_all""]",REJECTED_ALL,3,3,,False,0,0,0,0,0,0.0006219000206328928,0,3,0,0,"[""unintended_side_effect+forced_requirement_violation"", ""wrong_value""]"
trial-042bb92b43b5ab5327,decisive-20260831-054125,reconciliation-L2-8aa5e485f076,reconciliation,2,F_ORACLE_AUDITOR,qwen3.5:9b-q8_0,ollama,101,1,0.2,False,False,0.8,"[""r1""]","[""rejected_all""]",REJECTED_ALL,3,3,,False,0,0,0,0,0,0.0005219999584369361,0,3,0,0,"[""unintended_side_effect+forced_requirement_violation"", ""wrong_value""]"
trial-bb3dbdb2528ce512f4,decisive-20260831-054125,reconciliation-L3-9413ff21957f,reconciliation,3,C_SYSTEM,qwen3.5:9b-q8_0,ollama,101,1,0.4,False,True,0.8333333333333334,"[""r6""]","[""fault:wrong_value"", ""requirement:r6""]",FAILED,1,0,cand-1c06c6e35d5b,False,0,0,0,0,0,0.00020670000230893493,0,0,0,0,"[""wrong_value""]"
trial-4d882153e0a9a88aa8,decisive-20260831-054125,reconciliation-L3-9413ff21957f,reconciliation,3,C_SYSTEM,qwen3.5:9b-q8_0,ollama,101,1,0.8,False,False,0.8333333333333334,"[""r3""]","[""fault:wrong_value"", ""requirement:r3""]",FAILED,1,0,cand-29a3342e89c4,False,0,0,0,0,0,0.00019970000721514225,0,0,0,0,"[""wrong_value""]"
trial-ed6a0587c4bd9587d5,decisive-20260831-054125,reconciliation-L3-9413ff21957f,reconciliation,3,E_RANDOM_AUDITOR,qwen3.5:9b-q8_0,ollama,101,1,0.2,False,True,0.8333333333333334,"[""r6""]","[""fault:wrong_value"", ""requirement:r6""]",FAILED,2,1,cand-94c571b9629b,False,0,0,0,0,0,0.0003591999993659556,0,0,1,1,"[""wrong_value""]"
trial-38eba10dfd4d429dbd,decisive-20260831-054125,reconciliation-L3-9413ff21957f,reconciliation,3,E_RANDOM_AUDITOR,qwen3.5:9b-q8_0,ollama,101,1,0.4,False,False,0.8333333333333334,"[""r6""]","[""rejected_all""]",REJECTED_ALL,3,3,,False,0,0,0,0,0,0.0005344999954104424,0,3,0,0,"[""omitted_requirement"", ""wrong_value""]"
trial-0d088500af75ce701d,decisive-20260831-054125,reconciliation-L3-9413ff21957f,reconciliation,3,E_RANDOM_AUDITOR,qwen3.5:9b-q8_0,ollama,101,1,0.8,False,False,1.0,[],"[""rejected_all""]",REJECTED_ALL,3,3,,False,0,0,0,0,0,0.00047720002476125956,0,1,0,2,"[""wrong_value""]"
trial-c4300d48e657b1622d,decisive-20260831-054125,reconciliation-L3-9413ff21957f,reconciliation,3,F_ORACLE_AUDITOR,qwen3.5:9b-q8_0,ollama,101,1,0.4,False,False,0.8333333333333334,"[""r6""]","[""rejected_all""]",REJECTED_ALL,3,3,,False,0,0,0,0,0,0.0003838999546132982,0,3,0,0,"[""omitted_requirement"", ""wrong_value""]"
trial-36aeb4b3da4d752baf,decisive-20260831-054125,reconciliation-L4-6c0b4bd6fe2e,reconciliation,4,C_SYSTEM,qwen3.5:9b-q8_0,ollama,101,1,0.2,False,False,0.9,"[""r9""]","[""fault:wrong_value"", ""requirement:r9""]",FAILED,1,0,cand-8ba5ae8de2fa,False,0,0,0,0,0,0.0002125999890267849,0,0,0,0,"[""wrong_value""]"
trial-2fe40c55470ceaeb57,decisive-20260831-054125,reconciliation-L4-6c0b4bd6fe2e,reconciliation,4,E_RANDOM_AUDITOR,qwen3.5:9b-q8_0,ollama,101,1,0.2,False,False,0.9,"[""r9""]","[""fault:wrong_value"", ""requirement:r9""]",FAILED,1,0,cand-8ba5ae8de2fa,False,0,0,0,0,0,0.000235699990298599,0,0,1,0,"[""wrong_value""]"
trial-8c2ceadd5f157a6aa8,decisive-20260831-054125,reconciliation-L4-6c0b4bd6fe2e,reconciliation,4,E_RANDOM_AUDITOR,qwen3.5:9b-q8_0,ollama,101,1,0.8,False,False,1.0,[],"[""rejected_all""]",REJECTED_ALL,3,3,,False,0,0,0,0,0,0.000437700015027076,0,0,0,3,[]
trial-c1db6bb11c8c2a3d23,decisive-20260831-054125,reconciliation-L4-6c0b4bd6fe2e,reconciliation,4,E_RANDOM_AUDITOR,qwen3.5:9b-q8_0,ollama,101,1,0.95,False,False,1.0,[],"[""rejected_all""]",REJECTED_ALL,3,3,,False,0,0,0,0,0,0.00040990003617480397,0,0,0,3,[]
trial-5e859f87f4b368d49e,decisive-20260831-054125,reconciliation-L4-6c0b4bd6fe2e,reconciliation,4,F_ORACLE_AUDITOR,qwen3.5:9b-q8_0,ollama,101,1,0.2,False,False,0.9,"[""r8""]","[""rejected_all""]",REJECTED_ALL,3,3,,False,0,0,0,0,0,0.0005234999698586762,0,3,0,0,"[""wrong_value""]"
trial-3c512dea63ff535cd8,decisive-20260831-054125,state-L1-eca1466e061d,state,1,C_SYSTEM,qwen3.5:9b-q8_0,ollama,101,2,0.2,False,False,0.5,"[""r1""]","[""fault:unintended_side_effect+forced_requirement_violation"", ""requirement:r1""]",FAILED,1,0,cand-503b5fef1e62,False,0,0,0,0,0,0.0001677999971434474,0,0,0,0,"[""unintended_side_effect+forced_requirement_violation""]"
trial-22fc738c4d45ed8c32,decisive-20260831-054125,state-L1-eca1466e061d,state,1,E_RANDOM_AUDITOR,qwen3.5:9b-q8_0,ollama,101,2,0.2,False,False,0.5,"[""r1""]","[""fault:unintended_side_effect+forced_requirement_violation"", ""requirement:r1""]",FAILED,3,2,cand-447e04d64221,False,0,0,0,0,0,0.0003630999708548188,0,2,1,0,"[""unintended_side_effect+forced_requirement_violation""]"
trial-834a097089d10c4ce4,decisive-20260831-054125,state-L1-eca1466e061d,state,1,F_ORACLE_AUDITOR,qwen3.5:9b-q8_0,ollama,101,2,0.2,False,False,0.5,"[""r1""]","[""rejected_all""]",REJECTED_ALL,3,3,,False,0,0,0,0,0,0.00042799999937415123,0,3,0,0,"[""unintended_side_effect+forced_requirement_violation""]"
trial-16e6202c17ec78fd83,decisive-20260831-054125,state-L2-fd1bae17e5a1,state,2,C_SYSTEM,qwen3.5:9b-q8_0,ollama,101,2,0.2,False,False,0.75,"[""r4""]","[""fault:wrong_value"", ""requirement:r4""]",FAILED,1,0,cand-eeaa560afcac,False,0,0,0,0,0,0.0001810999820008874,0,0,0,0,"[""wrong_value""]"
trial-295e0983efc26b302c,decisive-20260831-054125,state-L2-fd1bae17e5a1,state,2,E_RANDOM_AUDITOR,qwen3.5:9b-q8_0,ollama,101,2,0.2,False,False,0.75,"[""r1""]","[""fault:unintended_side_effect+forced_requirement_violation"", ""requirement:r1""]",FAILED,2,1,cand-701e26a91b23,False,0,0,0,0,0,0.0002589999930933118,0,1,1,0,"[""unintended_side_effect+forced_requirement_violation"", ""wrong_value""]"
trial-44fc4e2a444f936c28,decisive-20260831-054125,state-L2-fd1bae17e5a1,state,2,E_RANDOM_AUDITOR,qwen3.5:9b-q8_0,ollama,101,2,0.6,False,False,0.75,"[""r4""]","[""fault:wrong_value"", ""requirement:r4""]",FAILED,2,1,cand-c3a9d53cf7db,False,0,0,0,0,0,0.0002495000371709466,0,0,1,1,"[""wrong_value""]"
trial-3844cf135af97fd63d,decisive-20260831-054125,state-L2-fd1bae17e5a1,state,2,F_ORACLE_AUDITOR,qwen3.5:9b-q8_0,ollama,101,2,0.2,False,False,0.75,"[""r1""]","[""rejected_all""]",REJECTED_ALL,3,3,,False,0,0,0,0,0,0.00035399995977059007,0,3,0,0,"[""unintended_side_effect+forced_requirement_violation"", ""wrong_value""]"
trial-4d189e0b1395c70c49,decisive-20260831-054125,state-L3-d553f2169d66,state,3,C_SYSTEM,qwen3.5:9b-q8_0,ollama,101,2,0.2,False,True,0.8333333333333334,"[""r6""]","[""fault:omitted_requirement"", ""requirement:r6""]",FAILED,1,0,cand-cfcd14d4cc9b,False,0,0,0,0,0,0.0001604999997653067,0,0,0,0,"[""omitted_requirement""]"
trial-88146330b62c0fc60e,decisive-20260831-054125,state-L3-d553f2169d66,state,3,C_SYSTEM,qwen3.5:9b-q8_0,ollama,101,2,0.6,False,False,0.8333333333333334,"[""r4""]","[""fault:wrong_value"", ""requirement:r4""]",FAILED,1,0,cand-a187b708e8c5,False,0,0,0,0,0,0.0002060999977402389,0,0,0,0,"[""wrong_value""]"
trial-1aa51fd0e5f59ddd60,decisive-20260831-054125,state-L3-d553f2169d66,state,3,E_RANDOM_AUDITOR,qwen3.5:9b-q8_0,ollama,101,2,0.2,False,False,0.8333333333333334,"[""r1""]","[""rejected_all""]",REJECTED_ALL,3,3,,False,0,0,0,0,0,0.00038570002652704716,0,3,0,0,"[""omitted_requirement"", ""unintended_side_effect+forced_requirement_violation""]"
trial-c497f0d553fbe7d5b0,decisive-20260831-054125,state-L3-d553f2169d66,state,3,E_RANDOM_AUDITOR,qwen3.5:9b-q8_0,ollama,101,2,0.6,False,False,0.8333333333333334,"[""r4""]","[""fault:wrong_value"", ""requirement:r4""]",FAILED,1,0,cand-a187b708e8c5,False,0,0,0,0,0,0.00022849999368190765,0,0,1,0,"[""wrong_value""]"
trial-56927ebadce63086e2,decisive-20260831-054125,state-L3-d553f2169d66,state,3,F_ORACLE_AUDITOR,qwen3.5:9b-q8_0,ollama,101,2,0.2,False,False,0.8333333333333334,"[""r1""]","[""rejected_all""]",REJECTED_ALL,3,3,,False,0,0,0,0,0,0.000367300002835691,0,3,0,0,"[""omitted_requirement"", ""unintended_side_effect+forced_requirement_violation""]"
trial-6193df335f974fcb6a,decisive-20260831-054125,state-L4-1395494fa396,state,4,C_SYSTEM,qwen3.5:9b-q8_0,ollama,101,2,0.2,False,False,0.9333333333333333,"[""r6""]","[""fault:wrong_value"", ""requirement:r6""]",FAILED,1,0,cand-5c5331984093,False,0,0,0,0,0,0.00026780000189319253,0,0,0,0,"[""wrong_value""]"
trial-c30b05647bcf8625e1,decisive-20260831-054125,state-L4-1395494fa396,state,4,E_RANDOM_AUDITOR,qwen3.5:9b-q8_0,ollama,101,2,0.2,False,False,0.9333333333333333,"[""r6""]","[""fault:wrong_value"", ""requirement:r6""]",FAILED,1,0,cand-5c5331984093,False,0,0,0,0,0,0.00025919999461621046,0,0,1,0,"[""wrong_value""]"
trial-abe1b9c1d4a382078f,decisive-20260831-054125,state-L4-1395494fa396,state,4,F_ORACLE_AUDITOR,qwen3.5:9b-q8_0,ollama,101,2,0.2,False,False,0.9333333333333333,"[""r6""]","[""rejected_all""]",REJECTED_ALL,3,3,,False,0,0,0,0,0,0.0005709999823011458,0,3,0,0,"[""omitted_requirement"", ""wrong_value""]"
trial-34c34c413e83f3e6ee,decisive-20260831-054125,policy-L1-9bd8bf0c2ab7,policy,1,C_SYSTEM,qwen3.5:9b-q8_0,ollama,101,2,0.2,False,False,0.0,"[""r1""]","[""fault:wrong_value"", ""requirement:r1""]",FAILED,1,0,cand-ae78c213dece,False,0,0,0,0,0,8.859997615218163e-05,0,0,0,0,"[""wrong_value""]"
trial-d51bc123dd848926b2,decisive-20260831-054125,policy-L1-9bd8bf0c2ab7,policy,1,C_SYSTEM,qwen3.5:9b-q8_0,ollama,101,2,0.6,False,False,0.0,"[""r1""]","[""fault:ordering_violation+forced_requirement_violation"", ""requirement:r1""]",FAILED,1,0,cand-606ea6bb81e5,False,0,0,0,0,0,0.0001476999605074525,0,0,0,0,"[""ordering_violation+forced_requirement_violation""]"
trial-492c4e8bc194f547ec,decisive-20260831-054125,policy-L1-9bd8bf0c2ab7,policy,1,E_RANDOM_AUDITOR,qwen3.5:9b-q8_0,ollama,101,2,0.2,False,False,0.0,"[""r1""]","[""fault:wrong_value"", ""requirement:r1""]",FAILED,1,0,cand-ae78c213dece,False,0,0,0,0,0,0.00011560000712051988,0,0,1,0,"[""wrong_value""]"
trial-86f7a1f2c32b0a492a,decisive-20260831-054125,policy-L1-9bd8bf0c2ab7,policy,1,E_RANDOM_AUDITOR,qwen3.5:9b-q8_0,ollama,101,2,0.6,False,False,0.0,"[""r1""]","[""fault:omitted_requirement"", ""requirement:r1""]",FAILED,2,1,cand-0238bdd8aa38,False,0,0,0,0,0,0.00018850003834813833,0,1,1,0,"[""omitted_requirement"", ""ordering_violation+forced_requirement_violation""]"
trial-8e15e9ef9d70567f32,decisive-20260831-054125,policy-L1-9bd8bf0c2ab7,policy,1,E_RANDOM_AUDITOR,qwen3.5:9b-q8_0,ollama,101,2,0.95,False,False,1.0,[],"[""rejected_all""]",REJECTED_ALL,3,3,,False,0,0,0,0,0,0.00020809995476156473,0,0,0,3,[]
trial-6882ed4a747e4700c8,decisive-20260831-054125,policy-L1-9bd8bf0c2ab7,policy,1,F_ORACLE_AUDITOR,qwen3.5:9b-q8_0,ollama,101,2,0.2,False,False,0.0,"[""r1""]","[""rejected_all""]",REJECTED_ALL,3,3,,False,0,0,0,0,0,0.00023070001043379307,0,3,0,0,"[""forbidden_procedure+forced_requirement_violation"", ""wrong_value""]"
trial-6c33c2f585daa95cbd,decisive-20260831-054125,policy-L2-4e61894b711f,policy,2,C_SYSTEM,qwen3.5:9b-q8_0,ollama,101,2,0.2,False,True,0.75,"[""r3""]","[""fault:forbidden_procedure"", ""requirement:r3""]",FAILED,1,0,cand-e3d49ad6271a,False,0,0,0,0,0,0.00014080002438277006,0,0,0,0,"[""forbidden_procedure""]"
trial-37c874725e37024834,decisive-20260831-054125,policy-L2-4e61894b711f,policy,2,C_SYSTEM,qwen3.5:9b-q8_0,ollama,101,2,0.4,False,False,0.75,"[""r1""]","[""fault:unintended_side_effect+forced_requirement_violation"", ""requirement:r1""]",FAILED,1,0,cand-eaedde87bdac,False,0,0,0,0,0,0.00018009997438639402,0,0,0,0,"[""unintended_side_effect+forced_requirement_violation""]"
trial-a340134605cecd91cd,decisive-20260831-054125,policy-L2-4e61894b711f,policy,2,C_SYSTEM,qwen3.5:9b-q8_0,ollama,101,2,0.6,False,False,0.75,"[""r4""]","[""fault:ordering_violation"", ""requirement:r4""]",FAILED,1,0,cand-a51cc7464eee,False,0,0,0,0,0,0.00015979999443516135,0,0,0,0,"[""ordering_violation""]"
trial-a9b76f7567c2cf9682,decisive-20260831-054125,policy-L2-4e61894b711f,policy,2,C_SYSTEM,qwen3.5:9b-q8_0,ollama,101,2,0.8,False,False,0.75,"[""r1""]","[""fault:wrong_value+forced_requirement_violation"", ""requirement:r1""]",FAILED,1,0,cand-578bb3900812,False,0,0,0,0,0,0.00016150000737980008,0,0,0,0,"[""wrong_value+forced_requirement_violation""]"
trial-b31c75e6832d640fd3,decisive-20260831-054125,policy-L2-4e61894b711f,policy,2,E_RANDOM_AUDITOR,qwen3.5:9b-q8_0,ollama,101,2,0.2,False,True,0.75,"[""r3""]","[""fault:forbidden_procedure"", ""requirement:r3""]",FAILED,1,0,cand-e3d49ad6271a,False,0,0,0,0,0,0.00015759997768327594,0,0,1,0,"[""forbidden_procedure""]"
trial-aa0b51dedff8f0b1a1,decisive-20260831-054125,policy-L2-4e61894b711f,policy,2,E_RANDOM_AUDITOR,qwen3.5:9b-q8_0,ollama,101,2,0.4,False,False,0.75,"[""r1""]","[""fault:unintended_side_effect+forced_requirement_violation"", ""requirement:r1""]",FAILED,1,0,cand-eaedde87bdac,False,0,0,0,0,0,0.00015629996778443456,0,0,1,0,"[""unintended_side_effect+forced_requirement_violation""]"
trial-2d012fc1035ffcb2b6,decisive-20260831-054125,policy-L2-4e61894b711f,policy,2,E_RANDOM_AUDITOR,qwen3.5:9b-q8_0,ollama,101,2,0.6,False,False,0.75,"[""r4""]","[""fault:ordering_violation"", ""requirement:r4""]",FAILED,1,0,cand-a51cc7464eee,False,0,0,0,0,0,0.00014129996998235583,0,0,1,0,"[""ordering_violation""]"
trial-d4b168b6dfc5f4e58d,decisive-20260831-054125,policy-L2-4e61894b711f,policy,2,E_RANDOM_AUDITOR,qwen3.5:9b-q8_0,ollama,101,2,0.8,False,False,1.0,[],"[""rejected_all""]",REJECTED_ALL,3,3,,False,0,0,0,0,0,0.00025240000104531646,0,1,0,2,"[""wrong_value+forced_requirement_violation""]"
trial-96929ddb301b2ee498,decisive-20260831-054125,policy-L2-4e61894b711f,policy,2,E_RANDOM_AUDITOR,qwen3.5:9b-q8_0,ollama,101,2,0.95,False,False,1.0,[],"[""rejected_all""]",REJECTED_ALL,3,3,,False,0,0,0,0,0,0.00023399997735396028,0,0,0,3,[]
trial-43dc7113ce87250ba8,decisive-20260831-054125,policy-L2-4e61894b711f,policy,2,F_ORACLE_AUDITOR,qwen3.5:9b-q8_0,ollama,101,2,0.2,False,False,0.75,"[""r1""]","[""rejected_all""]",REJECTED_ALL,3,3,,False,0,0,0,0,0,0.0003564999788068235,0,3,0,0,"[""forbidden_procedure"", ""omitted_requirement""]"
trial-1701e475ecaccfeb16,decisive-20260831-054125,policy-L2-4e61894b711f,policy,2,F_ORACLE_AUDITOR,qwen3.5:9b-q8_0,ollama,101,2,0.4,False,False,0.75,"[""r3""]","[""rejected_all""]",REJECTED_ALL,3,3,,False,0,0,0,0,0,0.00028580002253875136,0,3,0,0,"[""forbidden_procedure"", ""ordering_violation"", ""unintended_side_effect+forced_requirement_violation""]"
trial-edc3dc9d6c04c004fa,decisive-20260831-054125,policy-L3-927bb5a40de6,policy,3,C_SYSTEM,qwen3.5:9b-q8_0,ollama,101,2,0.2,False,True,0.8571428571428571,"[""r6""]","[""fault:forbidden_procedure"", ""requirement:r6""]",FAILED,1,0,cand-74ae57183a40,False,0,0,0,0,0,0.0001292000524699688,0,0,0,0,"[""forbidden_procedure""]"
trial-ebbba81c5d8aeb0d78,decisive-20260831-054125,policy-L3-927bb5a40de6,policy,3,C_SYSTEM,qwen3.5:9b-q8_0,ollama,101,2,0.4,False,False,0.8571428571428571,"[""r7""]","[""fault:ordering_violation"", ""requirement:r7""]",FAILED,1,0,cand-d80e08c1c607,False,0,0,0,0,0,0.00020250002853572369,0,0,0,0,"[""ordering_violation""]"
trial-cc4b690607f98e486b,decisive-20260831-054125,policy-L3-927bb5a40de6,policy,3,E_RANDOM_AUDITOR,qwen3.5:9b-q8_0,ollama,101,2,0.2,False,False,0.8571428571428571,"[""r6""]","[""rejected_all""]",REJECTED_ALL,3,3,,False,0,0,0,0,0,0.0007252999930642545,0,3,0,0,"[""forbidden_procedure"", ""wrong_value""]"
trial-c0289d247bbfbf46d3,decisive-20260831-054125,policy-L3-927bb5a40de6,policy,3,E_RANDOM_AUDITOR,qwen3.5:9b-q8_0,ollama,101,2,0.4,False,False,0.8571428571428571,"[""r7""]","[""fault:ordering_violation"", ""requirement:r7""]",FAILED,1,0,cand-d80e08c1c607,False,0,0,0,0,0,0.00027199997566640377,0,0,1,0,"[""ordering_violation""]"
trial-1ad91806904ce6c8ac,decisive-20260831-054125,policy-L3-927bb5a40de6,policy,3,E_RANDOM_AUDITOR,qwen3.5:9b-q8_0,ollama,101,2,0.6,False,False,0.8571428571428571,"[""r1""]","[""rejected_all""]",REJECTED_ALL,3,3,,False,0,0,0,0,0,0.0004542000242508948,0,2,0,1,"[""omitted_requirement"", ""unintended_side_effect+forced_requirement_violation""]"
trial-2bf0372ebae0887f1f,decisive-20260831-054125,policy-L3-927bb5a40de6,policy,3,E_RANDOM_AUDITOR,qwen3.5:9b-q8_0,ollama,101,2,0.95,False,False,1.0,[],"[""rejected_all""]",REJECTED_ALL,3,3,,False,0,0,0,0,0,0.00027739995857700706,0,0,0,3,[]
trial-dd5a95736da3354bfd,decisive-20260831-054125,policy-L3-927bb5a40de6,policy,3,F_ORACLE_AUDITOR,qwen3.5:9b-q8_0,ollama,101,2,0.2,False,False,0.8571428571428571,"[""r6""]","[""rejected_all""]",REJECTED_ALL,3,3,,False,0,0,0,0,0,0.000444200006313622,0,3,0,0,"[""forbidden_procedure"", ""wrong_value""]"
trial-ea9628c66f5a508257,decisive-20260831-054125,policy-L4-6e719c7e657e,policy,4,C_SYSTEM,qwen3.5:9b-q8_0,ollama,101,2,0.2,False,False,0.9285714285714286,"[""r7""]","[""fault:omitted_requirement"", ""requirement:r7""]",FAILED,1,0,cand-9df8b87f71c1,False,0,0,0,0,0,0.0002025999710895121,0,0,0,0,"[""omitted_requirement""]"
trial-243aa7a49f2d3bb347,decisive-20260831-054125,policy-L4-6e719c7e657e,policy,4,C_SYSTEM,qwen3.5:9b-q8_0,ollama,101,2,0.4,False,True,0.9285714285714286,"[""r13""]","[""fault:forbidden_procedure"", ""requirement:r13""]",FAILED,1,0,cand-5b3a159e33d3,False,0,0,0,0,0,0.00019799999427050352,0,0,0,0,"[""forbidden_procedure""]"
trial-ccba00baf10cb75002,decisive-20260831-054125,policy-L4-6e719c7e657e,policy,4,E_RANDOM_AUDITOR,qwen3.5:9b-q8_0,ollama,101,2,0.2,False,False,0.9285714285714286,"[""r14""]","[""fault:ordering_violation"", ""requirement:r14""]",FAILED,2,1,cand-cf3abefa7438,False,0,0,0,0,0,0.0004197999951429665,0,1,1,0,"[""omitted_requirement"", ""ordering_violation""]"
trial-83a7db622982396b03,decisive-20260831-054125,policy-L4-6e719c7e657e,policy,4,E_RANDOM_AUDITOR,qwen3.5:9b-q8_0,ollama,101,2,0.4,False,False,0.9285714285714286,"[""r1""]","[""fault:unintended_side_effect+forced_requirement_violation"", ""requirement:r1""]",FAILED,2,1,cand-3173b28c33c8,False,0,0,0,0,0,0.0005654999986290932,0,1,1,0,"[""forbidden_procedure"", ""unintended_side_effect+forced_requirement_violation""]"
trial-3cefa88badb4248a38,decisive-20260831-054125,policy-L4-6e719c7e657e,policy,4,F_ORACLE_AUDITOR,qwen3.5:9b-q8_0,ollama,101,2,0.2,False,False,0.9285714285714286,"[""r10""]","[""rejected_all""]",REJECTED_ALL,3,3,,False,0,0,0,0,0,0.0008145000319927931,0,3,0,0,"[""omitted_requirement"", ""ordering_violation""]"
trial-d66470c4f228d96847,decisive-20260831-054125,policy-L4-6e719c7e657e,policy,4,F_ORACLE_AUDITOR,qwen3.5:9b-q8_0,ollama,101,2,0.4,False,False,0.9285714285714286,"[""r8""]","[""rejected_all""]",REJECTED_ALL,3,3,,False,0,0,0,0,0,0.0006710000452585518,0,3,0,0,"[""forbidden_procedure"", ""unintended_side_effect+forced_requirement_violation"", ""wrong_value""]"
trial-f1ec794d1f34e0c758,decisive-20260831-054125,reconciliation-L1-f186037ffd80,reconciliation,1,C_SYSTEM,qwen3.5:9b-q8_0,ollama,101,2,0.2,False,False,0.5,"[""r2""]","[""fault:wrong_value"", ""requirement:r2""]",FAILED,1,0,cand-980433fb3731,False,0,0,0,0,0,0.00013430003309622407,0,0,0,0,"[""wrong_value""]"
trial-f918b3a1371341b19e,decisive-20260831-054125,reconciliation-L1-f186037ffd80,reconciliation,1,C_SYSTEM,qwen3.5:9b-q8_0,ollama,101,2,0.4,False,False,0.5,"[""r2""]","[""fault:wrong_value"", ""requirement:r2""]",FAILED,1,0,cand-e33fdf04fc61,False,0,0,0,0,0,0.00013619998935610056,0,0,0,0,"[""wrong_value""]"
trial-62d166c070d272035e,decisive-20260831-054125,reconciliation-L1-f186037ffd80,reconciliation,1,C_SYSTEM,qwen3.5:9b-q8_0,ollama,101,2,0.6,False,False,0.5,"[""r1""]","[""fault:unintended_side_effect+forced_requirement_violation"", ""requirement:r1""]",FAILED,1,0,cand-9211afb86d6f,False,0,0,0,0,0,0.00011999998241662979,0,0,0,0,"[""unintended_side_effect+forced_requirement_violation""]"
trial-a19b1b586e74240c72,decisive-20260831-054125,reconciliation-L1-f186037ffd80,reconciliation,1,C_SYSTEM,qwen3.5:9b-q8_0,ollama,101,2,0.8,False,False,0.5,"[""r1""]","[""fault:wrong_value"", ""requirement:r1""]",FAILED,1,0,cand-5344ed63e629,False,0,0,0,0,0,0.00011279998579993844,0,0,0,0,"[""wrong_value""]"
trial-e197fcbb07980d52ac,decisive-20260831-054125,reconciliation-L1-f186037ffd80,reconciliation,1,E_RANDOM_AUDITOR,qwen3.5:9b-q8_0,ollama,101,2,0.4,False,False,0.5,"[""r2""]","[""fault:wrong_value"", ""requirement:r2""]",FAILED,2,1,cand-25a694840aa3,False,0,0,0,0,0,0.00022170000011101365,0,1,1,0,"[""wrong_value""]"
trial-53c13f86431066b41c,decisive-20260831-054125,reconciliation-L1-f186037ffd80,reconciliation,1,E_RANDOM_AUDITOR,qwen3.5:9b-q8_0,ollama,101,2,0.6,False,False,0.5,"[""r1""]","[""fault:unintended_side_effect+forced_requirement_violation"", ""requirement:r1""]",FAILED,1,0,cand-9211afb86d6f,False,0,0,0,0,0,0.00022310001077130437,0,0,1,0,"[""unintended_side_effect+forced_requirement_violation""]"
trial-3d6c5ca580ca00e496,decisive-20260831-054125,reconciliation-L1-f186037ffd80,reconciliation,1,E_RANDOM_AUDITOR,qwen3.5:9b-q8_0,ollama,101,2,0.8,False,False,0.5,"[""r1""]","[""fault:wrong_value"", ""requirement:r1""]",FAILED,1,0,cand-5344ed63e629,False,0,0,0,0,0,0.00012440001592040062,0,0,1,0,"[""wrong_value""]"
trial-d2f28401efa97f2b53,decisive-20260831-054125,reconciliation-L1-f186037ffd80,reconciliation,1,E_RANDOM_AUDITOR,qwen3.5:9b-q8_0,ollama,101,2,0.95,False,False,1.0,[],"[""rejected_all""]",REJECTED_ALL,3,3,,False,0,0,0,0,0,0.0002498000394552946,0,0,0,3,[]
trial-810c270052634dc021,decisive-20260831-054125,reconciliation-L2-b5237dc925f6,reconciliation,2,C_SYSTEM,qwen3.5:9b-q8_0,ollama,101,2,0.4,False,False,0.8,"[""r5""]","[""fault:omitted_requirement"", ""requirement:r5""]",FAILED,1,0,cand-a8b4da08c6ed,False,0,0,0,0,0,0.00016880000475794077,0,0,0,0,"[""omitted_requirement""]"
trial-f5a765291118edb417,decisive-20260831-054125,reconciliation-L2-b5237dc925f6,reconciliation,2,C_SYSTEM,qwen3.5:9b-q8_0,ollama,101,2,0.8,False,False,0.8,"[""r1""]","[""fault:unintended_side_effect+forced_requirement_violation"", ""requirement:r1""]",FAILED,1,0,cand-c19783577458,False,0,0,0,0,0,0.0002463000128045678,0,0,0,0,"[""unintended_side_effect+forced_requirement_violation""]"
trial-5cef5ecfa32ca3554a,decisive-20260831-054125,reconciliation-L2-b5237dc925f6,reconciliation,2,E_RANDOM_AUDITOR,qwen3.5:9b-q8_0,ollama,101,2,0.8,False,False,0.8,"[""r1""]","[""fault:unintended_side_effect+forced_requirement_violation"", ""requirement:r1""]",FAILED,1,0,cand-c19783577458,False,0,0,0,0,0,0.0002337999758310616,0,0,1,0,"[""unintended_side_effect+forced_requirement_violation""]"
trial-50bcc42d8a7604e148,decisive-20260831-054125,reconciliation-L3-bebd65e2c70c,reconciliation,3,C_SYSTEM,qwen3.5:9b-q8_0,ollama,101,2,0.2,False,False,0.8888888888888888,"[""r1""]","[""fault:wrong_value"", ""requirement:r1""]",FAILED,1,0,cand-431aa21bd085,False,0,0,0,0,0,0.00022230000467970967,0,0,0,0,"[""wrong_value""]"
trial-41b4469d8969794815,decisive-20260831-054125,reconciliation-L3-bebd65e2c70c,reconciliation,3,C_SYSTEM,qwen3.5:9b-q8_0,ollama,101,2,0.6,False,False,0.8888888888888888,"[""r8""]","[""fault:wrong_value"", ""requirement:r8""]",FAILED,1,0,cand-99221b33dd65,False,0,0,0,0,0,0.0002044999855570495,0,0,0,0,"[""wrong_value""]"
trial-da95c38d8aa8a50e21,decisive-20260831-054125,reconciliation-L3-bebd65e2c70c,reconciliation,3,E_RANDOM_AUDITOR,qwen3.5:9b-q8_0,ollama,101,2,0.2,False,False,0.8888888888888888,"[""r1""]","[""fault:wrong_value"", ""requirement:r1""]",FAILED,1,0,cand-431aa21bd085,False,0,0,0,0,0,0.0002873000339604914,0,0,1,0,"[""wrong_value""]"
trial-940826b2599970d073,decisive-20260831-054125,reconciliation-L3-bebd65e2c70c,reconciliation,3,E_RANDOM_AUDITOR,qwen3.5:9b-q8_0,ollama,101,2,0.4,False,False,0.8888888888888888,"[""r2""]","[""fault:omitted_requirement"", ""requirement:r2""]",FAILED,2,1,cand-31cd16a270c8,False,0,0,0,0,0,0.0003961999900639057,0,0,1,1,"[""omitted_requirement""]"
trial-8e588b635893d833ca,decisive-20260831-054125,reconciliation-L3-bebd65e2c70c,reconciliation,3,F_ORACLE_AUDITOR,qwen3.5:9b-q8_0,ollama,101,2,0.2,False,False,0.8888888888888888,"[""r3""]","[""rejected_all""]",REJECTED_ALL,3,3,,False,0,0,0,0,0,0.0005517999525181949,0,3,0,0,"[""wrong_value""]"
trial-b8ea62ccbcf285dee7,decisive-20260831-054125,reconciliation-L4-6565f5a37c6f,reconciliation,4,C_SYSTEM,qwen3.5:9b-q8_0,ollama,101,2,0.2,False,False,0.9333333333333333,"[""r1""]","[""fault:unintended_side_effect+forced_requirement_violation"", ""requirement:r1""]",FAILED,1,0,cand-7cd3c5200e13,False,0,0,0,0,0,0.00028950005071237683,0,0,0,0,"[""unintended_side_effect+forced_requirement_violation""]"
trial-485deaa1fe17f6adf9,decisive-20260831-054125,reconciliation-L4-6565f5a37c6f,reconciliation,4,C_SYSTEM,qwen3.5:9b-q8_0,ollama,101,2,0.4,False,False,0.9333333333333333,"[""r1""]","[""fault:unintended_side_effect+forced_requirement_violation"", ""requirement:r1""]",FAILED,1,0,cand-905782b363b9,False,0,0,0,0,0,0.00026679999427869916,0,0,0,0,"[""unintended_side_effect+forced_requirement_violation""]"
trial-332764344b921aa636,decisive-20260831-054125,reconciliation-L4-6565f5a37c6f,reconciliation,4,C_SYSTEM,qwen3.5:9b-q8_0,ollama,101,2,0.8,False,True,0.9333333333333333,"[""r15""]","[""fault:omitted_requirement"", ""requirement:r15""]",FAILED,1,0,cand-ac77a297971d,False,0,0,0,0,0,0.0004013999714516103,0,0,0,0,"[""omitted_requirement""]"
trial-26a58ffc6ad4210792,decisive-20260831-054125,reconciliation-L4-6565f5a37c6f,reconciliation,4,E_RANDOM_AUDITOR,qwen3.5:9b-q8_0,ollama,101,2,0.2,False,False,0.9333333333333333,"[""r1""]","[""fault:unintended_side_effect+forced_requirement_violation"", ""requirement:r1""]",FAILED,1,0,cand-7cd3c5200e13,False,0,0,0,0,0,0.00034550001146271825,0,0,1,0,"[""unintended_side_effect+forced_requirement_violation""]"
trial-093743e48ffa2947c3,decisive-20260831-054125,reconciliation-L4-6565f5a37c6f,reconciliation,4,E_RANDOM_AUDITOR,qwen3.5:9b-q8_0,ollama,101,2,0.4,False,False,0.9333333333333333,"[""r1""]","[""fault:unintended_side_effect+forced_requirement_violation"", ""requirement:r1""]",FAILED,1,0,cand-905782b363b9,False,0,0,0,0,0,0.00027459999546408653,0,0,1,0,"[""unintended_side_effect+forced_requirement_violation""]"
trial-b98d8b01701c577dfe,decisive-20260831-054125,reconciliation-L4-6565f5a37c6f,reconciliation,4,E_RANDOM_AUDITOR,qwen3.5:9b-q8_0,ollama,101,2,0.6,False,False,0.9333333333333333,"[""r9""]","[""fault:wrong_value"", ""requirement:r9""]",FAILED,3,2,cand-ad0855616c61,False,0,0,0,0,0,0.0008553999941796064,0,1,1,1,"[""omitted_requirement"", ""wrong_value""]"
trial-5993584d556ad0883d,decisive-20260831-054125,reconciliation-L4-6565f5a37c6f,reconciliation,4,F_ORACLE_AUDITOR,qwen3.5:9b-q8_0,ollama,101,2,0.4,False,False,0.9333333333333333,"[""r14""]","[""rejected_all""]",REJECTED_ALL,3,3,,False,0,0,0,0,0,0.0008393999887630343,0,3,0,0,"[""omitted_requirement"", ""unintended_side_effect+forced_requirement_violation"", ""wrong_value""]"
trial-6b99d94a5112f314a4,decisive-20260831-054125,state-L3-2618991c7c4a,state,3,D_INVERTED,qwen3.5:9b-q8_0,ollama,101,0,0.2,False,False,0.875,"[""r4""]","[""rejected_all""]",REJECTED_ALL,3,3,,False,2504,121,0,2625,3.345406400039792,3.3465003999881446,0,3,0,0,"[""omitted_requirement"", ""wrong_value""]"
trial-c80b88d9600ec4b72c,decisive-20260831-054125,state-L4-e6b56ba4d4dc,state,4,D_INVERTED,qwen3.5:9b-q8_0,ollama,101,0,0.2,False,False,0.9090909090909091,"[""r1""]","[""rejected_all""]",REJECTED_ALL,3,3,,False,3351,215,0,3566,5.535139800049365,5.5364396999939345,0,3,0,0,"[""omitted_requirement"", ""unintended_side_effect+forced_requirement_violation"", ""wrong_value""]"
trial-bf89845930b0afeb62,decisive-20260831-054125,policy-L1-e7dfa68067a3,policy,1,D_INVERTED,qwen3.5:9b-q8_0,ollama,101,0,0.2,False,False,0.0,"[""r1""]","[""rejected_all""]",REJECTED_ALL,3,3,,False,838,164,0,1002,3.7393999999621883,3.7401476000086404,0,3,0,0,"[""forbidden_procedure+forced_requirement_violation"", ""unintended_side_effect+forced_requirement_violation""]"
trial-2ec339882f9a0d6a7f,decisive-20260831-054125,policy-L1-e7dfa68067a3,policy,1,D_INVERTED,qwen3.5:9b-q8_0,ollama,101,0,0.6,False,False,0.0,"[""r1""]","[""rejected_all""]",REJECTED_ALL,3,3,,False,778,151,0,929,3.3771685000974685,3.3780162999755703,0,3,0,0,"[""omitted_requirement"", ""ordering_violation+forced_requirement_violation"", ""unintended_side_effect+forced_requirement_violation""]"
trial-644b737d9e9608e70f,decisive-20260831-054125,policy-L2-a7d4d2b3ff88,policy,2,A_DIRECT,qwen3.5:9b-q8_0,ollama,101,0,0.2,False,False,0.75,"[""r4""]","[""requirement:r4""]",FAILED,1,0,trial-644b737d9e9608e70f-direct-0,False,318,33,0,351,0.8479746999801137,0.8482072000042535,0,0,0,0,[]
trial-41d9de39951f02d543,decisive-20260831-054125,policy-L2-a7d4d2b3ff88,policy,2,D_INVERTED,qwen3.5:9b-q8_0,ollama,101,0,0.2,False,False,0.75,"[""r1""]","[""rejected_all""]",REJECTED_ALL,3,3,,False,1315,237,0,1552,5.432032899989281,5.432893399964087,0,3,0,0,"[""ordering_violation"", ""wrong_value"", ""wrong_value+forced_requirement_violation""]"
trial-0ed09b3c2007c5dc21,decisive-20260831-054125,policy-L2-a7d4d2b3ff88,policy,2,D_INVERTED,qwen3.5:9b-q8_0,ollama,101,0,0.6,False,False,0.75,"[""r3""]","[""rejected_all""]",REJECTED_ALL,3,3,,False,1360,268,0,1628,6.042655699944589,6.0434788999846205,0,3,0,0,"[""forbidden_procedure"", ""ordering_violation"", ""unintended_side_effect+forced_requirement_violation""]"
trial-ea7c8fb1e51f34f677,decisive-20260831-054125,policy-L3-e982dfee40de,policy,3,A_DIRECT,qwen3.5:9b-q8_0,ollama,101,0,0.2,False,False,0.8333333333333334,"[""r6""]","[""requirement:r6""]",FAILED,1,0,trial-ea7c8fb1e51f34f677-direct-0,False,412,61,0,473,1.4358527999720536,1.436122399987653,0,0,0,0,[]
trial-743d4268a060678c7d,decisive-20260831-054125,policy-L3-e982dfee40de,policy,3,D_INVERTED,qwen3.5:9b-q8_0,ollama,101,0,0.4,False,False,0.8333333333333334,"[""r6""]","[""fault:ordering_violation"", ""requirement:r6""]",FAILED,1,0,cand-c9bbc540d03a,False,573,62,0,635,1.5251215000171214,1.5254893999663182,0,0,1,0,"[""ordering_violation""]"
trial-9be0c395934a7a69a5,decisive-20260831-054125,policy-L3-e982dfee40de,policy,3,D_INVERTED,qwen3.5:9b-q8_0,ollama,101,0,0.6,False,False,0.8333333333333334,"[""r6""]","[""fault:ordering_violation"", ""requirement:r6""]",FAILED,1,0,cand-8d42ec830c8b,False,573,62,0,635,1.3489299999782816,1.349283799994737,0,0,1,0,"[""ordering_violation""]"
trial-c08cf1abedc7b0cd31,decisive-20260831-054125,policy-L4-2c8f9d2d44ac,policy,4,A_DIRECT,qwen3.5:9b-q8_0,ollama,101,0,0.2,False,False,0.9090909090909091,"[""r11""]","[""requirement:r11""]",FAILED,1,0,trial-c08cf1abedc7b0cd31-direct-0,False,658,131,0,789,2.9244103000382893,2.9247181999962777,0,0,0,0,[]
trial-f0dafdf157947077ce,decisive-20260831-054125,policy-L4-2c8f9d2d44ac,policy,4,D_INVERTED,qwen3.5:9b-q8_0,ollama,101,0,0.2,False,False,0.9090909090909091,"[""r10""]","[""rejected_all""]",REJECTED_ALL,3,3,,False,2922,343,0,3265,7.929634300002363,7.930712000001222,0,3,0,0,"[""forbidden_procedure"", ""unintended_side_effect+forced_requirement_violation""]"
trial-d9d936da72f40a1c68,decisive-20260831-054125,reconciliation-L1-efcfe1ef4f8b,reconciliation,1,D_INVERTED,qwen3.5:9b-q8_0,ollama,101,0,0.2,False,False,0.0,"[""r1""]","[""fault:omitted_requirement"", ""requirement:r1""]",FAILED,2,1,cand-07486b1ae754,False,565,114,0,679,2.6588570999447256,2.659366400039289,0,1,1,0,"[""omitted_requirement"", ""unintended_side_effect+forced_requirement_violation""]"
trial-840be50e72db0f23c1,decisive-20260831-054125,reconciliation-L1-efcfe1ef4f8b,reconciliation,1,D_INVERTED,qwen3.5:9b-q8_0,ollama,101,0,0.4,False,False,0.0,"[""r1""]","[""rejected_all""]",REJECTED_ALL,3,3,,False,911,186,0,1097,4.364068499999121,4.364909899944905,0,3,0,0,"[""unintended_side_effect+forced_requirement_violation"", ""wrong_value""]"
trial-280165986383a0ef94,decisive-20260831-054125,reconciliation-L1-efcfe1ef4f8b,reconciliation,1,D_INVERTED,qwen3.5:9b-q8_0,ollama,101,0,0.6,False,False,0.0,"[""r1""]","[""rejected_all""]",REJECTED_ALL,3,3,,False,859,177,0,1036,4.0543853000272065,4.05509759997949,0,3,0,0,"[""unintended_side_effect+forced_requirement_violation"", ""wrong_value""]"
trial-013c44420517fbd7c1,decisive-20260831-054125,reconciliation-L1-efcfe1ef4f8b,reconciliation,1,D_INVERTED,qwen3.5:9b-q8_0,ollama,101,0,0.8,False,False,0.0,"[""r1""]","[""fault:omitted_requirement"", ""requirement:r1""]",FAILED,1,0,cand-69f6554205db,False,244,49,0,293,1.0867916000424884,1.0870213999878615,0,0,1,0,"[""omitted_requirement""]"
trial-21c692398f33d09a29,decisive-20260831-054125,reconciliation-L2-e6dcae527519,reconciliation,2,D_INVERTED,qwen3.5:9b-q8_0,ollama,101,0,0.6,False,False,0.8,"[""r3""]","[""rejected_all""]",REJECTED_ALL,3,3,,False,2570,156,0,2726,3.8623025999986567,3.8633889999473467,0,3,0,0,"[""unintended_side_effect+forced_requirement_violation"", ""wrong_value""]"
trial-1bbda6e4a08ecf388a,decisive-20260831-054125,reconciliation-L3-46d992c2c3ac,reconciliation,3,D_INVERTED,qwen3.5:9b-q8_0,ollama,101,0,0.2,False,False,0.0,[],"[""budget_exhausted""]",BUDGET_EXHAUSTED,3,2,,True,3813,409,0,4222,9.728402099979576,9.729543299996294,0,2,0,0,"[""omitted_requirement"", ""unintended_side_effect+forced_requirement_violation""]"
trial-f78eb1a1d2e88dc000,decisive-20260831-054125,reconciliation-L3-46d992c2c3ac,reconciliation,3,D_INVERTED,qwen3.5:9b-q8_0,ollama,101,0,0.4,False,False,0.875,"[""r2""]","[""fault:omitted_requirement"", ""requirement:r2""]",FAILED,1,0,cand-03522ac9fff3,False,1236,48,0,1284,1.3790365000022575,1.3794930999865755,0,0,1,0,"[""omitted_requirement""]"
trial-dd89222eacd1959ed0,decisive-20260831-054125,reconciliation-L4-7dcf81e2137c,reconciliation,4,D_INVERTED,qwen3.5:9b-q8_0,ollama,101,0,0.2,False,False,0.0,[],"[""budget_exhausted""]",BUDGET_EXHAUSTED,3,2,,True,4587,167,0,4754,4.378025899990462,4.379189500003122,0,2,0,0,"[""omitted_requirement"", ""wrong_value""]"
trial-2fc0753534ced68ac5,decisive-20260831-054125,reconciliation-L4-7dcf81e2137c,reconciliation,4,D_INVERTED,qwen3.5:9b-q8_0,ollama,101,0,0.4,False,False,0.0,[],"[""budget_exhausted""]",BUDGET_EXHAUSTED,3,2,,True,4638,187,0,4825,4.509791900054552,4.5110248000128195,0,2,0,0,"[""unintended_side_effect+forced_requirement_violation"", ""wrong_value""]"
trial-42540f43a949eadab6,decisive-20260831-054125,reconciliation-L4-7dcf81e2137c,reconciliation,4,D_INVERTED,qwen3.5:9b-q8_0,ollama,101,0,0.6,False,False,0.9,"[""r1""]","[""fault:omitted_requirement"", ""requirement:r1""]",FAILED,1,0,cand-efe1971c5bf6,False,1511,38,0,1549,1.2056195000186563,1.2061319000204094,0,0,1,0,"[""omitted_requirement""]"
trial-be3dba666bbe3c2641,decisive-20260831-054125,state-L3-77d0f95bbc7d,state,3,D_INVERTED,qwen3.5:9b-q8_0,ollama,101,1,0.2,False,False,0.8333333333333334,"[""r2""]","[""rejected_all""]",REJECTED_ALL,3,3,,False,1976,117,0,2093,3.16866750002373,3.1696996999671683,0,3,0,0,"[""omitted_requirement"", ""wrong_value""]"
trial-ac50b845e6ca460b57,decisive-20260831-054125,state-L4-bef59977592f,state,4,D_INVERTED,qwen3.5:9b-q8_0,ollama,101,1,0.2,False,False,0.0,[],"[""budget_exhausted""]",BUDGET_EXHAUSTED,3,2,,True,3886,536,0,4422,12.339048099995125,12.340208499983419,0,2,0,0,"[""omitted_requirement"", ""unintended_side_effect+forced_requirement_violation""]"
trial-2d5745b80266386786,decisive-20260831-054125,policy-L1-07bbbe7d5396,policy,1,D_INVERTED,qwen3.5:9b-q8_0,ollama,101,1,0.2,False,False,0.5,"[""r2""]","[""rejected_all""]",REJECTED_ALL,3,3,,False,929,321,0,1250,7.007737999956589,7.0085373999900185,0,3,0,0,"[""forbidden_procedure+forced_requirement_violation"", ""omitted_requirement""]"
trial-7baf99d81770937a73,decisive-20260831-054125,policy-L2-ae5db2fbd97c,policy,2,A_DIRECT,qwen3.5:9b-q8_0,ollama,101,1,0.2,False,False,0.8,"[""r5""]","[""requirement:r5""]",FAILED,1,0,trial-7baf99d81770937a73-direct-0,False,365,47,0,412,1.1148801000090316,1.1151040999684483,0,0,0,0,[]
trial-f6a51dac6870283f64,decisive-20260831-054125,policy-L2-ae5db2fbd97c,policy,2,D_INVERTED,qwen3.5:9b-q8_0,ollama,101,1,0.2,False,False,0.8,"[""r1""]","[""rejected_all""]",REJECTED_ALL,3,3,,False,1680,273,0,1953,5.992149199999403,5.993100400024559,0,3,0,0,"[""unintended_side_effect+forced_requirement_violation""]"
trial-6d234888b06539b9ee,decisive-20260831-054125,policy-L3-dad7db66bb61,policy,3,A_DIRECT,qwen3.5:9b-q8_0,ollama,101,1,0.2,False,False,0.8888888888888888,"[""r9""]","[""requirement:r9""]",FAILED,1,0,trial-6d234888b06539b9ee-direct-0,False,556,103,0,659,2.3601227999897674,2.360408800013829,0,0,0,0,[]
trial-ee323f677ac432ba87,decisive-20260831-054125,policy-L3-dad7db66bb61,policy,3,D_INVERTED,qwen3.5:9b-q8_0,ollama,101,1,0.2,False,False,0.8888888888888888,"[""r4""]","[""rejected_all""]",REJECTED_ALL,3,3,,False,2371,179,0,2550,4.515115899965167,4.516095999977551,0,3,0,0,"[""forbidden_procedure"", ""omitted_requirement"", ""wrong_value""]"
trial-8b6d3150c208401c0b,decisive-20260831-054125,policy-L3-dad7db66bb61,policy,3,D_INVERTED,qwen3.5:9b-q8_0,ollama,101,1,0.4,False,False,0.8888888888888888,"[""r9""]","[""fault:ordering_violation"", ""requirement:r9""]",FAILED,1,0,cand-b60cea7e1f12,False,792,62,0,854,1.5480376000050455,1.548446699976921,0,0,1,0,"[""ordering_violation""]"
trial-6bd3e21fed16a77f8c,decisive-20260831-054125,policy-L4-820fa8d67aae,policy,4,A_DIRECT,qwen3.5:9b-q8_0,ollama,101,1,0.2,False,False,0.9230769230769231,"[""r13""]","[""requirement:r13""]",FAILED,1,0,trial-6bd3e21fed16a77f8c-direct-0,False,759,160,0,919,3.543650000006892,3.5439568999572657,0,0,0,0,[]
trial-c8a91286039ca004d1,decisive-20260831-054125,policy-L4-820fa8d67aae,policy,4,B_DIRECT_CHECKED,qwen3.5:9b-q8_0,ollama,101,1,0.2,False,False,0.0,[],[],REJECTED_ALL,3,3,,False,2305,480,0,2785,10.480634100036696,10.481288800016046,0,0,0,0,[]
trial-41deb5773770fd3e85,decisive-20260831-054125,policy-L4-820fa8d67aae,policy,4,D_INVERTED,qwen3.5:9b-q8_0,ollama,101,1,0.2,False,False,0.9230769230769231,"[""r13""]","[""fault:ordering_violation"", ""requirement:r13""]",FAILED,1,0,cand-7573b04fd113,False,1099,65,0,1164,1.7428772000130266,1.7434028999996372,0,0,1,0,"[""ordering_violation""]"
trial-6d015730982d933582,decisive-20260831-054125,policy-L4-820fa8d67aae,policy,4,D_INVERTED,qwen3.5:9b-q8_0,ollama,101,1,0.8,False,False,0.9230769230769231,"[""r13""]","[""fault:ordering_violation"", ""requirement:r13""]",FAILED,1,0,cand-5c3dab34b91e,False,1099,65,0,1164,1.4794112999807112,1.4797943999874406,0,0,1,0,"[""ordering_violation""]"
trial-ce84d4fb213836f311,decisive-20260831-054125,reconciliation-L1-3b9a63f9631f,reconciliation,1,D_INVERTED,qwen3.5:9b-q8_0,ollama,101,1,0.95,False,False,0.0,"[""r1""]","[""fault:omitted_requirement"", ""requirement:r1""]",FAILED,1,0,cand-3e10ccf239f5,False,251,53,0,304,1.2415913000004366,1.2418367000063881,0,0,1,0,"[""omitted_requirement""]"
trial-674281908ccd496f89,decisive-20260831-054125,reconciliation-L2-8aa5e485f076,reconciliation,2,D_INVERTED,qwen3.5:9b-q8_0,ollama,101,1,0.2,False,False,0.8,"[""r1""]","[""rejected_all""]",REJECTED_ALL,3,3,,False,2635,181,0,2816,4.3704568000976,4.3715165999601595,0,3,0,0,"[""unintended_side_effect+forced_requirement_violation"", ""wrong_value""]"
trial-1269f8a5afa43bc5c1,decisive-20260831-054125,reconciliation-L3-9413ff21957f,reconciliation,3,D_INVERTED,qwen3.5:9b-q8_0,ollama,101,1,0.4,False,False,0.8333333333333334,"[""r6""]","[""rejected_all""]",REJECTED_ALL,3,3,,False,2899,235,0,3134,5.732973100035451,5.734024099947419,0,3,0,0,"[""omitted_requirement"", ""wrong_value""]"
trial-a4fd3cf69bcdec4088,decisive-20260831-054125,reconciliation-L4-6c0b4bd6fe2e,reconciliation,4,D_INVERTED,qwen3.5:9b-q8_0,ollama,101,1,0.2,False,False,0.0,[],"[""budget_exhausted""]",BUDGET_EXHAUSTED,3,2,,True,4647,140,0,4787,4.222881400026381,4.224037899984978,0,2,0,0,"[""wrong_value""]"
trial-c2cad17c10b1c4cab7,decisive-20260831-054125,state-L1-eca1466e061d,state,1,D_INVERTED,qwen3.5:9b-q8_0,ollama,101,2,0.2,False,False,0.5,"[""r1""]","[""rejected_all""]",REJECTED_ALL,3,3,,False,1113,210,0,1323,4.578483699937351,4.579364999954123,0,3,0,0,"[""unintended_side_effect+forced_requirement_violation""]"
trial-0fc881e7d1b3dde20d,decisive-20260831-054125,state-L2-fd1bae17e5a1,state,2,D_INVERTED,qwen3.5:9b-q8_0,ollama,101,2,0.2,False,False,0.75,"[""r1""]","[""rejected_all""]",REJECTED_ALL,3,3,,False,1584,154,0,1738,3.636891799978912,3.637769999972079,0,3,0,0,"[""unintended_side_effect+forced_requirement_violation"", ""wrong_value""]"
trial-e7ccfe2cc9cd682e52,decisive-20260831-054125,state-L3-d553f2169d66,state,3,D_INVERTED,qwen3.5:9b-q8_0,ollama,101,2,0.2,False,False,0.8333333333333334,"[""r1""]","[""rejected_all""]",REJECTED_ALL,3,3,,False,2006,215,0,2221,5.199606299982406,5.20067290001316,0,3,0,0,"[""omitted_requirement"", ""unintended_side_effect+forced_requirement_violation""]"
trial-90c84c7a6b0dd6585a,decisive-20260831-054125,state-L4-1395494fa396,state,4,D_INVERTED,qwen3.5:9b-q8_0,ollama,101,2,0.2,False,False,0.0,[],"[""budget_exhausted""]",BUDGET_EXHAUSTED,3,2,,True,4396,190,0,4586,4.785299499984831,4.7865477000013925,0,2,0,0,"[""omitted_requirement"", ""wrong_value""]"
trial-8930ab08705e69b467,decisive-20260831-054125,policy-L1-9bd8bf0c2ab7,policy,1,D_INVERTED,qwen3.5:9b-q8_0,ollama,101,2,0.2,False,False,0.0,"[""r1""]","[""rejected_all""]",REJECTED_ALL,3,3,,False,720,180,0,900,4.054064099967945,4.054820200020913,0,3,0,0,"[""forbidden_procedure+forced_requirement_violation"", ""wrong_value""]"
trial-6474a15c8a99b9b414,decisive-20260831-054125,policy-L2-4e61894b711f,policy,2,A_DIRECT,qwen3.5:9b-q8_0,ollama,101,2,0.2,False,False,0.75,"[""r4""]","[""requirement:r4""]",FAILED,1,0,trial-6474a15c8a99b9b414-direct-0,False,320,33,0,353,0.8437664000084624,0.8440052000223659,0,0,0,0,[]
trial-f87935626c53ed40a8,decisive-20260831-054125,policy-L2-4e61894b711f,policy,2,D_INVERTED,qwen3.5:9b-q8_0,ollama,101,2,0.2,False,False,0.75,"[""r1""]","[""rejected_all""]",REJECTED_ALL,3,3,,False,1269,201,0,1470,4.490285900013987,4.491062199987937,0,3,0,0,"[""forbidden_procedure"", ""omitted_requirement""]"
trial-23f5d9873079cca991,decisive-20260831-054125,policy-L2-4e61894b711f,policy,2,D_INVERTED,qwen3.5:9b-q8_0,ollama,101,2,0.4,False,False,0.75,"[""r3""]","[""rejected_all""]",REJECTED_ALL,3,3,,False,1366,545,0,1911,11.881505099940114,11.882376000052318,0,3,0,0,"[""forbidden_procedure"", ""ordering_violation"", ""unintended_side_effect+forced_requirement_violation""]"
trial-666d098216814923d4,decisive-20260831-054125,policy-L3-927bb5a40de6,policy,3,A_DIRECT,qwen3.5:9b-q8_0,ollama,101,2,0.2,False,False,0.8571428571428571,"[""r7""]","[""requirement:r7""]",FAILED,1,0,trial-666d098216814923d4-direct-0,False,462,75,0,537,1.7140458999783732,1.7143026000121608,0,0,0,0,[]
trial-83f89768515d759d71,decisive-20260831-054125,policy-L3-927bb5a40de6,policy,3,D_INVERTED,qwen3.5:9b-q8_0,ollama,101,2,0.2,False,False,0.8571428571428571,"[""r6""]","[""rejected_all""]",REJECTED_ALL,3,3,,False,1972,123,0,2095,3.096269600035157,3.0971424999879673,0,3,0,0,"[""forbidden_procedure"", ""wrong_value""]"
trial-579d2bb8db773398dc,decisive-20260831-054125,policy-L3-927bb5a40de6,policy,3,D_INVERTED,qwen3.5:9b-q8_0,ollama,101,2,0.4,False,False,0.8571428571428571,"[""r7""]","[""fault:ordering_violation"", ""requirement:r7""]",FAILED,1,0,cand-d80e08c1c607,False,648,61,0,709,1.4817989000002854,1.482103799993638,0,0,1,0,"[""ordering_violation""]"
trial-5e3bcf642296308514,decisive-20260831-054125,policy-L4-6e719c7e657e,policy,4,A_DIRECT,qwen3.5:9b-q8_0,ollama,101,2,0.2,False,False,0.9285714285714286,"[""r14""]","[""requirement:r14""]",FAILED,1,0,trial-5e3bcf642296308514-direct-0,False,813,175,0,988,3.8382924999459647,3.8386147000128403,0,0,0,0,[]
trial-16d583d71f12c67f79,decisive-20260831-054125,policy-L4-6e719c7e657e,policy,4,D_INVERTED,qwen3.5:9b-q8_0,ollama,101,2,0.2,False,False,0.9285714285714286,"[""r14""]","[""fault:ordering_violation"", ""requirement:r14""]",FAILED,2,1,cand-cf3abefa7438,False,2341,146,0,2487,3.7353809000342153,3.7362331000040285,0,1,1,0,"[""omitted_requirement"", ""ordering_violation""]"
trial-5eb817928cdc1c3781,decisive-20260831-054125,policy-L4-6e719c7e657e,policy,4,D_INVERTED,qwen3.5:9b-q8_0,ollama,101,2,0.4,False,False,0.9285714285714286,"[""r8""]","[""rejected_all""]",REJECTED_ALL,3,3,,False,3613,346,0,3959,8.227215499966405,8.228369800024666,0,3,0,0,"[""forbidden_procedure"", ""unintended_side_effect+forced_requirement_violation"", ""wrong_value""]"
trial-e1d75473220215ff6c,decisive-20260831-054125,reconciliation-L3-bebd65e2c70c,reconciliation,3,D_INVERTED,qwen3.5:9b-q8_0,ollama,101,2,0.2,False,False,0.0,[],"[""budget_exhausted""]",BUDGET_EXHAUSTED,3,2,,True,4205,149,0,4354,4.295478599960916,4.29668029997265,0,2,0,0,"[""wrong_value""]"
trial-3b4ab2b47139a84c33,decisive-20260831-054125,reconciliation-L4-6565f5a37c6f,reconciliation,4,D_INVERTED,qwen3.5:9b-q8_0,ollama,101,2,0.2,False,False,0.0,[],"[""budget_exhausted""]",BUDGET_EXHAUSTED,2,1,,True,4629,142,0,4771,4.1310764999943785,4.13220980000915,0,1,0,0,"[""unintended_side_effect+forced_requirement_violation""]"
trial-331df4628cc47ac4d3,decisive-20260831-054125,reconciliation-L4-6565f5a37c6f,reconciliation,4,D_INVERTED,qwen3.5:9b-q8_0,ollama,101,2,0.4,False,False,0.0,[],"[""budget_exhausted""]",BUDGET_EXHAUSTED,2,1,,True,4655,110,0,4765,2.9936578000779264,2.9946863999939524,0,1,0,0,"[""unintended_side_effect+forced_requirement_violation""]"
trial-cb418de03e69fd1807,decisive-20260831-054125,reconciliation-L4-6565f5a37c6f,reconciliation,4,D_INVERTED,qwen3.5:9b-q8_0,ollama,101,2,0.8,False,False,0.0,[],"[""budget_exhausted""]",BUDGET_EXHAUSTED,2,1,,True,4578,157,0,4735,4.164091099984944,4.1649686000309885,0,1,0,0,"[""omitted_requirement""]"
trial-de5ebbb7a164a7c9e1,decisive-20260831-054125,state-L3-2618991c7c4a,state,3,D_INVERTED,llama3.1:8b,ollama,101,0,0.2,False,False,0.875,"[""r4""]","[""rejected_all""]",REJECTED_ALL,3,3,,False,2486,181,0,2667,2.5882773000048473,2.5894681999925524,0,3,0,0,"[""omitted_requirement"", ""wrong_value""]"
trial-d5adaa33fb1db0db31,decisive-20260831-054125,state-L4-e6b56ba4d4dc,state,4,D_INVERTED,llama3.1:8b,ollama,101,0,0.2,False,False,0.9090909090909091,"[""r3""]","[""fault:omitted_requirement"", ""requirement:r3""]",FAILED,1,0,cand-c92574ac44bf,False,1073,14,0,1087,0.41250610002316535,0.4129386999993585,0,0,1,0,"[""omitted_requirement""]"
trial-eab5bc7e8449f9e03c,decisive-20260831-054125,policy-L1-e7dfa68067a3,policy,1,D_INVERTED,llama3.1:8b,ollama,101,0,0.2,False,False,0.0,"[""r1""]","[""rejected_all""]",REJECTED_ALL,3,3,,False,823,112,0,935,1.480271200009156,1.48101599997608,0,3,0,0,"[""forbidden_procedure+forced_requirement_violation"", ""unintended_side_effect+forced_requirement_violation""]"
trial-e3f939719c6fae9d21,decisive-20260831-054125,policy-L1-e7dfa68067a3,policy,1,D_INVERTED,llama3.1:8b,ollama,101,0,0.6,False,False,0.0,"[""r1""]","[""fault:omitted_requirement"", ""requirement:r1""]",FAILED,3,2,cand-309ef5e8415d,False,763,102,0,865,1.2977254000143148,1.298416800040286,0,2,1,0,"[""omitted_requirement"", ""ordering_violation+forced_requirement_violation"", ""unintended_side_effect+forced_requirement_violation""]"
trial-1a71795dbbf71fb3b2,decisive-20260831-054125,policy-L2-a7d4d2b3ff88,policy,2,D_INVERTED,llama3.1:8b,ollama,101,0,0.2,False,False,0.75,"[""r4""]","[""fault:ordering_violation"", ""requirement:r4""]",FAILED,1,0,cand-778e159656f9,False,426,34,0,460,0.4883992000250146,0.488698499975726,0,0,1,0,"[""ordering_violation""]"
trial-c51aaa862fd4073f94,decisive-20260831-054125,policy-L2-a7d4d2b3ff88,policy,2,D_INVERTED,llama3.1:8b,ollama,101,0,0.6,False,False,0.75,"[""r4""]","[""fault:ordering_violation"", ""requirement:r4""]",FAILED,2,1,cand-1912c9d2f8eb,False,911,110,0,1021,1.3921717000193894,1.3927511000074446,0,1,1,0,"[""ordering_violation"", ""unintended_side_effect+forced_requirement_violation""]"
trial-4ace543a274eebe6d8,decisive-20260831-054125,policy-L3-e982dfee40de,policy,3,D_INVERTED,llama3.1:8b,ollama,101,0,0.4,False,False,0.8333333333333334,"[""r6""]","[""fault:ordering_violation"", ""requirement:r6""]",FAILED,1,0,cand-c9bbc540d03a,False,568,34,0,602,0.5043857999844477,0.5046838999842294,0,0,1,0,"[""ordering_violation""]"
trial-b4e26dadc4dc1209db,decisive-20260831-054125,policy-L3-e982dfee40de,policy,3,D_INVERTED,llama3.1:8b,ollama,101,0,0.6,False,False,0.8333333333333334,"[""r6""]","[""fault:ordering_violation"", ""requirement:r6""]",FAILED,1,0,cand-8d42ec830c8b,False,568,34,0,602,0.41827100003138185,0.4186028999974951,0,0,1,0,"[""ordering_violation""]"
trial-ac5ff5399a76cdf41b,decisive-20260831-054125,policy-L4-2c8f9d2d44ac,policy,4,D_INVERTED,llama3.1:8b,ollama,101,0,0.2,False,True,0.9090909090909091,"[""r10""]","[""fault:forbidden_procedure"", ""requirement:r10""]",FAILED,1,0,cand-1c8ceeeb0f85,False,952,27,0,979,0.5231397000025027,0.5236011000233702,0,0,1,0,"[""forbidden_procedure""]"
trial-71cf9d83abefe86bdd,decisive-20260831-054125,reconciliation-L1-efcfe1ef4f8b,reconciliation,1,D_INVERTED,llama3.1:8b,ollama,101,0,0.2,False,False,0.0,"[""r1""]","[""fault:omitted_requirement"", ""requirement:r1""]",FAILED,2,1,cand-07486b1ae754,False,544,87,0,631,1.1312813000404276,1.1317601999617182,0,1,1,0,"[""omitted_requirement"", ""unintended_side_effect+forced_requirement_violation""]"
trial-8aa31f15804131c59b,decisive-20260831-054125,reconciliation-L1-efcfe1ef4f8b,reconciliation,1,D_INVERTED,llama3.1:8b,ollama,101,0,0.4,False,False,0.0,"[""r1""]","[""rejected_all""]",REJECTED_ALL,3,3,,False,879,158,0,1037,1.924055099952966,1.924767799966503,0,3,0,0,"[""unintended_side_effect+forced_requirement_violation"", ""wrong_value""]"
trial-5dcb5b32f1cba21723,decisive-20260831-054125,reconciliation-L1-efcfe1ef4f8b,reconciliation,1,D_INVERTED,llama3.1:8b,ollama,101,0,0.6,False,False,0.0,"[""r1""]","[""rejected_all""]",REJECTED_ALL,3,3,,False,828,157,0,985,1.8746030001202598,1.8753493000403978,0,3,0,0,"[""unintended_side_effect+forced_requirement_violation"", ""wrong_value""]"
trial-6808d0c6e4dae86e87,decisive-20260831-054125,reconciliation-L1-efcfe1ef4f8b,reconciliation,1,D_INVERTED,llama3.1:8b,ollama,101,0,0.8,False,False,0.0,"[""r1""]","[""fault:omitted_requirement"", ""requirement:r1""]",FAILED,1,0,cand-69f6554205db,False,234,34,0,268,0.4418661000090651,0.4420992999803275,0,0,1,0,"[""omitted_requirement""]"
trial-5e9d15e8dad27867bf,decisive-20260831-054125,reconciliation-L2-e6dcae527519,reconciliation,2,D_INVERTED,llama3.1:8b,ollama,101,0,0.6,False,False,0.8,"[""r3""]","[""rejected_all""]",REJECTED_ALL,3,3,,False,2328,249,0,2577,3.2044543000520207,3.2055006999871694,0,3,0,0,"[""unintended_side_effect+forced_requirement_violation"", ""wrong_value""]"
trial-99775e3151db743374,decisive-20260831-054125,reconciliation-L3-46d992c2c3ac,reconciliation,3,D_INVERTED,llama3.1:8b,ollama,101,0,0.2,False,False,0.875,"[""r6""]","[""fault:omitted_requirement"", ""requirement:r6""]",FAILED,2,1,cand-b8edf2964d51,False,2306,85,0,2391,1.48847039998509,1.4893455000128597,0,1,1,0,"[""omitted_requirement"", ""unintended_side_effect+forced_requirement_violation""]"
trial-8c2983200ef24d7dfd,decisive-20260831-054125,reconciliation-L3-46d992c2c3ac,reconciliation,3,D_INVERTED,llama3.1:8b,ollama,101,0,0.4,False,False,0.875,"[""r2""]","[""fault:omitted_requirement"", ""requirement:r2""]",FAILED,1,0,cand-03522ac9fff3,False,1115,14,0,1129,0.4141529999906197,0.41461059998255223,0,0,1,0,"[""omitted_requirement""]"
trial-4e306b883acaaa1611,decisive-20260831-054125,reconciliation-L4-7dcf81e2137c,reconciliation,4,D_INVERTED,llama3.1:8b,ollama,101,0,0.2,False,False,0.9,"[""r4""]","[""fault:omitted_requirement"", ""requirement:r4""]",FAILED,1,0,cand-d05da9acaee5,False,1367,34,0,1401,0.6955703999847174,0.6959985999856144,0,0,1,0,"[""omitted_requirement""]"
trial-ad504240e4c5a76ea9,decisive-20260831-054125,reconciliation-L4-7dcf81e2137c,reconciliation,4,D_INVERTED,llama3.1:8b,ollama,101,0,0.4,False,False,0.0,[],"[""budget_exhausted""]",BUDGET_EXHAUSTED,3,2,,True,4202,166,0,4368,2.587906699976884,2.5890443000243977,0,2,0,0,"[""unintended_side_effect+forced_requirement_violation"", ""wrong_value""]"
trial-abba178b5c5abc8840,decisive-20260831-054125,reconciliation-L4-7dcf81e2137c,reconciliation,4,D_INVERTED,llama3.1:8b,ollama,101,0,0.6,False,False,0.9,"[""r1""]","[""fault:omitted_requirement"", ""requirement:r1""]",FAILED,1,0,cand-efe1971c5bf6,False,1367,34,0,1401,0.681290699983947,0.6818617999670096,0,0,1,0,"[""omitted_requirement""]"
trial-e9a1582f5ac69369b5,decisive-20260831-054125,state-L1-45182e92dc07,state,1,D_INVERTED,llama3.1:8b,ollama,101,1,0.8,False,False,0.0,"[""r1""]","[""fault:omitted_requirement"", ""requirement:r1""]",FAILED,1,0,cand-8fd04e17552b,False,202,34,0,236,0.4390445000026375,0.4392680000164546,0,0,1,0,"[""omitted_requirement""]"
trial-fbf8eec65f21642695,decisive-20260831-054125,state-L2-21ac583b8707,state,2,D_INVERTED,llama3.1:8b,ollama,101,1,0.4,False,False,0.75,"[""r2""]","[""fault:omitted_requirement"", ""requirement:r2""]",FAILED,1,0,cand-1bc0547d5eca,False,462,34,0,496,0.48811040003784,0.4883983999607153,0,0,1,0,"[""omitted_requirement""]"
trial-c84470792f9a67ad4d,decisive-20260831-054125,state-L3-77d0f95bbc7d,state,3,D_INVERTED,llama3.1:8b,ollama,101,1,0.2,False,False,0.8333333333333334,"[""r2""]","[""rejected_all""]",REJECTED_ALL,3,3,,False,1964,184,0,2148,2.5864701000391506,2.587446000019554,0,3,0,0,"[""omitted_requirement"", ""wrong_value""]"
trial-05406dc99412dfd458,decisive-20260831-054125,state-L4-bef59977592f,state,4,D_INVERTED,llama3.1:8b,ollama,101,1,0.2,False,False,0.9230769230769231,"[""r12""]","[""fault:omitted_requirement"", ""requirement:r12""]",FAILED,1,0,cand-3fdceb025106,False,1244,34,0,1278,0.6898507999721915,0.6903049999964423,0,0,1,0,"[""omitted_requirement""]"
trial-8c1dcf74ade5b772b3,decisive-20260831-054125,policy-L1-07bbbe7d5396,policy,1,D_INVERTED,llama3.1:8b,ollama,101,1,0.2,False,False,0.5,"[""r2""]","[""fault:omitted_requirement"", ""requirement:r2""]",FAILED,3,2,cand-8ae28647578a,False,914,134,0,1048,1.7151600000215694,1.7159883999847807,0,2,1,0,"[""forbidden_procedure+forced_requirement_violation"", ""omitted_requirement""]"
trial-7e031a13ddc8d73af7,decisive-20260831-054125,policy-L1-07bbbe7d5396,policy,1,D_INVERTED,llama3.1:8b,ollama,101,1,0.8,False,False,0.5,"[""r2""]","[""fault:omitted_requirement"", ""requirement:r2""]",FAILED,1,0,cand-af4ae97e0f9f,False,264,34,0,298,0.4260546999867074,0.42632119997870177,0,0,1,0,"[""omitted_requirement""]"
trial-c932ce0a71b3d6a99f,decisive-20260831-054125,policy-L2-ae5db2fbd97c,policy,2,D_INVERTED,llama3.1:8b,ollama,101,1,0.2,False,False,0.8,"[""r1""]","[""rejected_all""]",REJECTED_ALL,3,3,,False,1671,267,0,1938,3.205145599960815,3.206152500002645,0,3,0,0,"[""unintended_side_effect+forced_requirement_violation""]"
trial-dad6fc39f11d652384,decisive-20260831-054125,policy-L3-dad7db66bb61,policy,3,D_INVERTED,llama3.1:8b,ollama,101,1,0.2,False,True,0.8888888888888888,"[""r8""]","[""fault:forbidden_procedure"", ""requirement:r8""]",FAILED,1,0,cand-677f6c41f146,False,802,34,0,836,0.5889791000518017,0.5893041000235826,0,0,1,0,"[""forbidden_procedure""]"
trial-cc6a1b26ed93822645,decisive-20260831-054125,policy-L3-dad7db66bb61,policy,3,D_INVERTED,llama3.1:8b,ollama,101,1,0.4,False,False,0.8888888888888888,"[""r9""]","[""fault:ordering_violation"", ""requirement:r9""]",FAILED,1,0,cand-b60cea7e1f12,False,788,34,0,822,0.5692494999966584,0.5695915000396781,0,0,1,0,"[""ordering_violation""]"
trial-9dae320925835d1f67,decisive-20260831-054125,policy-L4-820fa8d67aae,policy,4,D_INVERTED,llama3.1:8b,ollama,101,1,0.2,False,False,0.9230769230769231,"[""r13""]","[""fault:ordering_violation"", ""requirement:r13""]",FAILED,1,0,cand-7573b04fd113,False,1081,13,0,1094,0.43062120000831783,0.4309598000254482,0,0,1,0,"[""ordering_violation""]"
trial-065a3e14df9cbdcfa0,decisive-20260831-054125,policy-L4-820fa8d67aae,policy,4,D_INVERTED,llama3.1:8b,ollama,101,1,0.4,False,False,0.9230769230769231,"[""r4""]","[""fault:omitted_requirement"", ""requirement:r4""]",FAILED,1,0,cand-4cc91e3d8dd8,False,1062,13,0,1075,0.395892400003504,0.3962599000078626,0,0,1,0,"[""omitted_requirement""]"
trial-49fb519149c6a5d967,decisive-20260831-054125,policy-L4-820fa8d67aae,policy,4,D_INVERTED,llama3.1:8b,ollama,101,1,0.8,False,False,0.9230769230769231,"[""r13""]","[""fault:ordering_violation"", ""requirement:r13""]",FAILED,1,0,cand-5c3dab34b91e,False,1081,13,0,1094,0.2346648999955505,0.23520850000204518,0,0,1,0,"[""ordering_violation""]"
trial-7be682fa0a54f88862,decisive-20260831-054125,reconciliation-L1-3b9a63f9631f,reconciliation,1,D_INVERTED,llama3.1:8b,ollama,101,1,0.95,False,False,0.0,"[""r1""]","[""fault:omitted_requirement"", ""requirement:r1""]",FAILED,1,0,cand-3e10ccf239f5,False,234,34,0,268,0.43724980001570657,0.43750070000533015,0,0,1,0,"[""omitted_requirement""]"
trial-dca7fb10c80aa6e5f0,decisive-20260831-054125,reconciliation-L2-8aa5e485f076,reconciliation,2,D_INVERTED,llama3.1:8b,ollama,101,1,0.2,False,False,0.8,"[""r1""]","[""rejected_all""]",REJECTED_ALL,3,3,,False,2385,304,0,2689,3.9098528000176884,3.9109235999640077,0,3,0,0,"[""unintended_side_effect+forced_requirement_violation"", ""wrong_value""]"
trial-a5b772414d3117afae,decisive-20260831-054125,reconciliation-L3-9413ff21957f,reconciliation,3,D_INVERTED,llama3.1:8b,ollama,101,1,0.4,False,False,0.8333333333333334,"[""r5""]","[""fault:omitted_requirement"", ""requirement:r5""]",FAILED,2,1,cand-1939b77f2c62,False,1747,95,0,1842,1.4703262000111863,1.4712032999959774,0,1,1,0,"[""omitted_requirement"", ""wrong_value""]"
trial-52ee09f326fe19e577,decisive-20260831-054125,reconciliation-L4-6c0b4bd6fe2e,reconciliation,4,D_INVERTED,llama3.1:8b,ollama,101,1,0.2,False,False,0.0,[],"[""budget_exhausted""]",BUDGET_EXHAUSTED,3,2,,True,4182,180,0,4362,2.982880199968349,2.98416339996038,0,2,0,0,"[""wrong_value""]"
trial-7ab0ca327d5f224e1f,decisive-20260831-054125,state-L1-eca1466e061d,state,1,D_INVERTED,llama3.1:8b,ollama,101,2,0.2,False,False,0.5,"[""r1""]","[""rejected_all""]",REJECTED_ALL,3,3,,False,1095,126,0,1221,1.5340182000072673,1.5348938999813981,0,3,0,0,"[""unintended_side_effect+forced_requirement_violation""]"
trial-ee6a8933e362941e22,decisive-20260831-054125,state-L2-fd1bae17e5a1,state,2,D_INVERTED,llama3.1:8b,ollama,101,2,0.2,False,False,0.75,"[""r1""]","[""rejected_all""]",REJECTED_ALL,3,3,,False,1575,153,0,1728,2.011347399908118,2.0122608999954537,0,3,0,0,"[""unintended_side_effect+forced_requirement_violation"", ""wrong_value""]"
trial-c60117286c786d8ee7,decisive-20260831-054125,state-L3-d553f2169d66,state,3,D_INVERTED,llama3.1:8b,ollama,101,2,0.2,False,True,0.8333333333333334,"[""r6""]","[""fault:omitted_requirement"", ""requirement:r6""]",FAILED,1,0,cand-cfcd14d4cc9b,False,636,34,0,670,0.5251490999944508,0.5254543999908492,0,0,1,0,"[""omitted_requirement""]"
trial-5dc3332735d3b0454a,decisive-20260831-054125,state-L4-1395494fa396,state,4,D_INVERTED,llama3.1:8b,ollama,101,2,0.2,False,False,0.9333333333333333,"[""r6""]","[""fault:omitted_requirement"", ""requirement:r6""]",FAILED,2,1,cand-1ff07a99567c,False,2861,59,0,2920,1.3673697999911383,1.368440099991858,0,1,1,0,"[""omitted_requirement"", ""wrong_value""]"
trial-f9f9515d98e34140f2,decisive-20260831-054125,policy-L1-9bd8bf0c2ab7,policy,1,D_INVERTED,llama3.1:8b,ollama,101,2,0.2,False,False,0.0,"[""r1""]","[""fault:wrong_value"", ""requirement:r1""]",FAILED,1,0,cand-ae78c213dece,False,224,34,0,258,0.49198180000530556,0.4922309000394307,0,0,1,0,"[""wrong_value""]"
trial-3390b7fa30c49b677f,decisive-20260831-054125,policy-L1-9bd8bf0c2ab7,policy,1,D_INVERTED,llama3.1:8b,ollama,101,2,0.6,False,False,0.0,"[""r1""]","[""fault:omitted_requirement"", ""requirement:r1""]",FAILED,2,1,cand-0238bdd8aa38,False,489,69,0,558,0.9586143999476917,0.9591249999939464,0,1,1,0,"[""omitted_requirement"", ""ordering_violation+forced_requirement_violation""]"
trial-06ee46c97666f2553e,decisive-20260831-054125,policy-L2-4e61894b711f,policy,2,D_INVERTED,llama3.1:8b,ollama,101,2,0.2,False,True,0.75,"[""r3""]","[""fault:forbidden_procedure"", ""requirement:r3""]",FAILED,1,0,cand-e3d49ad6271a,False,438,34,0,472,0.49276049999753013,0.4930169000290334,0,0,1,0,"[""forbidden_procedure""]"
trial-3fea4f450a7b71fd90,decisive-20260831-054125,policy-L2-4e61894b711f,policy,2,D_INVERTED,llama3.1:8b,ollama,101,2,0.4,False,False,0.75,"[""r4""]","[""fault:ordering_violation"", ""requirement:r4""]",FAILED,2,1,cand-83a1a01c0b16,False,907,135,0,1042,1.7321863999823108,1.7327477000071667,0,1,1,0,"[""ordering_violation"", ""unintended_side_effect+forced_requirement_violation""]"
trial-c8f2a415f9ca21c256,decisive-20260831-054125,policy-L2-4e61894b711f,policy,2,D_INVERTED,llama3.1:8b,ollama,101,2,0.6,False,False,0.75,"[""r4""]","[""fault:ordering_violation"", ""requirement:r4""]",FAILED,1,0,cand-a51cc7464eee,False,424,34,0,458,0.42701290000695735,0.42732519999844953,0,0,1,0,"[""ordering_violation""]"
trial-3ad6482b0fb15e97c5,decisive-20260831-054125,policy-L3-927bb5a40de6,policy,3,D_INVERTED,llama3.1:8b,ollama,101,2,0.2,False,True,0.8571428571428571,"[""r6""]","[""fault:forbidden_procedure"", ""requirement:r6""]",FAILED,1,0,cand-74ae57183a40,False,657,34,0,691,0.5430367999942973,0.5433681999566033,0,0,1,0,"[""forbidden_procedure""]"
trial-65bef622c4e3239c9e,decisive-20260831-054125,policy-L3-927bb5a40de6,policy,3,D_INVERTED,llama3.1:8b,ollama,101,2,0.4,False,False,0.8571428571428571,"[""r7""]","[""fault:ordering_violation"", ""requirement:r7""]",FAILED,1,0,cand-d80e08c1c607,False,643,34,0,677,0.525486099999398,0.5257932000095025,0,0,1,0,"[""ordering_violation""]"
trial-325372f3051429c3a6,decisive-20260831-054125,policy-L4-6e719c7e657e,policy,4,D_INVERTED,llama3.1:8b,ollama,101,2,0.2,False,False,0.9285714285714286,"[""r7""]","[""fault:omitted_requirement"", ""requirement:r7""]",FAILED,1,0,cand-9df8b87f71c1,False,1136,13,0,1149,0.4162930999882519,0.4166714000166394,0,0,1,0,"[""omitted_requirement""]"
trial-417a95329305677e31,decisive-20260831-054125,policy-L4-6e719c7e657e,policy,4,D_INVERTED,llama3.1:8b,ollama,101,2,0.4,False,True,0.9285714285714286,"[""r13""]","[""fault:forbidden_procedure"", ""requirement:r13""]",FAILED,1,0,cand-5b3a159e33d3,False,1169,34,0,1203,0.618844699987676,0.6192471000249498,0,0,1,0,"[""forbidden_procedure""]"
trial-1858d62e2cbef424dd,decisive-20260831-054125,reconciliation-L2-b5237dc925f6,reconciliation,2,D_INVERTED,llama3.1:8b,ollama,101,2,0.4,False,False,0.8,"[""r5""]","[""fault:omitted_requirement"", ""requirement:r5""]",FAILED,1,0,cand-a8b4da08c6ed,False,735,34,0,769,0.5440433000330813,0.5444380000117235,0,0,1,0,"[""omitted_requirement""]"
trial-5fb39a6151698e8dbc,decisive-20260831-054125,reconciliation-L3-bebd65e2c70c,reconciliation,3,D_INVERTED,llama3.1:8b,ollama,101,2,0.2,False,False,0.8888888888888888,"[""r3""]","[""rejected_all""]",REJECTED_ALL,3,3,,False,3795,158,0,3953,2.6463068000157364,2.647560799960047,0,3,0,0,"[""wrong_value""]"
trial-73054a830b7b31526f,decisive-20260831-054125,reconciliation-L4-6565f5a37c6f,reconciliation,4,D_INVERTED,llama3.1:8b,ollama,101,2,0.2,False,False,0.0,[],"[""budget_exhausted""]",BUDGET_EXHAUSTED,2,1,,True,4072,351,0,4423,4.9870811000000685,4.9880499000428244,0,1,0,0,"[""unintended_side_effect+forced_requirement_violation""]"
trial-06fb7803bd434ab4bc,decisive-20260831-054125,reconciliation-L4-6565f5a37c6f,reconciliation,4,D_INVERTED,llama3.1:8b,ollama,101,2,0.4,False,False,0.0,[],"[""budget_exhausted""]",BUDGET_EXHAUSTED,2,1,,True,4097,378,0,4475,5.045567599998321,5.046556599962059,0,1,0,0,"[""unintended_side_effect+forced_requirement_violation""]"
trial-c08fefb0eb02739ec4,decisive-20260831-054125,reconciliation-L4-6565f5a37c6f,reconciliation,4,D_INVERTED,llama3.1:8b,ollama,101,2,0.8,False,True,0.9333333333333333,"[""r15""]","[""fault:omitted_requirement"", ""requirement:r15""]",FAILED,1,0,cand-ac77a297971d,False,1998,34,0,2032,0.7574970000423491,0.7580747999600135,0,0,1,0,"[""omitted_requirement""]"
trial-9bb344f657eb518157,decisive-20260831-054125,state-L3-2618991c7c4a,state,3,D_INVERTED,phi4-mini:3.8b,ollama,101,0,0.2,False,False,0.875,"[""r4""]","[""rejected_all""]",REJECTED_ALL,3,3,,False,2453,188,0,2641,1.6709477999829687,1.6721008999738842,0,3,0,0,"[""omitted_requirement"", ""wrong_value""]"
trial-e7e9dc86159e79ee2b,decisive-20260831-054125,state-L4-e6b56ba4d4dc,state,4,D_INVERTED,phi4-mini:3.8b,ollama,101,0,0.2,False,False,0.9090909090909091,"[""r1""]","[""rejected_all""]",REJECTED_ALL,3,3,,False,3290,231,0,3521,2.0988102999981493,2.100123699987307,0,3,0,0,"[""omitted_requirement"", ""unintended_side_effect+forced_requirement_violation"", ""wrong_value""]"
trial-a738d4fb7f36d88194,decisive-20260831-054125,policy-L1-e7dfa68067a3,policy,1,D_INVERTED,phi4-mini:3.8b,ollama,101,0,0.2,False,False,0.0,"[""r1""]","[""rejected_all""]",REJECTED_ALL,3,3,,False,793,244,0,1037,1.8152732000453398,1.8160787000088021,0,3,0,0,"[""forbidden_procedure+forced_requirement_violation"", ""unintended_side_effect+forced_requirement_violation""]"
trial-e9fb124625b739271f,decisive-20260831-054125,policy-L1-e7dfa68067a3,policy,1,D_INVERTED,phi4-mini:3.8b,ollama,101,0,0.6,False,False,0.0,"[""r1""]","[""fault:omitted_requirement"", ""requirement:r1""]",FAILED,3,2,cand-309ef5e8415d,False,732,257,0,989,1.8727850000141189,1.8734808000153862,0,2,1,0,"[""omitted_requirement"", ""ordering_violation+forced_requirement_violation"", ""unintended_side_effect+forced_requirement_violation""]"
trial-8caca6165689f28ca4,decisive-20260831-054125,policy-L2-a7d4d2b3ff88,policy,2,A_DIRECT,phi4-mini:3.8b,ollama,101,0,0.2,False,False,0.5,"[""r1"", ""r2""]","[""requirement:r1"", ""requirement:r2""]",FAILED,1,0,trial-8caca6165689f28ca4-direct-0,False,305,47,0,352,0.3914995999657549,0.39173350000055507,0,0,0,0,[]
trial-0e1d1dcba5d4b6ab35,decisive-20260831-054125,policy-L2-a7d4d2b3ff88,policy,2,B_DIRECT_CHECKED,phi4-mini:3.8b,ollama,101,0,0.2,False,False,0.0,[],[],REJECTED_ALL,3,3,,False,943,141,0,1084,1.0842173000564799,1.084702699969057,0,0,0,0,[]
trial-fd560952411be557dc,decisive-20260831-054125,policy-L2-a7d4d2b3ff88,policy,2,D_INVERTED,phi4-mini:3.8b,ollama,101,0,0.2,False,False,0.75,"[""r4""]","[""fault:ordering_violation"", ""requirement:r4""]",FAILED,1,0,cand-778e159656f9,False,415,35,0,450,0.33088610001141205,0.3311926999595016,0,0,1,0,"[""ordering_violation""]"
trial-c1abff4214c7deec61,decisive-20260831-054125,policy-L2-a7d4d2b3ff88,policy,2,D_INVERTED,phi4-mini:3.8b,ollama,101,0,0.6,False,False,0.75,"[""r1""]","[""fault:unintended_side_effect+forced_requirement_violation"", ""requirement:r1""]",FAILED,1,0,cand-4ab45336c3c7,False,475,35,0,510,0.32226950000040233,0.3225756000028923,0,0,1,0,"[""unintended_side_effect+forced_requirement_violation""]"
trial-1c5cee572911d96d4b,decisive-20260831-054125,policy-L3-e982dfee40de,policy,3,A_DIRECT,phi4-mini:3.8b,ollama,101,0,0.2,False,False,0.16666666666666666,"[""r1"", ""r2"", ""r3"", ""r4"", ""r6""]","[""requirement:r1"", ""requirement:r2"", ""requirement:r3"", ""requirement:r4"", ""requirement:r6""]",FAILED,1,0,trial-1c5cee572911d96d4b-direct-0,False,397,61,0,458,0.5106137999682687,0.51087679999182,0,0,0,0,[]
trial-949c2a2ae20b289b4f,decisive-20260831-054125,policy-L3-e982dfee40de,policy,3,B_DIRECT_CHECKED,phi4-mini:3.8b,ollama,101,0,0.2,False,False,0.0,[],[],REJECTED_ALL,3,3,,False,1229,202,0,1431,1.5389908000361174,1.5395113000413403,0,0,0,0,[]
trial-2bbbf21de1c555b0e6,decisive-20260831-054125,policy-L3-e982dfee40de,policy,3,D_INVERTED,phi4-mini:3.8b,ollama,101,0,0.2,False,False,0.8333333333333334,"[""r1""]","[""fault:wrong_value+forced_requirement_violation"", ""requirement:r1""]",FAILED,1,0,cand-4ace513c7f69,False,586,35,0,621,0.35539559996686876,0.35570369998458773,0,0,1,0,"[""wrong_value+forced_requirement_violation""]"
trial-445e1a4b5f7071bd2e,decisive-20260831-054125,policy-L3-e982dfee40de,policy,3,D_INVERTED,phi4-mini:3.8b,ollama,101,0,0.4,False,False,0.8333333333333334,"[""r6""]","[""fault:ordering_violation"", ""requirement:r6""]",FAILED,1,0,cand-c9bbc540d03a,False,557,35,0,592,0.3229572999989614,0.32327770005213097,0,0,1,0,"[""ordering_violation""]"
trial-f5732ac10f24ce01bf,decisive-20260831-054125,policy-L3-e982dfee40de,policy,3,D_INVERTED,phi4-mini:3.8b,ollama,101,0,0.6,False,False,0.8333333333333334,"[""r6""]","[""fault:ordering_violation"", ""requirement:r6""]",FAILED,1,0,cand-8d42ec830c8b,False,557,34,0,591,0.2751943999901414,0.2755317999981344,0,0,1,0,"[""ordering_violation""]"
trial-b258b4db3dbc16d3c5,decisive-20260831-054125,policy-L4-2c8f9d2d44ac,policy,4,A_DIRECT,phi4-mini:3.8b,ollama,101,0,0.2,False,True,0.18181818181818182,"[""r1"", ""r2"", ""r3"", ""r4"", ""r5"", ""r6"", ""r7"", ""r8"", ""r9""]","[""requirement:r1"", ""requirement:r2"", ""requirement:r3"", ""requirement:r4"", ""requirement:r5"", ""requirement:r6"", ""requirement:r7"", ""requirement:r8"", ""requirement:r9""]",FAILED,1,0,trial-b258b4db3dbc16d3c5-direct-0,False,642,150,0,792,1.1193906999542378,1.1196905999677256,0,0,0,0,[]
trial-ce3b39c254b2ca9299,decisive-20260831-054125,policy-L4-2c8f9d2d44ac,policy,4,B_DIRECT_CHECKED,phi4-mini:3.8b,ollama,101,0,0.2,False,False,0.0,[],[],REJECTED_ALL,3,3,,False,1984,431,0,2415,3.121653900016099,3.1222955000121146,0,0,0,0,[]
trial-2b285921cec7acda21,decisive-20260831-054125,policy-L4-2c8f9d2d44ac,policy,4,D_INVERTED,phi4-mini:3.8b,ollama,101,0,0.2,False,True,0.9090909090909091,"[""r10""]","[""fault:forbidden_procedure"", ""requirement:r10""]",FAILED,1,0,cand-1c8ceeeb0f85,False,941,35,0,976,0.3870685999863781,0.3874239000142552,0,0,1,0,"[""forbidden_procedure""]"
trial-646fa1f8904ee71dab,decisive-20260831-054125,policy-L4-2c8f9d2d44ac,policy,4,D_INVERTED,phi4-mini:3.8b,ollama,101,0,0.6,False,False,0.9090909090909091,"[""r1""]","[""fault:wrong_value+forced_requirement_violation"", ""requirement:r1""]",FAILED,1,0,cand-1fb304ee7428,False,956,35,0,991,0.37810840003658086,0.378506799985189,0,0,1,0,"[""wrong_value+forced_requirement_violation""]"
trial-24d7dd503c9445a209,decisive-20260831-054125,reconciliation-L1-efcfe1ef4f8b,reconciliation,1,D_INVERTED,phi4-mini:3.8b,ollama,101,0,0.2,False,False,0.0,"[""r1""]","[""fault:unintended_side_effect+forced_requirement_violation"", ""requirement:r1""]",FAILED,1,0,cand-f64a15c34646,False,300,41,0,341,0.3493819000432268,0.3496465000207536,0,0,1,0,"[""unintended_side_effect+forced_requirement_violation""]"
trial-61f45ec40e869dfce5,decisive-20260831-054125,reconciliation-L1-efcfe1ef4f8b,reconciliation,1,D_INVERTED,phi4-mini:3.8b,ollama,101,0,0.4,False,False,0.0,"[""r1""]","[""fault:unintended_side_effect+forced_requirement_violation"", ""requirement:r1""]",FAILED,1,0,cand-7ccaafdbbee5,False,300,41,0,341,0.31508689996553585,0.31534229998942465,0,0,1,0,"[""unintended_side_effect+forced_requirement_violation""]"
trial-1eabbefb5d9c724a2d,decisive-20260831-054125,reconciliation-L1-efcfe1ef4f8b,reconciliation,1,D_INVERTED,phi4-mini:3.8b,ollama,101,0,0.6,False,False,0.0,"[""r1""]","[""fault:unintended_side_effect+forced_requirement_violation"", ""requirement:r1""]",FAILED,3,2,cand-661d7e700929,False,796,161,0,957,1.2386021999991499,1.239304099988658,0,2,1,0,"[""unintended_side_effect+forced_requirement_violation"", ""wrong_value""]"
trial-2914498d7e2e784f09,decisive-20260831-054125,reconciliation-L1-efcfe1ef4f8b,reconciliation,1,D_INVERTED,phi4-mini:3.8b,ollama,101,0,0.8,False,False,0.0,"[""r1""]","[""fault:omitted_requirement"", ""requirement:r1""]",FAILED,1,0,cand-69f6554205db,False,223,52,0,275,0.4168339000316337,0.4170698000234552,0,0,1,0,"[""omitted_requirement""]"
trial-e64ac9e187cd52cb6e,decisive-20260831-054125,reconciliation-L2-e6dcae527519,reconciliation,2,D_INVERTED,phi4-mini:3.8b,ollama,101,0,0.6,False,False,0.8,"[""r3""]","[""rejected_all""]",REJECTED_ALL,3,3,,False,2297,267,0,2564,2.1141602999414317,2.1152027000207454,0,3,0,0,"[""unintended_side_effect+forced_requirement_violation"", ""wrong_value""]"
trial-946358413b89735581,decisive-20260831-054125,reconciliation-L3-46d992c2c3ac,reconciliation,3,D_INVERTED,phi4-mini:3.8b,ollama,101,0,0.2,False,False,0.875,"[""r6""]","[""fault:omitted_requirement"", ""requirement:r6""]",FAILED,2,1,cand-b8edf2964d51,False,2285,174,0,2459,1.5386356000090018,1.5395272999885492,0,1,1,0,"[""omitted_requirement"", ""unintended_side_effect+forced_requirement_violation""]"
trial-cf747cbfef80ae9d0b,decisive-20260831-054125,reconciliation-L3-46d992c2c3ac,reconciliation,3,D_INVERTED,phi4-mini:3.8b,ollama,101,0,0.4,False,False,0.875,"[""r2""]","[""fault:omitted_requirement"", ""requirement:r2""]",FAILED,1,0,cand-03522ac9fff3,False,1104,35,0,1139,0.4037982999579981,0.4041974000283517,0,0,1,0,"[""omitted_requirement""]"
trial-53cdbf5429d2233849,decisive-20260831-054125,reconciliation-L4-7dcf81e2137c,reconciliation,4,D_INVERTED,phi4-mini:3.8b,ollama,101,0,0.2,False,True,0.9,"[""r10""]","[""fault:wrong_value"", ""requirement:r10""]",FAILED,2,1,cand-f1d711d44778,False,2737,140,0,2877,1.3772454999852926,1.3784532000427134,0,1,1,0,"[""omitted_requirement"", ""wrong_value""]"
trial-f7f521f9bfe2ab30ae,decisive-20260831-054125,reconciliation-L4-7dcf81e2137c,reconciliation,4,D_INVERTED,phi4-mini:3.8b,ollama,101,0,0.4,False,True,0.9,"[""r10""]","[""fault:wrong_value"", ""requirement:r10""]",FAILED,1,0,cand-020c77ef9af0,False,1381,35,0,1416,0.27808889996958897,0.2786445000092499,0,0,1,0,"[""wrong_value""]"
trial-0b3e3cce4d56cd1e62,decisive-20260831-054125,reconciliation-L4-7dcf81e2137c,reconciliation,4,D_INVERTED,phi4-mini:3.8b,ollama,101,0,0.6,False,False,0.9,"[""r1""]","[""fault:omitted_requirement"", ""requirement:r1""]",FAILED,1,0,cand-efe1971c5bf6,False,1356,35,0,1391,0.43353989999741316,0.4340078000095673,0,0,1,0,"[""omitted_requirement""]"
trial-3a2cd0fd2b18dd850c,decisive-20260831-054125,state-L1-45182e92dc07,state,1,D_INVERTED,phi4-mini:3.8b,ollama,101,1,0.8,False,False,0.0,"[""r1""]","[""fault:omitted_requirement"", ""requirement:r1""]",FAILED,1,0,cand-8fd04e17552b,False,191,69,0,260,0.5273684000130743,0.5276075999718159,0,0,1,0,"[""omitted_requirement""]"
trial-daf7eaf444c338abed,decisive-20260831-054125,state-L2-21ac583b8707,state,2,D_INVERTED,phi4-mini:3.8b,ollama,101,1,0.4,False,False,0.75,"[""r2""]","[""fault:omitted_requirement"", ""requirement:r2""]",FAILED,1,0,cand-1bc0547d5eca,False,451,35,0,486,0.31531899998662993,0.31561049999436364,0,0,1,0,"[""omitted_requirement""]"
trial-6e7c06a114dc229661,decisive-20260831-054125,state-L3-77d0f95bbc7d,state,3,D_INVERTED,phi4-mini:3.8b,ollama,101,1,0.2,False,False,0.8333333333333334,"[""r2""]","[""rejected_all""]",REJECTED_ALL,3,3,,False,1931,249,0,2180,2.053947300009895,2.054897300025914,0,3,0,0,"[""omitted_requirement"", ""wrong_value""]"
trial-051ac5d7d29b1024c6,decisive-20260831-054125,state-L4-bef59977592f,state,4,D_INVERTED,phi4-mini:3.8b,ollama,101,1,0.2,False,False,0.9230769230769231,"[""r8""]","[""fault:omitted_requirement"", ""requirement:r8""]",FAILED,3,2,cand-0cc593a818d0,False,3778,285,0,4063,2.579680999973789,2.5810475000180304,0,2,1,0,"[""omitted_requirement"", ""unintended_side_effect+forced_requirement_violation""]"
trial-a7be92f51cb38726e2,decisive-20260831-054125,policy-L1-07bbbe7d5396,policy,1,D_INVERTED,phi4-mini:3.8b,ollama,101,1,0.2,False,False,0.5,"[""r2""]","[""rejected_all""]",REJECTED_ALL,3,3,,False,883,156,0,1039,1.307142500008922,1.3079494999838062,0,3,0,0,"[""forbidden_procedure+forced_requirement_violation"", ""omitted_requirement""]"
trial-ee5dd3972bde7c0e6c,decisive-20260831-054125,policy-L1-07bbbe7d5396,policy,1,D_INVERTED,phi4-mini:3.8b,ollama,101,1,0.4,False,False,0.5,"[""r1""]","[""fault:unintended_side_effect+forced_requirement_violation"", ""requirement:r1""]",FAILED,1,0,cand-e71dc0c27752,False,332,44,0,376,0.38616699998965487,0.3864391000242904,0,0,1,0,"[""unintended_side_effect+forced_requirement_violation""]"
trial-803f9badb0bb5352fc,decisive-20260831-054125,policy-L2-ae5db2fbd97c,policy,2,A_DIRECT,phi4-mini:3.8b,ollama,101,1,0.2,False,False,0.2,"[""r1"", ""r2"", ""r3"", ""r5""]","[""requirement:r1"", ""requirement:r2"", ""requirement:r3"", ""requirement:r5""]",FAILED,1,0,trial-803f9badb0bb5352fc-direct-0,False,352,47,0,399,0.4095909000025131,0.40983140002936125,0,0,0,0,[]
trial-9aea1dd890fbf75ceb,decisive-20260831-054125,policy-L2-ae5db2fbd97c,policy,2,B_DIRECT_CHECKED,phi4-mini:3.8b,ollama,101,1,0.2,False,False,0.0,[],[],REJECTED_ALL,3,3,,False,1090,160,0,1250,1.2033580000279471,1.2038224000134505,0,0,0,0,[]
trial-b956e74a5492b1b15b,decisive-20260831-054125,policy-L2-ae5db2fbd97c,policy,2,D_INVERTED,phi4-mini:3.8b,ollama,101,1,0.2,False,False,0.8,"[""r1""]","[""fault:unintended_side_effect+forced_requirement_violation"", ""requirement:r1""]",FAILED,1,0,cand-5f79c1545352,False,547,35,0,582,0.35277359996689484,0.35312060004798695,0,0,1,0,"[""unintended_side_effect+forced_requirement_violation""]"
trial-f5c77ea6450ad25f86,decisive-20260831-054125,policy-L3-dad7db66bb61,policy,3,A_DIRECT,phi4-mini:3.8b,ollama,101,1,0.2,False,False,0.2222222222222222,"[""r1"", ""r2"", ""r3"", ""r4"", ""r5"", ""r6"", ""r7""]","[""requirement:r1"", ""requirement:r2"", ""requirement:r3"", ""requirement:r4"", ""requirement:r5"", ""requirement:r6"", ""requirement:r7""]",FAILED,1,0,trial-f5c77ea6450ad25f86-direct-0,False,542,122,0,664,0.9450450999429449,0.9453033999889158,0,0,0,0,[]
trial-cccd7c1bda67860d4e,decisive-20260831-054125,policy-L3-dad7db66bb61,policy,3,D_INVERTED,phi4-mini:3.8b,ollama,101,1,0.2,False,True,0.8888888888888888,"[""r8""]","[""fault:forbidden_procedure"", ""requirement:r8""]",FAILED,1,0,cand-677f6c41f146,False,791,35,0,826,0.38886599999386817,0.3891991999698803,0,0,1,0,"[""forbidden_procedure""]"
trial-5e3fbff392b1d0525a,decisive-20260831-054125,policy-L3-dad7db66bb61,policy,3,D_INVERTED,phi4-mini:3.8b,ollama,101,1,0.4,False,False,0.8888888888888888,"[""r9""]","[""fault:ordering_violation"", ""requirement:r9""]",FAILED,1,0,cand-b60cea7e1f12,False,777,35,0,812,0.37605130003066733,0.37637919996632263,0,0,1,0,"[""ordering_violation""]"
trial-2e24677fd4e5b7bdf8,decisive-20260831-054125,policy-L4-820fa8d67aae,policy,4,A_DIRECT,phi4-mini:3.8b,ollama,101,1,0.2,False,True,0.07692307692307693,"[""r1"", ""r2"", ""r3"", ""r4"", ""r5"", ""r6"", ""r7"", ""r8"", ""r9"", ""r10"", ""r11"", ""r13""]","[""requirement:r1"", ""requirement:r10"", ""requirement:r11"", ""requirement:r13"", ""requirement:r2"", ""requirement:r3"", ""requirement:r4"", ""requirement:r5"", ""requirement:r6"", ""requirement:r7"", ""requirement:r8"", ""requirement:r9""]",FAILED,1,0,trial-2e24677fd4e5b7bdf8-direct-0,False,734,187,0,921,1.4731904999935068,1.4735261999885552,0,0,0,0,[]
trial-956eb85605117fd0bb,decisive-20260831-054125,policy-L4-820fa8d67aae,policy,4,B_DIRECT_CHECKED,phi4-mini:3.8b,ollama,101,1,0.2,False,False,0.0,[],[],REJECTED_ALL,3,3,,False,2268,543,0,2811,3.9492098999908194,3.949893700017128,0,0,0,0,[]
trial-d73bad7243749d8062,decisive-20260831-054125,policy-L4-820fa8d67aae,policy,4,D_INVERTED,phi4-mini:3.8b,ollama,101,1,0.2,False,False,0.9230769230769231,"[""r13""]","[""fault:ordering_violation"", ""requirement:r13""]",FAILED,1,0,cand-7573b04fd113,False,1069,34,0,1103,0.42668209999101236,0.4270277999457903,0,0,1,0,"[""ordering_violation""]"
trial-0ddff3310ac34cc7db,decisive-20260831-054125,policy-L4-820fa8d67aae,policy,4,D_INVERTED,phi4-mini:3.8b,ollama,101,1,0.4,False,False,0.9230769230769231,"[""r4""]","[""fault:omitted_requirement"", ""requirement:r4""]",FAILED,1,0,cand-4cc91e3d8dd8,False,1050,35,0,1085,0.4204176000203006,0.42083620000630617,0,0,1,0,"[""omitted_requirement""]"
trial-b1ffab41c70bb5a57f,decisive-20260831-054125,policy-L4-820fa8d67aae,policy,4,D_INVERTED,phi4-mini:3.8b,ollama,101,1,0.8,False,False,0.9230769230769231,"[""r13""]","[""fault:ordering_violation"", ""requirement:r13""]",FAILED,1,0,cand-5c3dab34b91e,False,1069,34,0,1103,0.3565934000071138,0.3569829000043683,0,0,1,0,"[""ordering_violation""]"
trial-349bc5175f26a9b850,decisive-20260831-054125,reconciliation-L1-3b9a63f9631f,reconciliation,1,D_INVERTED,phi4-mini:3.8b,ollama,101,1,0.95,False,False,0.0,"[""r1""]","[""fault:omitted_requirement"", ""requirement:r1""]",FAILED,1,0,cand-3e10ccf239f5,False,223,52,0,275,0.4327970999875106,0.4330299999564886,0,0,1,0,"[""omitted_requirement""]"
trial-e2b3862c2c3f6d35bf,decisive-20260831-054125,reconciliation-L2-8aa5e485f076,reconciliation,2,D_INVERTED,phi4-mini:3.8b,ollama,101,1,0.2,False,False,0.8,"[""r1""]","[""rejected_all""]",REJECTED_ALL,3,3,,False,2353,356,0,2709,2.834354699938558,2.835345099971164,0,3,0,0,"[""unintended_side_effect+forced_requirement_violation"", ""wrong_value""]"
trial-dbc4c5f5f5d7ea1090,decisive-20260831-054125,reconciliation-L3-9413ff21957f,reconciliation,3,D_INVERTED,phi4-mini:3.8b,ollama,101,1,0.4,False,False,0.8333333333333334,"[""r5""]","[""fault:omitted_requirement"", ""requirement:r5""]",FAILED,2,1,cand-1939b77f2c62,False,1725,84,0,1809,0.8693114999914542,0.8700283999787644,0,1,1,0,"[""omitted_requirement"", ""wrong_value""]"
trial-54d1ea7dbf43fafd7f,decisive-20260831-054125,reconciliation-L4-6c0b4bd6fe2e,reconciliation,4,D_INVERTED,phi4-mini:3.8b,ollama,101,1,0.2,False,False,0.0,[],"[""budget_exhausted""]",BUDGET_EXHAUSTED,3,2,,True,4146,239,0,4385,2.4169548000209033,2.418082799995318,0,2,0,0,"[""wrong_value""]"
trial-6e4a1ef52010f7b724,decisive-20260831-054125,state-L1-eca1466e061d,state,1,D_INVERTED,phi4-mini:3.8b,ollama,101,2,0.2,False,False,0.5,"[""r1""]","[""rejected_all""]",REJECTED_ALL,3,3,,False,1068,207,0,1275,1.5710803000838496,1.571950699959416,0,3,0,0,"[""unintended_side_effect+forced_requirement_violation""]"
trial-0305f48a97cf3d93ee,decisive-20260831-054125,state-L2-fd1bae17e5a1,state,2,D_INVERTED,phi4-mini:3.8b,ollama,101,2,0.2,False,False,0.75,"[""r1""]","[""rejected_all""]",REJECTED_ALL,3,3,,False,1543,255,0,1798,1.9972077001002617,1.998121699958574,0,3,0,0,"[""unintended_side_effect+forced_requirement_violation"", ""wrong_value""]"
trial-0bc52fea8c7ef86dfc,decisive-20260831-054125,state-L3-d553f2169d66,state,3,D_INVERTED,phi4-mini:3.8b,ollama,101,2,0.2,False,False,0.8333333333333334,"[""r1""]","[""rejected_all""]",REJECTED_ALL,3,3,,False,1954,198,0,2152,1.762304499919992,1.7633153999922797,0,3,0,0,"[""omitted_requirement"", ""unintended_side_effect+forced_requirement_violation""]"
trial-525c4b65cf9b1cc1ed,decisive-20260831-054125,state-L4-1395494fa396,state,4,D_INVERTED,phi4-mini:3.8b,ollama,101,2,0.2,False,False,0.9333333333333333,"[""r6""]","[""fault:omitted_requirement"", ""requirement:r6""]",FAILED,2,1,cand-1ff07a99567c,False,2839,180,0,3019,1.715677300002426,1.7166360999690369,0,1,1,0,"[""omitted_requirement"", ""wrong_value""]"
trial-98ea43909f6a9d00c4,decisive-20260831-054125,policy-L1-9bd8bf0c2ab7,policy,1,D_INVERTED,phi4-mini:3.8b,ollama,101,2,0.2,False,False,0.0,"[""r1""]","[""fault:forbidden_procedure+forced_requirement_violation"", ""requirement:r1""]",FAILED,2,1,cand-6685a2173f00,False,469,93,0,562,0.7688662999426015,0.7693989000399597,0,1,1,0,"[""forbidden_procedure+forced_requirement_violation"", ""wrong_value""]"
trial-cd6300188bcb78d4e5,decisive-20260831-054125,policy-L1-9bd8bf0c2ab7,policy,1,D_INVERTED,phi4-mini:3.8b,ollama,101,2,0.6,False,False,0.0,"[""r1""]","[""fault:omitted_requirement"", ""requirement:r1""]",FAILED,2,1,cand-0238bdd8aa38,False,468,148,0,616,1.149856699979864,1.1504068999784067,0,1,1,0,"[""omitted_requirement"", ""ordering_violation+forced_requirement_violation""]"
trial-0793a4cc5a67377e72,decisive-20260831-054125,policy-L2-4e61894b711f,policy,2,A_DIRECT,phi4-mini:3.8b,ollama,101,2,0.2,False,False,0.5,"[""r1"", ""r2""]","[""requirement:r1"", ""requirement:r2""]",FAILED,1,0,trial-0793a4cc5a67377e72-direct-0,False,303,47,0,350,0.3777815000503324,0.37802230002125725,0,0,0,0,[]
trial-615adeffbdafb9e4f2,decisive-20260831-054125,policy-L2-4e61894b711f,policy,2,B_DIRECT_CHECKED,phi4-mini:3.8b,ollama,101,2,0.2,False,False,0.0,[],[],REJECTED_ALL,3,3,,False,937,141,0,1078,1.115568000008352,1.1160982000292279,0,0,0,0,[]
trial-1092e032b02ec16879,decisive-20260831-054125,policy-L2-4e61894b711f,policy,2,D_INVERTED,phi4-mini:3.8b,ollama,101,2,0.2,False,True,0.75,"[""r3""]","[""fault:forbidden_procedure"", ""requirement:r3""]",FAILED,1,0,cand-e3d49ad6271a,False,427,29,0,456,0.2870426999870688,0.2873832000186667,0,0,1,0,"[""forbidden_procedure""]"
trial-fc0df310aaf200feac,decisive-20260831-054125,policy-L2-4e61894b711f,policy,2,D_INVERTED,phi4-mini:3.8b,ollama,101,2,0.4,False,False,0.75,"[""r1""]","[""fault:unintended_side_effect+forced_requirement_violation"", ""requirement:r1""]",FAILED,1,0,cand-eaedde87bdac,False,473,35,0,508,0.32122800004435703,0.3215253999806009,0,0,1,0,"[""unintended_side_effect+forced_requirement_violation""]"
trial-58d7b6c972f4967263,decisive-20260831-054125,policy-L2-4e61894b711f,policy,2,D_INVERTED,phi4-mini:3.8b,ollama,101,2,0.6,False,False,0.75,"[""r4""]","[""fault:ordering_violation"", ""requirement:r4""]",FAILED,1,0,cand-a51cc7464eee,False,413,35,0,448,0.3260678999940865,0.32636619999539107,0,0,1,0,"[""ordering_violation""]"
trial-4466533267eb2a329f,decisive-20260831-054125,policy-L2-4e61894b711f,policy,2,D_INVERTED,phi4-mini:3.8b,ollama,101,2,0.8,False,False,0.75,"[""r1""]","[""fault:wrong_value+forced_requirement_violation"", ""requirement:r1""]",FAILED,1,0,cand-578bb3900812,False,442,35,0,477,0.33042630000272766,0.3307098000077531,0,0,1,0,"[""wrong_value+forced_requirement_violation""]"
trial-5cc356f1166b44ccc4,decisive-20260831-054125,policy-L3-927bb5a40de6,policy,3,A_DIRECT,phi4-mini:3.8b,ollama,101,2,0.2,False,False,0.14285714285714285,"[""r1"", ""r2"", ""r3"", ""r4"", ""r5"", ""r7""]","[""requirement:r1"", ""requirement:r2"", ""requirement:r3"", ""requirement:r4"", ""requirement:r5"", ""requirement:r7""]",FAILED,1,0,trial-5cc356f1166b44ccc4-direct-0,False,447,75,0,522,0.6170812000054866,0.6173130999668501,0,0,0,0,[]
trial-0e9b1544b30709f896,decisive-20260831-054125,policy-L3-927bb5a40de6,policy,3,B_DIRECT_CHECKED,phi4-mini:3.8b,ollama,101,2,0.2,False,False,0.0,[],[],REJECTED_ALL,3,3,,False,1385,225,0,1610,1.7191960999625735,1.7197502999915741,0,0,0,0,[]
trial-13e2d61134ba0e9cb3,decisive-20260831-054125,policy-L3-927bb5a40de6,policy,3,D_INVERTED,phi4-mini:3.8b,ollama,101,2,0.2,False,True,0.8571428571428571,"[""r6""]","[""fault:forbidden_procedure"", ""requirement:r6""]",FAILED,1,0,cand-74ae57183a40,False,646,35,0,681,0.37548100005369633,0.37578390003181994,0,0,1,0,"[""forbidden_procedure""]"
trial-863183025bff000af2,decisive-20260831-054125,policy-L3-927bb5a40de6,policy,3,D_INVERTED,phi4-mini:3.8b,ollama,101,2,0.4,False,False,0.8571428571428571,"[""r7""]","[""fault:ordering_violation"", ""requirement:r7""]",FAILED,1,0,cand-d80e08c1c607,False,632,35,0,667,0.35877159994561225,0.35907060001045465,0,0,1,0,"[""ordering_violation""]"
trial-927dc0e199e6b3f58f,decisive-20260831-054125,policy-L4-6e719c7e657e,policy,4,D_INVERTED,phi4-mini:3.8b,ollama,101,2,0.2,False,False,0.9285714285714286,"[""r7""]","[""fault:omitted_requirement"", ""requirement:r7""]",FAILED,1,0,cand-9df8b87f71c1,False,1125,35,0,1160,0.4364031999721192,0.4368069999618456,0,0,1,0,"[""omitted_requirement""]"
trial-13f5d7deb233705ab6,decisive-20260831-054125,policy-L4-6e719c7e657e,policy,4,D_INVERTED,phi4-mini:3.8b,ollama,101,2,0.4,False,True,0.9285714285714286,"[""r13""]","[""fault:forbidden_procedure"", ""requirement:r13""]",FAILED,1,0,cand-5b3a159e33d3,False,1158,35,0,1193,0.4163430000189692,0.4168080000090413,0,0,1,0,"[""forbidden_procedure""]"
trial-5b69a68ab6bc9d9230,decisive-20260831-054125,reconciliation-L1-f186037ffd80,reconciliation,1,D_INVERTED,phi4-mini:3.8b,ollama,101,2,0.2,False,False,0.5,"[""r2""]","[""fault:wrong_value"", ""requirement:r2""]",FAILED,1,0,cand-980433fb3731,False,369,50,0,419,0.4217820999911055,0.42205910000484437,0,0,1,0,"[""wrong_value""]"
trial-b640dcbeb9301723fb,decisive-20260831-054125,reconciliation-L1-f186037ffd80,reconciliation,1,D_INVERTED,phi4-mini:3.8b,ollama,101,2,0.4,False,False,0.5,"[""r2""]","[""fault:wrong_value"", ""requirement:r2""]",FAILED,1,0,cand-e33fdf04fc61,False,369,50,0,419,0.36685039999429137,0.3671232999768108,0,0,1,0,"[""wrong_value""]"
trial-34d6cbd443d9f7875a,decisive-20260831-054125,reconciliation-L2-b5237dc925f6,reconciliation,2,D_INVERTED,phi4-mini:3.8b,ollama,101,2,0.4,False,False,0.8,"[""r5""]","[""fault:omitted_requirement"", ""requirement:r5""]",FAILED,1,0,cand-a8b4da08c6ed,False,724,35,0,759,0.3572654000017792,0.35759089997736737,0,0,1,0,"[""omitted_requirement""]"
trial-8a0e797184ea2c9e74,decisive-20260831-054125,reconciliation-L3-bebd65e2c70c,reconciliation,3,D_INVERTED,phi4-mini:3.8b,ollama,101,2,0.2,False,False,0.8888888888888888,"[""r3""]","[""rejected_all""]",REJECTED_ALL,3,3,,False,3762,273,0,4035,2.5182234999956563,2.5194275999674574,0,3,0,0,"[""wrong_value""]"
trial-21c8760ff1af1e3649,decisive-20260831-054125,reconciliation-L4-6565f5a37c6f,reconciliation,4,D_INVERTED,phi4-mini:3.8b,ollama,101,2,0.2,False,False,0.0,[],"[""budget_exhausted""]",BUDGET_EXHAUSTED,2,1,,True,4051,220,0,4271,2.184021000051871,2.184944999986328,0,1,0,0,"[""unintended_side_effect+forced_requirement_violation""]"
trial-a5d82c1a956617b87e,decisive-20260831-054125,reconciliation-L4-6565f5a37c6f,reconciliation,4,D_INVERTED,phi4-mini:3.8b,ollama,101,2,0.4,False,False,0.0,[],"[""budget_exhausted""]",BUDGET_EXHAUSTED,2,1,,True,4075,274,0,4349,2.396632299933117,2.397697899956256,0,1,0,0,"[""unintended_side_effect+forced_requirement_violation""]"
trial-a8eec381664a1e7add,decisive-20260831-054125,reconciliation-L4-6565f5a37c6f,reconciliation,4,D_INVERTED,phi4-mini:3.8b,ollama,101,2,0.8,False,True,0.9333333333333333,"[""r15""]","[""fault:omitted_requirement"", ""requirement:r15""]",FAILED,1,0,cand-ac77a297971d,False,1987,35,0,2022,0.503191500029061,0.503857399977278,0,0,1,0,"[""omitted_requirement""]"
trial-42e8d6aa826ea411eb,decisive-20260831-054125,state-L1-e7a2eea0086e,state,1,C_SYSTEM,qwen3.5:9b-q8_0,ollama,211,0,0.6,False,False,0.5,"[""r1""]","[""fault:omitted_requirement"", ""requirement:r1""]",FAILED,1,0,cand-9df1b5fec360,False,0,0,0,0,0,0.00013609998859465122,0,0,0,0,"[""omitted_requirement""]"
trial-b737a5b155dc730192,decisive-20260831-054125,state-L1-e7a2eea0086e,state,1,E_RANDOM_AUDITOR,qwen3.5:9b-q8_0,ollama,211,0,0.4,False,False,0.5,"[""r1""]","[""rejected_all""]",REJECTED_ALL,3,3,,False,0,0,0,0,0,0.000304599991068244,0,2,0,1,"[""omitted_requirement"", ""wrong_value""]"
trial-0c9f5b2672b431a609,decisive-20260831-054125,state-L2-3ff7778aab63,state,2,C_SYSTEM,qwen3.5:9b-q8_0,ollama,211,0,0.2,False,False,0.75,"[""r1""]","[""fault:unintended_side_effect+forced_requirement_violation"", ""requirement:r1""]",FAILED,1,0,cand-88369f8e3aab,False,0,0,0,0,0,0.00018510001245886087,0,0,0,0,"[""unintended_side_effect+forced_requirement_violation""]"
trial-59ffee2fe3cffd178b,decisive-20260831-054125,state-L2-3ff7778aab63,state,2,C_SYSTEM,qwen3.5:9b-q8_0,ollama,211,0,0.4,False,False,0.75,"[""r1""]","[""fault:unintended_side_effect+forced_requirement_violation"", ""requirement:r1""]",FAILED,1,0,cand-5a48227d3b05,False,0,0,0,0,0,0.00017419998766854405,0,0,0,0,"[""unintended_side_effect+forced_requirement_violation""]"
trial-a1d2bc9a5a11571d82,decisive-20260831-054125,state-L2-3ff7778aab63,state,2,E_RANDOM_AUDITOR,qwen3.5:9b-q8_0,ollama,211,0,0.2,False,False,0.75,"[""r1""]","[""fault:unintended_side_effect+forced_requirement_violation"", ""requirement:r1""]",FAILED,1,0,cand-88369f8e3aab,False,0,0,0,0,0,0.00018670002464205027,0,0,1,0,"[""unintended_side_effect+forced_requirement_violation""]"
trial-f6b3963511f1ef3556,decisive-20260831-054125,state-L2-3ff7778aab63,state,2,E_RANDOM_AUDITOR,qwen3.5:9b-q8_0,ollama,211,0,0.4,False,False,0.75,"[""r1""]","[""fault:unintended_side_effect+forced_requirement_violation"", ""requirement:r1""]",FAILED,1,0,cand-5a48227d3b05,False,0,0,0,0,0,0.00018969998927786946,0,0,1,0,"[""unintended_side_effect+forced_requirement_violation""]"
trial-4185307dcb737d48d1,decisive-20260831-054125,state-L2-3ff7778aab63,state,2,E_RANDOM_AUDITOR,qwen3.5:9b-q8_0,ollama,211,0,0.6,False,False,0.75,"[""r4""]","[""rejected_all""]",REJECTED_ALL,3,3,,False,0,0,0,0,0,0.00037779996637254953,0,2,0,1,"[""omitted_requirement"", ""wrong_value""]"
trial-e90c853380d92c60f0,decisive-20260831-054125,state-L2-3ff7778aab63,state,2,E_RANDOM_AUDITOR,qwen3.5:9b-q8_0,ollama,211,0,0.8,False,False,1.0,[],"[""rejected_all""]",REJECTED_ALL,3,3,,False,0,0,0,0,0,0.00037289998726919293,0,0,0,3,[]
trial-06cf6c0a8b900f8228,decisive-20260831-054125,state-L3-46a78030c9c1,state,3,C_SYSTEM,qwen3.5:9b-q8_0,ollama,211,0,0.2,False,False,0.8333333333333334,"[""r1""]","[""fault:unintended_side_effect+forced_requirement_violation"", ""requirement:r1""]",FAILED,1,0,cand-a506d5290472,False,0,0,0,0,0,0.00022029998945072293,0,0,0,0,"[""unintended_side_effect+forced_requirement_violation""]"
trial-07f5c0cd41f7ca6531,decisive-20260831-054125,state-L3-46a78030c9c1,state,3,C_SYSTEM,qwen3.5:9b-q8_0,ollama,211,0,0.4,False,False,0.8333333333333334,"[""r1""]","[""fault:unintended_side_effect+forced_requirement_violation"", ""requirement:r1""]",FAILED,1,0,cand-6f3fae097b56,False,0,0,0,0,0,0.00022490002447739244,0,0,0,0,"[""unintended_side_effect+forced_requirement_violation""]"
trial-4e5250d147b550a325,decisive-20260831-054125,state-L3-46a78030c9c1,state,3,C_SYSTEM,qwen3.5:9b-q8_0,ollama,211,0,0.6,False,False,0.8333333333333334,"[""r1""]","[""fault:unintended_side_effect+forced_requirement_violation"", ""requirement:r1""]",FAILED,1,0,cand-bcac1770d27d,False,0,0,0,0,0,0.00022300001000985503,0,0,0,0,"[""unintended_side_effect+forced_requirement_violation""]"
trial-d408feabc3e94329c3,decisive-20260831-054125,state-L3-46a78030c9c1,state,3,E_RANDOM_AUDITOR,qwen3.5:9b-q8_0,ollama,211,0,0.2,False,False,0.8333333333333334,"[""r1""]","[""fault:unintended_side_effect+forced_requirement_violation"", ""requirement:r1""]",FAILED,1,0,cand-a506d5290472,False,0,0,0,0,0,0.0002277999883517623,0,0,1,0,"[""unintended_side_effect+forced_requirement_violation""]"
trial-f23f0cd604479eb494,decisive-20260831-054125,state-L3-46a78030c9c1,state,3,E_RANDOM_AUDITOR,qwen3.5:9b-q8_0,ollama,211,0,0.4,False,False,0.8333333333333334,"[""r1""]","[""fault:omitted_requirement"", ""requirement:r1""]",FAILED,3,2,cand-7e1327894a26,False,0,0,0,0,0,0.0005327999824658036,0,2,1,0,"[""omitted_requirement"", ""unintended_side_effect+forced_requirement_violation""]"
trial-db9bf69df9f09fe804,decisive-20260831-054125,state-L3-46a78030c9c1,state,3,E_RANDOM_AUDITOR,qwen3.5:9b-q8_0,ollama,211,0,0.6,False,False,0.8333333333333334,"[""r1""]","[""fault:unintended_side_effect+forced_requirement_violation"", ""requirement:r1""]",FAILED,1,0,cand-bcac1770d27d,False,0,0,0,0,0,0.00021300005028024316,0,0,1,0,"[""unintended_side_effect+forced_requirement_violation""]"
trial-d62ae428cb6f74182b,decisive-20260831-054125,state-L3-46a78030c9c1,state,3,E_RANDOM_AUDITOR,qwen3.5:9b-q8_0,ollama,211,0,0.8,False,False,1.0,[],"[""rejected_all""]",REJECTED_ALL,3,3,,False,0,0,0,0,0,0.0004094000323675573,0,0,0,3,[]
trial-f6bc09268a8378aa05,decisive-20260831-054125,state-L3-46a78030c9c1,state,3,F_ORACLE_AUDITOR,qwen3.5:9b-q8_0,ollama,211,0,0.4,False,False,0.8333333333333334,"[""r1""]","[""rejected_all""]",REJECTED_ALL,3,3,,False,0,0,0,0,0,0.0005297000170685351,0,3,0,0,"[""omitted_requirement"", ""unintended_side_effect+forced_requirement_violation""]"
trial-3dbc2453e5fa061d6a,decisive-20260831-054125,state-L4-cb6ce71623e3,state,4,C_SYSTEM,qwen3.5:9b-q8_0,ollama,211,0,0.2,False,False,0.9090909090909091,"[""r2""]","[""fault:omitted_requirement"", ""requirement:r2""]",FAILED,1,0,cand-d766930899b8,False,0,0,0,0,0,0.00030319998040795326,0,0,0,0,"[""omitted_requirement""]"
trial-68f10cc41d78dc4457,decisive-20260831-054125,state-L4-cb6ce71623e3,state,4,C_SYSTEM,qwen3.5:9b-q8_0,ollama,211,0,0.8,False,False,0.9090909090909091,"[""r10""]","[""fault:wrong_value"", ""requirement:r10""]",FAILED,1,0,cand-2f70d411b069,False,0,0,0,0,0,0.00027459999546408653,0,0,0,0,"[""wrong_value""]"
trial-222de7247fefed427e,decisive-20260831-054125,state-L4-cb6ce71623e3,state,4,E_RANDOM_AUDITOR,qwen3.5:9b-q8_0,ollama,211,0,0.2,False,False,0.9090909090909091,"[""r2""]","[""fault:omitted_requirement"", ""requirement:r2""]",FAILED,1,0,cand-d766930899b8,False,0,0,0,0,0,0.0002959999837912619,0,0,1,0,"[""omitted_requirement""]"
trial-981fde3886fb2704cf,decisive-20260831-054125,policy-L1-16b73b05bcd6,policy,1,C_SYSTEM,qwen3.5:9b-q8_0,ollama,211,0,0.4,False,False,0.0,"[""r1""]","[""fault:forbidden_procedure+forced_requirement_violation"", ""requirement:r1""]",FAILED,1,0,cand-d6610c7a04c1,False,0,0,0,0,0,0.00012589996913447976,0,0,0,0,"[""forbidden_procedure+forced_requirement_violation""]"
trial-e20bb1a417d321bb00,decisive-20260831-054125,policy-L1-16b73b05bcd6,policy,1,C_SYSTEM,qwen3.5:9b-q8_0,ollama,211,0,0.95,False,False,0.0,"[""r1""]","[""fault:omitted_requirement"", ""requirement:r1""]",FAILED,1,0,cand-03f04f80d83b,False,0,0,0,0,0,0.00010160001693293452,0,0,0,0,"[""omitted_requirement""]"
trial-1bd7873c6d4ca153c9,decisive-20260831-054125,policy-L1-16b73b05bcd6,policy,1,E_RANDOM_AUDITOR,qwen3.5:9b-q8_0,ollama,211,0,0.4,False,False,0.0,"[""r1""]","[""fault:ordering_violation+forced_requirement_violation"", ""requirement:r1""]",FAILED,2,1,cand-c59d680290ba,False,0,0,0,0,0,0.00020890001906082034,0,1,1,0,"[""forbidden_procedure+forced_requirement_violation"", ""ordering_violation+forced_requirement_violation""]"
trial-15240dc3cece17df6f,decisive-20260831-054125,policy-L1-16b73b05bcd6,policy,1,E_RANDOM_AUDITOR,qwen3.5:9b-q8_0,ollama,211,0,0.95,False,False,0.0,"[""r1""]","[""fault:omitted_requirement"", ""requirement:r1""]",FAILED,1,0,cand-03f04f80d83b,False,0,0,0,0,0,0.00010950001887977123,0,0,1,0,"[""omitted_requirement""]"
trial-b11cc11c18f298dd5e,decisive-20260831-054125,policy-L2-81aa48b9b6e4,policy,2,C_SYSTEM,qwen3.5:9b-q8_0,ollama,211,0,0.2,False,False,0.75,"[""r1""]","[""fault:wrong_value+forced_requirement_violation"", ""requirement:r1""]",FAILED,1,0,cand-d9c4a9d6daca,False,0,0,0,0,0,0.00015780003741383553,0,0,0,0,"[""wrong_value+forced_requirement_violation""]"
trial-1aa87f425301e5f496,decisive-20260831-054125,policy-L2-81aa48b9b6e4,policy,2,C_SYSTEM,qwen3.5:9b-q8_0,ollama,211,0,0.4,False,False,0.75,"[""r1""]","[""fault:unintended_side_effect+forced_requirement_violation"", ""requirement:r1""]",FAILED,1,0,cand-ddb403c4819a,False,0,0,0,0,0,0.00015089998487383127,0,0,0,0,"[""unintended_side_effect+forced_requirement_violation""]"
trial-19a56f17ef3873c7d4,decisive-20260831-054125,policy-L2-81aa48b9b6e4,policy,2,E_RANDOM_AUDITOR,qwen3.5:9b-q8_0,ollama,211,0,0.2,False,False,0.75,"[""r1""]","[""fault:wrong_value+forced_requirement_violation"", ""requirement:r1""]",FAILED,1,0,cand-d9c4a9d6daca,False,0,0,0,0,0,0.00015680002979934216,0,0,1,0,"[""wrong_value+forced_requirement_violation""]"
trial-84916ee47e7700aa0e,decisive-20260831-054125,policy-L2-81aa48b9b6e4,policy,2,E_RANDOM_AUDITOR,qwen3.5:9b-q8_0,ollama,211,0,0.4,False,False,0.75,"[""r3""]","[""rejected_all""]",REJECTED_ALL,3,3,,False,0,0,0,0,0,0.00036559998989105225,0,2,0,1,"[""forbidden_procedure"", ""unintended_side_effect+forced_requirement_violation""]"
trial-b1fa66c0886c469c90,decisive-20260831-054125,policy-L2-81aa48b9b6e4,policy,2,F_ORACLE_AUDITOR,qwen3.5:9b-q8_0,ollama,211,0,0.2,False,False,0.75,"[""r1""]","[""rejected_all""]",REJECTED_ALL,3,3,,False,0,0,0,0,0,0.00034279999090358615,0,3,0,0,"[""omitted_requirement"", ""wrong_value+forced_requirement_violation""]"
trial-51718fa83964c9479a,decisive-20260831-054125,policy-L3-df438bf6628d,policy,3,C_SYSTEM,qwen3.5:9b-q8_0,ollama,211,0,0.2,False,False,0.8571428571428571,"[""r4""]","[""fault:omitted_requirement"", ""requirement:r4""]",FAILED,1,0,cand-c0579d273690,False,0,0,0,0,0,0.00015169999096542597,0,0,0,0,"[""omitted_requirement""]"
trial-583aa9b42deb26a58a,decisive-20260831-054125,policy-L3-df438bf6628d,policy,3,E_RANDOM_AUDITOR,qwen3.5:9b-q8_0,ollama,211,0,0.2,False,False,0.8571428571428571,"[""r4""]","[""fault:omitted_requirement"", ""requirement:r4""]",FAILED,1,0,cand-c0579d273690,False,0,0,0,0,0,0.0001686000032350421,0,0,1,0,"[""omitted_requirement""]"
trial-784ca097c0c42ed48f,decisive-20260831-054125,policy-L3-df438bf6628d,policy,3,E_RANDOM_AUDITOR,qwen3.5:9b-q8_0,ollama,211,0,0.4,False,False,1.0,[],"[""rejected_all""]",REJECTED_ALL,3,3,,False,0,0,0,0,0,0.00036310002906247973,0,1,0,2,"[""ordering_violation""]"
trial-023e6445864a5ba0db,decisive-20260831-054125,policy-L3-df438bf6628d,policy,3,E_RANDOM_AUDITOR,qwen3.5:9b-q8_0,ollama,211,0,0.6,False,False,0.8571428571428571,"[""r4""]","[""fault:omitted_requirement"", ""requirement:r4""]",FAILED,2,1,cand-a660de103942,False,0,0,0,0,0,0.00024909997591748834,0,0,1,1,"[""omitted_requirement""]"
trial-eb8dc842df9f38513a,decisive-20260831-054125,policy-L3-df438bf6628d,policy,3,E_RANDOM_AUDITOR,qwen3.5:9b-q8_0,ollama,211,0,0.8,False,False,0.8571428571428571,"[""r6""]","[""rejected_all""]",REJECTED_ALL,3,3,,False,0,0,0,0,0,0.0003393999650143087,0,1,0,2,"[""forbidden_procedure""]"
trial-fd13922e241acc54b5,decisive-20260831-054125,policy-L3-df438bf6628d,policy,3,F_ORACLE_AUDITOR,qwen3.5:9b-q8_0,ollama,211,0,0.2,False,False,0.8571428571428571,"[""r7""]","[""rejected_all""]",REJECTED_ALL,3,3,,False,0,0,0,0,0,0.00037129997508600354,0,3,0,0,"[""omitted_requirement"", ""ordering_violation""]"
trial-066a4f50cb6be95166,decisive-20260831-054125,policy-L4-02346f5e3d9e,policy,4,C_SYSTEM,qwen3.5:9b-q8_0,ollama,211,0,0.2,False,False,0.9230769230769231,"[""r7""]","[""fault:omitted_requirement"", ""requirement:r7""]",FAILED,1,0,cand-5b51a2de27e5,False,0,0,0,0,0,0.00021349999587982893,0,0,0,0,"[""omitted_requirement""]"
trial-d5c74c931ed462a776,decisive-20260831-054125,policy-L4-02346f5e3d9e,policy,4,C_SYSTEM,qwen3.5:9b-q8_0,ollama,211,0,0.4,False,False,0.9230769230769231,"[""r6""]","[""fault:wrong_value"", ""requirement:r6""]",FAILED,1,0,cand-70d96d943de8,False,0,0,0,0,0,0.000221800000872463,0,0,0,0,"[""wrong_value""]"
trial-263b7d5b2f9db7e088,decisive-20260831-054125,policy-L4-02346f5e3d9e,policy,4,E_RANDOM_AUDITOR,qwen3.5:9b-q8_0,ollama,211,0,0.2,False,False,0.9230769230769231,"[""r7""]","[""fault:omitted_requirement"", ""requirement:r7""]",FAILED,1,0,cand-5b51a2de27e5,False,0,0,0,0,0,0.00022719998378306627,0,0,1,0,"[""omitted_requirement""]"
trial-3b403d31bb5db99a4e,decisive-20260831-054125,policy-L4-02346f5e3d9e,policy,4,E_RANDOM_AUDITOR,qwen3.5:9b-q8_0,ollama,211,0,0.4,False,False,0.9230769230769231,"[""r6""]","[""fault:wrong_value"", ""requirement:r6""]",FAILED,1,0,cand-70d96d943de8,False,0,0,0,0,0,0.00021319999359548092,0,0,1,0,"[""wrong_value""]"
trial-a5ffc8f3a3f9c991de,decisive-20260831-054125,policy-L4-02346f5e3d9e,policy,4,E_RANDOM_AUDITOR,qwen3.5:9b-q8_0,ollama,211,0,0.8,False,False,1.0,[],"[""rejected_all""]",REJECTED_ALL,3,3,,False,0,0,0,0,0,0.0003904999466612935,0,0,0,3,[]
trial-768b4348f0527d97a0,decisive-20260831-054125,policy-L4-02346f5e3d9e,policy,4,F_ORACLE_AUDITOR,qwen3.5:9b-q8_0,ollama,211,0,0.2,False,False,0.9230769230769231,"[""r1""]","[""rejected_all""]",REJECTED_ALL,3,3,,False,0,0,0,0,0,0.0004325999761931598,0,3,0,0,"[""omitted_requirement"", ""unintended_side_effect+forced_requirement_violation"", ""wrong_value""]"
trial-ef5071d828c1b3c7ab,decisive-20260831-054125,policy-L4-02346f5e3d9e,policy,4,F_ORACLE_AUDITOR,qwen3.5:9b-q8_0,ollama,211,0,0.4,False,False,0.9230769230769231,"[""r9""]","[""rejected_all""]",REJECTED_ALL,3,3,,False,0,0,0,0,0,0.00041390000842511654,0,3,0,0,"[""wrong_value""]"
trial-4e51f2e5fd561c0bc4,decisive-20260831-054125,reconciliation-L1-380e8c4289ce,reconciliation,1,C_SYSTEM,qwen3.5:9b-q8_0,ollama,211,0,0.2,False,False,0.5,"[""r2""]","[""fault:wrong_value"", ""requirement:r2""]",FAILED,1,0,cand-7046a3bd8e0b,False,0,0,0,0,0,0.0001230000052601099,0,0,0,0,"[""wrong_value""]"
trial-73a420361e463176d0,decisive-20260831-054125,reconciliation-L1-380e8c4289ce,reconciliation,1,C_SYSTEM,qwen3.5:9b-q8_0,ollama,211,0,0.4,False,False,0.5,"[""r2""]","[""fault:omitted_requirement"", ""requirement:r2""]",FAILED,1,0,cand-266e4a53663f,False,0,0,0,0,0,0.00011319998884573579,0,0,0,0,"[""omitted_requirement""]"
trial-9423ed76e33429cf2c,decisive-20260831-054125,reconciliation-L1-380e8c4289ce,reconciliation,1,E_RANDOM_AUDITOR,qwen3.5:9b-q8_0,ollama,211,0,0.2,False,False,0.5,"[""r1""]","[""fault:wrong_value"", ""requirement:r1""]",FAILED,2,1,cand-3eb7e459f7ce,False,0,0,0,0,0,0.00023850001161918044,0,1,1,0,"[""wrong_value""]"
trial-def1a079ae8ca0c386,decisive-20260831-054125,reconciliation-L1-380e8c4289ce,reconciliation,1,E_RANDOM_AUDITOR,qwen3.5:9b-q8_0,ollama,211,0,0.4,False,False,0.5,"[""r2""]","[""fault:wrong_value"", ""requirement:r2""]",FAILED,3,2,cand-9e1316798982,False,0,0,0,0,0,0.0002610000083222985,0,1,1,1,"[""omitted_requirement"", ""wrong_value""]"
trial-24e6223317c2bca2d5,decisive-20260831-054125,reconciliation-L1-380e8c4289ce,reconciliation,1,E_RANDOM_AUDITOR,qwen3.5:9b-q8_0,ollama,211,0,0.6,False,False,0.5,"[""r1""]","[""rejected_all""]",REJECTED_ALL,3,3,,False,0,0,0,0,0,0.0002568000345490873,0,2,0,1,"[""unintended_side_effect+forced_requirement_violation"", ""wrong_value""]"
trial-7fc79d38e7aadba1c1,decisive-20260831-054125,reconciliation-L1-380e8c4289ce,reconciliation,1,E_RANDOM_AUDITOR,qwen3.5:9b-q8_0,ollama,211,0,0.8,False,False,1.0,[],"[""rejected_all""]",REJECTED_ALL,3,3,,False,0,0,0,0,0,0.0002248000237159431,0,0,0,3,[]
trial-5308772bf6e91eed2e,decisive-20260831-054125,reconciliation-L1-380e8c4289ce,reconciliation,1,E_RANDOM_AUDITOR,qwen3.5:9b-q8_0,ollama,211,0,0.95,False,False,1.0,[],"[""rejected_all""]",REJECTED_ALL,3,3,,False,0,0,0,0,0,0.0002209999947808683,0,0,0,3,[]
trial-73fd2ee1233fab1f37,decisive-20260831-054125,reconciliation-L2-2518554633a5,reconciliation,2,E_RANDOM_AUDITOR,qwen3.5:9b-q8_0,ollama,211,0,0.4,False,False,0.8,"[""r1""]","[""fault:wrong_value"", ""requirement:r1""]",FAILED,2,1,cand-64ee3ed86b55,False,0,0,0,0,0,0.00028229999588802457,0,0,1,1,"[""wrong_value""]"
trial-f7d2fb2bf1f6f6e5df,decisive-20260831-054125,reconciliation-L2-2518554633a5,reconciliation,2,E_RANDOM_AUDITOR,qwen3.5:9b-q8_0,ollama,211,0,0.6,False,False,0.8,"[""r1""]","[""fault:omitted_requirement"", ""requirement:r1""]",FAILED,2,1,cand-469aac9932f5,False,0,0,0,0,0,0.00032329995883628726,0,0,1,1,"[""omitted_requirement""]"
trial-3e68243c3e6cc4de12,decisive-20260831-054125,reconciliation-L3-8f1f98406cfb,reconciliation,3,C_SYSTEM,qwen3.5:9b-q8_0,ollama,211,0,0.2,False,False,0.8333333333333334,"[""r2""]","[""fault:omitted_requirement"", ""requirement:r2""]",FAILED,1,0,cand-92817404e8ee,False,0,0,0,0,0,0.00018559995805844665,0,0,0,0,"[""omitted_requirement""]"
trial-983be0ca5c5199d0a9,decisive-20260831-054125,reconciliation-L3-8f1f98406cfb,reconciliation,3,E_RANDOM_AUDITOR,qwen3.5:9b-q8_0,ollama,211,0,0.2,False,False,0.8333333333333334,"[""r1""]","[""fault:unintended_side_effect+forced_requirement_violation"", ""requirement:r1""]",FAILED,2,1,cand-e36299812785,False,0,0,0,0,0,0.00030779995722696185,0,1,1,0,"[""omitted_requirement"", ""unintended_side_effect+forced_requirement_violation""]"
trial-c3a6d2a6a1bfc4201c,decisive-20260831-054125,reconciliation-L3-8f1f98406cfb,reconciliation,3,E_RANDOM_AUDITOR,qwen3.5:9b-q8_0,ollama,211,0,0.8,False,False,1.0,[],"[""rejected_all""]",REJECTED_ALL,3,3,,False,0,0,0,0,0,0.0004361000028438866,0,0,0,3,[]
trial-5b076272d72001db82,decisive-20260831-054125,reconciliation-L3-8f1f98406cfb,reconciliation,3,F_ORACLE_AUDITOR,qwen3.5:9b-q8_0,ollama,211,0,0.2,False,False,0.8333333333333334,"[""r2""]","[""rejected_all""]",REJECTED_ALL,3,3,,False,0,0,0,0,0,0.00040229997830465436,0,3,0,0,"[""omitted_requirement"", ""unintended_side_effect+forced_requirement_violation""]"
trial-06eef6807260c290ec,decisive-20260831-054125,reconciliation-L4-7bebcad19e6d,reconciliation,4,C_SYSTEM,qwen3.5:9b-q8_0,ollama,211,0,0.2,False,False,0.9090909090909091,"[""r1""]","[""fault:unintended_side_effect+forced_requirement_violation"", ""requirement:r1""]",FAILED,1,0,cand-51d7cb799008,False,0,0,0,0,0,0.0002460999530740082,0,0,0,0,"[""unintended_side_effect+forced_requirement_violation""]"
trial-bc4d197982f77c9323,decisive-20260831-054125,reconciliation-L4-7bebcad19e6d,reconciliation,4,C_SYSTEM,qwen3.5:9b-q8_0,ollama,211,0,0.4,False,False,0.9090909090909091,"[""r1""]","[""fault:unintended_side_effect+forced_requirement_violation"", ""requirement:r1""]",FAILED,1,0,cand-422187268115,False,0,0,0,0,0,0.0002662999904714525,0,0,0,0,"[""unintended_side_effect+forced_requirement_violation""]"
trial-17e81d95a5ad9f657e,decisive-20260831-054125,reconciliation-L4-7bebcad19e6d,reconciliation,4,C_SYSTEM,qwen3.5:9b-q8_0,ollama,211,0,0.6,False,False,0.9090909090909091,"[""r2""]","[""fault:wrong_value"", ""requirement:r2""]",FAILED,1,0,cand-4c278d73faf3,False,0,0,0,0,0,0.00022789998911321163,0,0,0,0,"[""wrong_value""]"
trial-3e68c425e29fc10a13,decisive-20260831-054125,reconciliation-L4-7bebcad19e6d,reconciliation,4,E_RANDOM_AUDITOR,qwen3.5:9b-q8_0,ollama,211,0,0.2,False,True,0.9090909090909091,"[""r11""]","[""fault:omitted_requirement"", ""requirement:r11""]",FAILED,2,1,cand-a52f0647a107,False,0,0,0,0,0,0.00039110000943765044,0,1,1,0,"[""omitted_requirement"", ""unintended_side_effect+forced_requirement_violation""]"
trial-38c7a8b6cd1c2c0a1d,decisive-20260831-054125,reconciliation-L4-7bebcad19e6d,reconciliation,4,E_RANDOM_AUDITOR,qwen3.5:9b-q8_0,ollama,211,0,0.4,False,False,0.9090909090909091,"[""r1""]","[""fault:unintended_side_effect+forced_requirement_violation"", ""requirement:r1""]",FAILED,1,0,cand-422187268115,False,0,0,0,0,0,0.000248699972871691,0,0,1,0,"[""unintended_side_effect+forced_requirement_violation""]"
trial-d1dfd6516854c38208,decisive-20260831-054125,reconciliation-L4-7bebcad19e6d,reconciliation,4,E_RANDOM_AUDITOR,qwen3.5:9b-q8_0,ollama,211,0,0.6,False,False,0.9090909090909091,"[""r2""]","[""fault:wrong_value"", ""requirement:r2""]",FAILED,1,0,cand-4c278d73faf3,False,0,0,0,0,0,0.0002633999683894217,0,0,1,0,"[""wrong_value""]"
trial-2a22296fd74983f44a,decisive-20260831-054125,state-L1-08c2942b62b0,state,1,C_SYSTEM,qwen3.5:9b-q8_0,ollama,211,1,0.2,False,False,0.5,"[""r1""]","[""fault:omitted_requirement"", ""requirement:r1""]",FAILED,1,0,cand-178b5e7e68e2,False,0,0,0,0,0,0.0001210999907925725,0,0,0,0,"[""omitted_requirement""]"
trial-f6a037eb04cf8d32c7,decisive-20260831-054125,state-L1-08c2942b62b0,state,1,E_RANDOM_AUDITOR,qwen3.5:9b-q8_0,ollama,211,1,0.2,False,False,0.5,"[""r1""]","[""fault:omitted_requirement"", ""requirement:r1""]",FAILED,2,1,cand-36a74c93dcef,False,0,0,0,0,0,0.0002859999658539891,0,1,1,0,"[""omitted_requirement""]"
trial-f47a97203cbabcc756,decisive-20260831-054125,state-L1-08c2942b62b0,state,1,E_RANDOM_AUDITOR,qwen3.5:9b-q8_0,ollama,211,1,0.8,False,False,0.5,"[""r1""]","[""fault:unintended_side_effect+forced_requirement_violation"", ""requirement:r1""]",FAILED,2,1,cand-1187d296e865,False,0,0,0,0,0,0.00020929996389895678,0,0,1,1,"[""unintended_side_effect+forced_requirement_violation""]"
trial-96b4e06017593e5ac4,decisive-20260831-054125,state-L1-08c2942b62b0,state,1,F_ORACLE_AUDITOR,qwen3.5:9b-q8_0,ollama,211,1,0.2,False,False,0.5,"[""r2""]","[""rejected_all""]",REJECTED_ALL,3,3,,False,0,0,0,0,0,0.00024580000899732113,0,3,0,0,"[""omitted_requirement"", ""wrong_value""]"
trial-ef17978b93f727d6c8,decisive-20260831-054125,state-L2-80667fc2b424,state,2,C_SYSTEM,qwen3.5:9b-q8_0,ollama,211,1,0.4,False,False,0.8,"[""r5""]","[""fault:wrong_value"", ""requirement:r5""]",FAILED,1,0,cand-656c1cbc4628,False,0,0,0,0,0,0.0001420000335201621,0,0,0,0,"[""wrong_value""]"
trial-11508a6a79b35336cd,decisive-20260831-054125,state-L2-80667fc2b424,state,2,C_SYSTEM,qwen3.5:9b-q8_0,ollama,211,1,0.6,False,False,0.8,"[""r3""]","[""fault:wrong_value"", ""requirement:r3""]",FAILED,1,0,cand-d187532e2e4b,False,0,0,0,0,0,0.0001357999863103032,0,0,0,0,"[""wrong_value""]"
trial-ff824b8f3b667bd148,decisive-20260831-054125,state-L2-80667fc2b424,state,2,E_RANDOM_AUDITOR,qwen3.5:9b-q8_0,ollama,211,1,0.4,False,False,0.8,"[""r5""]","[""fault:wrong_value"", ""requirement:r5""]",FAILED,1,0,cand-656c1cbc4628,False,0,0,0,0,0,0.00015249999705702066,0,0,1,0,"[""wrong_value""]"
trial-1bc8c45a7d82f64a26,decisive-20260831-054125,state-L2-80667fc2b424,state,2,E_RANDOM_AUDITOR,qwen3.5:9b-q8_0,ollama,211,1,0.6,False,False,1.0,[],"[""rejected_all""]",REJECTED_ALL,3,3,,False,0,0,0,0,0,0.0002886999864131212,0,1,0,2,"[""wrong_value""]"
trial-9301391d51732f46b3,decisive-20260831-054125,state-L3-6bcb6f27ecd1,state,3,C_SYSTEM,qwen3.5:9b-q8_0,ollama,211,1,0.2,False,False,0.8571428571428571,"[""r1""]","[""fault:unintended_side_effect+forced_requirement_violation"", ""requirement:r1""]",FAILED,1,0,cand-bfacf50dceb0,False,0,0,0,0,0,0.00018719997024163604,0,0,0,0,"[""unintended_side_effect+forced_requirement_violation""]"
trial-a6147d5a391eba9efa,decisive-20260831-054125,state-L3-6bcb6f27ecd1,state,3,E_RANDOM_AUDITOR,qwen3.5:9b-q8_0,ollama,211,1,0.2,False,False,0.8571428571428571,"[""r1""]","[""fault:unintended_side_effect+forced_requirement_violation"", ""requirement:r1""]",FAILED,1,0,cand-bfacf50dceb0,False,0,0,0,0,0,0.00019869999960064888,0,0,1,0,"[""unintended_side_effect+forced_requirement_violation""]"
trial-9a4e8e428859c828bf,decisive-20260831-054125,state-L3-6bcb6f27ecd1,state,3,E_RANDOM_AUDITOR,qwen3.5:9b-q8_0,ollama,211,1,0.95,False,False,1.0,[],"[""rejected_all""]",REJECTED_ALL,3,3,,False,0,0,0,0,0,0.0004894000012427568,0,0,0,3,[]
trial-58e912c34c81a2fe71,decisive-20260831-054125,state-L4-51a508993f67,state,4,C_SYSTEM,qwen3.5:9b-q8_0,ollama,211,1,0.2,False,False,0.9090909090909091,"[""r1""]","[""fault:unintended_side_effect+forced_requirement_violation"", ""requirement:r1""]",FAILED,1,0,cand-3e5737bc97d5,False,0,0,0,0,0,0.00023909995798021555,0,0,0,0,"[""unintended_side_effect+forced_requirement_violation""]"
trial-4221e52a0ce625f83a,decisive-20260831-054125,state-L4-51a508993f67,state,4,C_SYSTEM,qwen3.5:9b-q8_0,ollama,211,1,0.4,False,False,0.9090909090909091,"[""r2""]","[""fault:omitted_requirement"", ""requirement:r2""]",FAILED,1,0,cand-dd250c6d65dc,False,0,0,0,0,0,0.00019109999993816018,0,0,0,0,"[""omitted_requirement""]"
trial-dbb6f34efe6c3704e4,decisive-20260831-054125,state-L4-51a508993f67,state,4,E_RANDOM_AUDITOR,qwen3.5:9b-q8_0,ollama,211,1,0.2,False,False,0.9090909090909091,"[""r1""]","[""fault:unintended_side_effect+forced_requirement_violation"", ""requirement:r1""]",FAILED,2,1,cand-895822e547fe,False,0,0,0,0,0,0.00035399995977059007,0,1,1,0,"[""unintended_side_effect+forced_requirement_violation""]"
trial-2b15132d57d857d7ff,decisive-20260831-054125,state-L4-51a508993f67,state,4,E_RANDOM_AUDITOR,qwen3.5:9b-q8_0,ollama,211,1,0.4,False,False,0.9090909090909091,"[""r1""]","[""rejected_all""]",REJECTED_ALL,3,3,,False,0,0,0,0,0,0.0004710000357590616,0,2,0,1,"[""omitted_requirement""]"
trial-532a3169c374f8597c,decisive-20260831-054125,state-L4-51a508993f67,state,4,F_ORACLE_AUDITOR,qwen3.5:9b-q8_0,ollama,211,1,0.2,False,False,0.9090909090909091,"[""r9""]","[""rejected_all""]",REJECTED_ALL,3,3,,False,0,0,0,0,0,0.000501000031363219,0,3,0,0,"[""unintended_side_effect+forced_requirement_violation"", ""wrong_value""]"
trial-45696eac96e07221e7,decisive-20260831-054125,policy-L1-2f952d719ba5,policy,1,C_SYSTEM,qwen3.5:9b-q8_0,ollama,211,1,0.2,False,False,0.0,"[""r1""]","[""fault:forbidden_procedure+forced_requirement_violation"", ""requirement:r1""]",FAILED,1,0,cand-27af0e6bc69e,False,0,0,0,0,0,0.0001113000325858593,0,0,0,0,"[""forbidden_procedure+forced_requirement_violation""]"
trial-6b452b4b2da715aabc,decisive-20260831-054125,policy-L1-2f952d719ba5,policy,1,C_SYSTEM,qwen3.5:9b-q8_0,ollama,211,1,0.6,False,False,0.0,"[""r1""]","[""fault:forbidden_procedure+forced_requirement_violation"", ""requirement:r1""]",FAILED,1,0,cand-464700a70c81,False,0,0,0,0,0,0.00013780000153928995,0,0,0,0,"[""forbidden_procedure+forced_requirement_violation""]"
trial-9934b351e69ca27e6e,decisive-20260831-054125,policy-L1-2f952d719ba5,policy,1,E_RANDOM_AUDITOR,qwen3.5:9b-q8_0,ollama,211,1,0.2,False,False,0.0,"[""r1""]","[""fault:forbidden_procedure+forced_requirement_violation"", ""requirement:r1""]",FAILED,1,0,cand-27af0e6bc69e,False,0,0,0,0,0,0.00011169997742399573,0,0,1,0,"[""forbidden_procedure+forced_requirement_violation""]"
trial-b254c48a8fb93c3783,decisive-20260831-054125,policy-L1-2f952d719ba5,policy,1,E_RANDOM_AUDITOR,qwen3.5:9b-q8_0,ollama,211,1,0.4,False,False,0.0,"[""r1""]","[""fault:unintended_side_effect+forced_requirement_violation"", ""requirement:r1""]",FAILED,2,1,cand-f699c2a1cb16,False,0,0,0,0,0,0.00018590001855045557,0,0,1,1,"[""unintended_side_effect+forced_requirement_violation""]"
trial-4a7dd6c69aad8c2794,decisive-20260831-054125,policy-L1-2f952d719ba5,policy,1,E_RANDOM_AUDITOR,qwen3.5:9b-q8_0,ollama,211,1,0.6,False,False,1.0,[],"[""rejected_all""]",REJECTED_ALL,3,3,,False,0,0,0,0,0,0.00022559997159987688,0,1,0,2,"[""forbidden_procedure+forced_requirement_violation""]"
trial-d9f7770402d4f1a19b,decisive-20260831-054125,policy-L1-2f952d719ba5,policy,1,F_ORACLE_AUDITOR,qwen3.5:9b-q8_0,ollama,211,1,0.2,False,False,0.0,"[""r1""]","[""rejected_all""]",REJECTED_ALL,3,3,,False,0,0,0,0,0,0.000221800000872463,0,3,0,0,"[""forbidden_procedure+forced_requirement_violation"", ""omitted_requirement"", ""unintended_side_effect+forced_requirement_violation""]"
trial-82f160173ef5ad75cb,decisive-20260831-054125,policy-L2-743b65432ccf,policy,2,C_SYSTEM,qwen3.5:9b-q8_0,ollama,211,1,0.2,False,False,0.8,"[""r1""]","[""fault:wrong_value+forced_requirement_violation"", ""requirement:r1""]",FAILED,1,0,cand-95c6f9973902,False,0,0,0,0,0,0.00012699997751042247,0,0,0,0,"[""wrong_value+forced_requirement_violation""]"
trial-65fadb8979771ad988,decisive-20260831-054125,policy-L2-743b65432ccf,policy,2,C_SYSTEM,qwen3.5:9b-q8_0,ollama,211,1,0.4,False,True,0.8,"[""r4""]","[""fault:forbidden_procedure"", ""requirement:r4""]",FAILED,1,0,cand-f46973f1900e,False,0,0,0,0,0,0.00012620002962648869,0,0,0,0,"[""forbidden_procedure""]"
trial-ae682b75e75632cf05,decisive-20260831-054125,policy-L2-743b65432ccf,policy,2,C_SYSTEM,qwen3.5:9b-q8_0,ollama,211,1,0.6,False,False,0.8,"[""r3""]","[""fault:wrong_value"", ""requirement:r3""]",FAILED,1,0,cand-f09110651abb,False,0,0,0,0,0,0.0001914000022225082,0,0,0,0,"[""wrong_value""]"
trial-5478d03a6c925af834,decisive-20260831-054125,policy-L2-743b65432ccf,policy,2,E_RANDOM_AUDITOR,qwen3.5:9b-q8_0,ollama,211,1,0.2,False,True,0.8,"[""r4""]","[""fault:forbidden_procedure"", ""requirement:r4""]",FAILED,2,1,cand-c03b219ae057,False,0,0,0,0,0,0.0002326999674551189,0,1,1,0,"[""forbidden_procedure"", ""wrong_value+forced_requirement_violation""]"
trial-02c3593e90e7471d8a,decisive-20260831-054125,policy-L2-743b65432ccf,policy,2,E_RANDOM_AUDITOR,qwen3.5:9b-q8_0,ollama,211,1,0.4,False,False,0.8,"[""r5""]","[""fault:ordering_violation"", ""requirement:r5""]",FAILED,3,2,cand-c40452436f4a,False,0,0,0,0,0,0.0002992000081576407,0,2,1,0,"[""forbidden_procedure"", ""ordering_violation"", ""unintended_side_effect+forced_requirement_violation""]"
trial-3091829b6ee3bafeef,decisive-20260831-054125,policy-L2-743b65432ccf,policy,2,E_RANDOM_AUDITOR,qwen3.5:9b-q8_0,ollama,211,1,0.6,False,False,0.8,"[""r1""]","[""fault:unintended_side_effect+forced_requirement_violation"", ""requirement:r1""]",FAILED,3,2,cand-2c5317f2dc91,False,0,0,0,0,0,0.0002788999699987471,0,1,1,1,"[""unintended_side_effect+forced_requirement_violation"", ""wrong_value""]"
trial-26b8adf07758078207,decisive-20260831-054125,policy-L2-743b65432ccf,policy,2,F_ORACLE_AUDITOR,qwen3.5:9b-q8_0,ollama,211,1,0.2,False,False,0.8,"[""r1""]","[""rejected_all""]",REJECTED_ALL,3,3,,False,0,0,0,0,0,0.0003049000515602529,0,3,0,0,"[""forbidden_procedure"", ""unintended_side_effect+forced_requirement_violation"", ""wrong_value+forced_requirement_violation""]"
trial-1f7a2493151b646212,decisive-20260831-054125,policy-L2-743b65432ccf,policy,2,F_ORACLE_AUDITOR,qwen3.5:9b-q8_0,ollama,211,1,0.4,False,False,0.8,"[""r5""]","[""rejected_all""]",REJECTED_ALL,3,3,,False,0,0,0,0,0,0.0003795999800786376,0,3,0,0,"[""forbidden_procedure"", ""ordering_violation"", ""unintended_side_effect+forced_requirement_violation""]"
trial-a49eef41254b2c0a50,decisive-20260831-054125,policy-L3-81681682e967,policy,3,C_SYSTEM,qwen3.5:9b-q8_0,ollama,211,1,0.2,False,False,0.8333333333333334,"[""r1""]","[""fault:unintended_side_effect+forced_requirement_violation"", ""requirement:r1""]",FAILED,1,0,cand-df7b42721ac8,False,0,0,0,0,0,0.00015409995103254914,0,0,0,0,"[""unintended_side_effect+forced_requirement_violation""]"
trial-0c5cc6d2cd78c91149,decisive-20260831-054125,policy-L3-81681682e967,policy,3,E_RANDOM_AUDITOR,qwen3.5:9b-q8_0,ollama,211,1,0.2,False,False,0.8333333333333334,"[""r1""]","[""rejected_all""]",REJECTED_ALL,3,3,,False,0,0,0,0,0,0.00034980004420503974,0,3,0,0,"[""unintended_side_effect+forced_requirement_violation""]"
trial-e9358b75c473138d1c,decisive-20260831-054125,policy-L3-81681682e967,policy,3,F_ORACLE_AUDITOR,qwen3.5:9b-q8_0,ollama,211,1,0.2,False,False,0.8333333333333334,"[""r1""]","[""rejected_all""]",REJECTED_ALL,3,3,,False,0,0,0,0,0,0.0003190000425092876,0,3,0,0,"[""unintended_side_effect+forced_requirement_violation""]"
trial-c26c58b62f7bf4b305,decisive-20260831-054125,policy-L4-41a848043050,policy,4,C_SYSTEM,qwen3.5:9b-q8_0,ollama,211,1,0.2,False,False,0.9285714285714286,"[""r14""]","[""fault:omitted_requirement"", ""requirement:r14""]",FAILED,1,0,cand-da693567ee99,False,0,0,0,0,0,0.0002031000331044197,0,0,0,0,"[""omitted_requirement""]"
trial-430f26e15b3dac7764,decisive-20260831-054125,policy-L4-41a848043050,policy,4,C_SYSTEM,qwen3.5:9b-q8_0,ollama,211,1,0.4,False,True,0.9285714285714286,"[""r12""]","[""fault:omitted_requirement"", ""requirement:r12""]",FAILED,1,0,cand-eee5ddb1688d,False,0,0,0,0,0,0.00019300001440569758,0,0,0,0,"[""omitted_requirement""]"
trial-bc2bdd09360ed7bfcf,decisive-20260831-054125,policy-L4-41a848043050,policy,4,E_RANDOM_AUDITOR,qwen3.5:9b-q8_0,ollama,211,1,0.2,False,False,0.9285714285714286,"[""r14""]","[""fault:omitted_requirement"", ""requirement:r14""]",FAILED,1,0,cand-da693567ee99,False,0,0,0,0,0,0.00024279998615384102,0,0,1,0,"[""omitted_requirement""]"
trial-f14c8b025a8208b750,decisive-20260831-054125,policy-L4-41a848043050,policy,4,E_RANDOM_AUDITOR,qwen3.5:9b-q8_0,ollama,211,1,0.4,False,False,1.0,[],"[""rejected_all""]",REJECTED_ALL,3,3,,False,0,0,0,0,0,0.00040469999657943845,0,2,0,1,"[""omitted_requirement"", ""unintended_side_effect+forced_requirement_violation""]"
trial-b6134efdf7e01d660a,decisive-20260831-054125,policy-L4-41a848043050,policy,4,E_RANDOM_AUDITOR,qwen3.5:9b-q8_0,ollama,211,1,0.6,False,False,0.9285714285714286,"[""r14""]","[""fault:ordering_violation"", ""requirement:r14""]",FAILED,2,1,cand-1b7c84757b6b,False,0,0,0,0,0,0.00028909998945891857,0,0,1,1,"[""ordering_violation""]"
trial-bb49156fae4e4112fe,decisive-20260831-054125,policy-L4-41a848043050,policy,4,E_RANDOM_AUDITOR,qwen3.5:9b-q8_0,ollama,211,1,0.8,False,False,1.0,[],"[""rejected_all""]",REJECTED_ALL,3,3,,False,0,0,0,0,0,0.00037299998803064227,0,1,0,2,"[""wrong_value""]"
trial-db4241b2360a9cd90c,decisive-20260831-054125,reconciliation-L1-7c384e0576e2,reconciliation,1,C_SYSTEM,qwen3.5:9b-q8_0,ollama,211,1,0.2,False,False,0.5,"[""r2""]","[""fault:wrong_value"", ""requirement:r2""]",FAILED,1,0,cand-fb0f44053b7a,False,0,0,0,0,0,0.00011290004476904869,0,0,0,0,"[""wrong_value""]"
trial-2566d11df1d736dce9,decisive-20260831-054125,reconciliation-L1-7c384e0576e2,reconciliation,1,C_SYSTEM,qwen3.5:9b-q8_0,ollama,211,1,0.95,False,False,0.5,"[""r1""]","[""fault:unintended_side_effect+forced_requirement_violation"", ""requirement:r1""]",FAILED,1,0,cand-211313334d36,False,0,0,0,0,0,0.00011710001854225993,0,0,0,0,"[""unintended_side_effect+forced_requirement_violation""]"
trial-7d668a64dbd2db495d,decisive-20260831-054125,reconciliation-L1-7c384e0576e2,reconciliation,1,E_RANDOM_AUDITOR,qwen3.5:9b-q8_0,ollama,211,1,0.2,False,False,0.5,"[""r1""]","[""fault:unintended_side_effect+forced_requirement_violation"", ""requirement:r1""]",FAILED,2,1,cand-36e70ac98fb5,False,0,0,0,0,0,0.00022260000696405768,0,1,1,0,"[""unintended_side_effect+forced_requirement_violation"", ""wrong_value""]"
trial-751ed6ff3d6e83622a,decisive-20260831-054125,reconciliation-L1-7c384e0576e2,reconciliation,1,E_RANDOM_AUDITOR,qwen3.5:9b-q8_0,ollama,211,1,0.95,False,False,0.5,"[""r1""]","[""fault:unintended_side_effect+forced_requirement_violation"", ""requirement:r1""]",FAILED,1,0,cand-211313334d36,False,0,0,0,0,0,0.00011959997937083244,0,0,1,0,"[""unintended_side_effect+forced_requirement_violation""]"
trial-587ef3f37a6614ef67,decisive-20260831-054125,reconciliation-L2-3567b59b9ec7,reconciliation,2,C_SYSTEM,qwen3.5:9b-q8_0,ollama,211,1,0.2,False,False,0.75,"[""r4""]","[""fault:omitted_requirement"", ""requirement:r4""]",FAILED,1,0,cand-b948e29c2315,False,0,0,0,0,0,0.00014750001719221473,0,0,0,0,"[""omitted_requirement""]"
trial-be33b45dc23a3d8f1e,decisive-20260831-054125,reconciliation-L2-3567b59b9ec7,reconciliation,2,C_SYSTEM,qwen3.5:9b-q8_0,ollama,211,1,0.4,False,False,0.75,"[""r2""]","[""fault:wrong_value"", ""requirement:r2""]",FAILED,1,0,cand-ac9114557830,False,0,0,0,0,0,0.00015259999781847,0,0,0,0,"[""wrong_value""]"
trial-0685b34ceca170d71f,decisive-20260831-054125,reconciliation-L2-3567b59b9ec7,reconciliation,2,C_SYSTEM,qwen3.5:9b-q8_0,ollama,211,1,0.6,False,False,0.75,"[""r1""]","[""fault:unintended_side_effect+forced_requirement_violation"", ""requirement:r1""]",FAILED,1,0,cand-a8912c9e49d7,False,0,0,0,0,0,0.00021159998141229153,0,0,0,0,"[""unintended_side_effect+forced_requirement_violation""]"
trial-e3ce5bb3a3f323c172,decisive-20260831-054125,reconciliation-L2-3567b59b9ec7,reconciliation,2,E_RANDOM_AUDITOR,qwen3.5:9b-q8_0,ollama,211,1,0.2,False,False,0.75,"[""r4""]","[""fault:omitted_requirement"", ""requirement:r4""]",FAILED,1,0,cand-b948e29c2315,False,0,0,0,0,0,0.0002060999977402389,0,0,1,0,"[""omitted_requirement""]"
trial-d42124640f385a2beb,decisive-20260831-054125,reconciliation-L2-3567b59b9ec7,reconciliation,2,E_RANDOM_AUDITOR,qwen3.5:9b-q8_0,ollama,211,1,0.4,False,False,0.75,"[""r2""]","[""fault:wrong_value"", ""requirement:r2""]",FAILED,1,0,cand-ac9114557830,False,0,0,0,0,0,0.00022350001381710172,0,0,1,0,"[""wrong_value""]"
trial-ad1f3befa03699e4fe,decisive-20260831-054125,reconciliation-L2-3567b59b9ec7,reconciliation,2,E_RANDOM_AUDITOR,qwen3.5:9b-q8_0,ollama,211,1,0.6,False,False,1.0,[],"[""rejected_all""]",REJECTED_ALL,3,3,,False,0,0,0,0,0,0.0004995999624952674,0,2,0,1,"[""unintended_side_effect+forced_requirement_violation"", ""wrong_value""]"
trial-879bb41f723ec17a81,decisive-20260831-054125,reconciliation-L2-3567b59b9ec7,reconciliation,2,E_RANDOM_AUDITOR,qwen3.5:9b-q8_0,ollama,211,1,0.95,False,False,1.0,[],"[""rejected_all""]",REJECTED_ALL,3,3,,False,0,0,0,0,0,0.0002961999853141606,0,0,0,3,[]
trial-58fc3bb9f13f201a51,decisive-20260831-054125,reconciliation-L2-3567b59b9ec7,reconciliation,2,F_ORACLE_AUDITOR,qwen3.5:9b-q8_0,ollama,211,1,0.2,False,False,0.75,"[""r1""]","[""rejected_all""]",REJECTED_ALL,3,3,,False,0,0,0,0,0,0.0003443000023253262,0,3,0,0,"[""omitted_requirement"", ""unintended_side_effect+forced_requirement_violation""]"
trial-74c9f702d9158f69d6,decisive-20260831-054125,reconciliation-L3-b523773ee1d7,reconciliation,3,C_SYSTEM,qwen3.5:9b-q8_0,ollama,211,1,0.2,False,False,0.8888888888888888,"[""r4""]","[""fault:wrong_value"", ""requirement:r4""]",FAILED,1,0,cand-041704e76128,False,0,0,0,0,0,0.0002489000326022506,0,0,0,0,"[""wrong_value""]"
trial-19cb80091310fbae6c,decisive-20260831-054125,reconciliation-L3-b523773ee1d7,reconciliation,3,C_SYSTEM,qwen3.5:9b-q8_0,ollama,211,1,0.4,False,False,0.8888888888888888,"[""r2""]","[""fault:wrong_value"", ""requirement:r2""]",FAILED,1,0,cand-ef9d35e1c9d9,False,0,0,0,0,0,0.00022200000239536166,0,0,0,0,"[""wrong_value""]"
trial-d2dc1eddc52b4762c4,decisive-20260831-054125,reconciliation-L3-b523773ee1d7,reconciliation,3,C_SYSTEM,qwen3.5:9b-q8_0,ollama,211,1,0.6,False,False,0.8888888888888888,"[""r3""]","[""fault:wrong_value"", ""requirement:r3""]",FAILED,1,0,cand-3a3089b239c1,False,0,0,0,0,0,0.00022409996017813683,0,0,0,0,"[""wrong_value""]"
trial-53b97d108a365a7949,decisive-20260831-054125,reconciliation-L3-b523773ee1d7,reconciliation,3,E_RANDOM_AUDITOR,qwen3.5:9b-q8_0,ollama,211,1,0.2,False,False,0.8888888888888888,"[""r1""]","[""fault:unintended_side_effect+forced_requirement_violation"", ""requirement:r1""]",FAILED,2,1,cand-48b050297f50,False,0,0,0,0,0,0.00039820000529289246,0,1,1,0,"[""unintended_side_effect+forced_requirement_violation"", ""wrong_value""]"
trial-6b3c3470b9ffe07030,decisive-20260831-054125,reconciliation-L3-b523773ee1d7,reconciliation,3,E_RANDOM_AUDITOR,qwen3.5:9b-q8_0,ollama,211,1,0.4,False,False,0.8888888888888888,"[""r2""]","[""fault:wrong_value"", ""requirement:r2""]",FAILED,2,1,cand-9f8294163b84,False,0,0,0,0,0,0.000457499991171062,0,1,1,0,"[""wrong_value""]"
trial-27a7252ce58309c8a4,decisive-20260831-054125,reconciliation-L3-b523773ee1d7,reconciliation,3,E_RANDOM_AUDITOR,qwen3.5:9b-q8_0,ollama,211,1,0.6,False,False,0.8888888888888888,"[""r3""]","[""fault:wrong_value"", ""requirement:r3""]",FAILED,1,0,cand-3a3089b239c1,False,0,0,0,0,0,0.00022950000129640102,0,0,1,0,"[""wrong_value""]"
trial-153d1582aee7f52147,decisive-20260831-054125,reconciliation-L3-b523773ee1d7,reconciliation,3,E_RANDOM_AUDITOR,qwen3.5:9b-q8_0,ollama,211,1,0.95,False,False,1.0,[],"[""rejected_all""]",REJECTED_ALL,3,3,,False,0,0,0,0,0,0.0005100000416859984,0,0,0,3,[]
trial-9d6aa97cae9600c31d,decisive-20260831-054125,reconciliation-L3-b523773ee1d7,reconciliation,3,F_ORACLE_AUDITOR,qwen3.5:9b-q8_0,ollama,211,1,0.4,False,False,0.8888888888888888,"[""r1""]","[""rejected_all""]",REJECTED_ALL,3,3,,False,0,0,0,0,0,0.0004855000297538936,0,3,0,0,"[""unintended_side_effect+forced_requirement_violation"", ""wrong_value""]"
trial-86e6f91c8a20dd535f,decisive-20260831-054125,reconciliation-L3-b523773ee1d7,reconciliation,3,F_ORACLE_AUDITOR,qwen3.5:9b-q8_0,ollama,211,1,0.6,False,False,0.8888888888888888,"[""r1""]","[""rejected_all""]",REJECTED_ALL,3,3,,False,0,0,0,0,0,0.0006211000145412982,0,3,0,0,"[""omitted_requirement"", ""unintended_side_effect+forced_requirement_violation"", ""wrong_value""]"
trial-84ed0cd4cd8c457923,decisive-20260831-054125,reconciliation-L4-97370149eb0c,reconciliation,4,C_SYSTEM,qwen3.5:9b-q8_0,ollama,211,1,0.2,False,False,0.9090909090909091,"[""r10""]","[""fault:omitted_requirement"", ""requirement:r10""]",FAILED,1,0,cand-3251d47aa00f,False,0,0,0,0,0,0.00023610005155205727,0,0,0,0,"[""omitted_requirement""]"
trial-167efb1b55c5776005,decisive-20260831-054125,reconciliation-L4-97370149eb0c,reconciliation,4,C_SYSTEM,qwen3.5:9b-q8_0,ollama,211,1,0.6,False,False,0.9090909090909091,"[""r9""]","[""fault:wrong_value"", ""requirement:r9""]",FAILED,1,0,cand-06ebfa8fa7e9,False,0,0,0,0,0,0.000255799968726933,0,0,0,0,"[""wrong_value""]"
trial-f4d797abedad2fa8a5,decisive-20260831-054125,reconciliation-L4-97370149eb0c,reconciliation,4,E_RANDOM_AUDITOR,qwen3.5:9b-q8_0,ollama,211,1,0.2,False,False,0.9090909090909091,"[""r1""]","[""fault:unintended_side_effect+forced_requirement_violation"", ""requirement:r1""]",FAILED,3,2,cand-7686a600ed62,False,0,0,0,0,0,0.0006713999900966883,0,2,1,0,"[""omitted_requirement"", ""unintended_side_effect+forced_requirement_violation""]"
trial-ad7cce9779ceaa7f33,decisive-20260831-054125,reconciliation-L4-97370149eb0c,reconciliation,4,E_RANDOM_AUDITOR,qwen3.5:9b-q8_0,ollama,211,1,0.6,False,False,0.9090909090909091,"[""r1""]","[""rejected_all""]",REJECTED_ALL,3,3,,False,0,0,0,0,0,0.0006018999847583473,0,3,0,0,"[""unintended_side_effect+forced_requirement_violation"", ""wrong_value""]"
trial-5e33424f15c367fcaa,decisive-20260831-054125,reconciliation-L4-97370149eb0c,reconciliation,4,F_ORACLE_AUDITOR,qwen3.5:9b-q8_0,ollama,211,1,0.2,False,False,0.9090909090909091,"[""r1""]","[""rejected_all""]",REJECTED_ALL,3,3,,False,0,0,0,0,0,0.0005452000186778605,0,3,0,0,"[""omitted_requirement"", ""unintended_side_effect+forced_requirement_violation""]"
trial-fac44dd5237c1436b8,decisive-20260831-054125,reconciliation-L4-97370149eb0c,reconciliation,4,F_ORACLE_AUDITOR,qwen3.5:9b-q8_0,ollama,211,1,0.6,False,False,0.9090909090909091,"[""r1""]","[""rejected_all""]",REJECTED_ALL,3,3,,False,0,0,0,0,0,0.0005660000024363399,0,3,0,0,"[""unintended_side_effect+forced_requirement_violation"", ""wrong_value""]"
trial-309d9e9250731c8347,decisive-20260831-054125,state-L1-14308a8a3bf5,state,1,C_SYSTEM,qwen3.5:9b-q8_0,ollama,211,2,0.6,False,False,0.5,"[""r1""]","[""fault:omitted_requirement"", ""requirement:r1""]",FAILED,1,0,cand-c183203c66dd,False,0,0,0,0,0,0.0001066999975591898,0,0,0,0,"[""omitted_requirement""]"
trial-9966b698ac638ce89a,decisive-20260831-054125,state-L1-14308a8a3bf5,state,1,E_RANDOM_AUDITOR,qwen3.5:9b-q8_0,ollama,211,2,0.6,False,False,0.5,"[""r1""]","[""fault:omitted_requirement"", ""requirement:r1""]",FAILED,1,0,cand-c183203c66dd,False,0,0,0,0,0,0.00011149997590109706,0,0,1,0,"[""omitted_requirement""]"
trial-a247344bed2a281d72,decisive-20260831-054125,state-L1-14308a8a3bf5,state,1,E_RANDOM_AUDITOR,qwen3.5:9b-q8_0,ollama,211,2,0.8,False,False,1.0,[],"[""rejected_all""]",REJECTED_ALL,3,3,,False,0,0,0,0,0,0.00022869999520480633,0,0,0,3,[]
trial-e1a6b703f18a9baa3c,decisive-20260831-054125,state-L2-08acf3cc4f3e,state,2,C_SYSTEM,qwen3.5:9b-q8_0,ollama,211,2,0.2,False,False,0.75,"[""r3""]","[""fault:wrong_value"", ""requirement:r3""]",FAILED,1,0,cand-1793f462323d,False,0,0,0,0,0,0.00015000003622844815,0,0,0,0,"[""wrong_value""]"
trial-eee4c0db2d272b9b99,decisive-20260831-054125,state-L2-08acf3cc4f3e,state,2,C_SYSTEM,qwen3.5:9b-q8_0,ollama,211,2,0.4,False,False,0.75,"[""r1""]","[""fault:omitted_requirement"", ""requirement:r1""]",FAILED,1,0,cand-d7f5b9634be0,False,0,0,0,0,0,0.00013969995779916644,0,0,0,0,"[""omitted_requirement""]"
trial-dc2aa8249ca0d092ca,decisive-20260831-054125,state-L2-08acf3cc4f3e,state,2,C_SYSTEM,qwen3.5:9b-q8_0,ollama,211,2,0.6,False,False,0.75,"[""r1""]","[""fault:unintended_side_effect+forced_requirement_violation"", ""requirement:r1""]",FAILED,1,0,cand-447a2b893991,False,0,0,0,0,0,0.0001542000100016594,0,0,0,0,"[""unintended_side_effect+forced_requirement_violation""]"
trial-2a37a1cb8d6ded1a9e,decisive-20260831-054125,state-L2-08acf3cc4f3e,state,2,C_SYSTEM,qwen3.5:9b-q8_0,ollama,211,2,0.8,False,False,0.75,"[""r1""]","[""fault:omitted_requirement"", ""requirement:r1""]",FAILED,1,0,cand-5a566b6445af,False,0,0,0,0,0,0.0001734999823383987,0,0,0,0,"[""omitted_requirement""]"
trial-36364567c59d844e7a,decisive-20260831-054125,state-L2-08acf3cc4f3e,state,2,E_RANDOM_AUDITOR,qwen3.5:9b-q8_0,ollama,211,2,0.2,False,False,0.75,"[""r1""]","[""rejected_all""]",REJECTED_ALL,3,3,,False,0,0,0,0,0,0.0003310000174678862,0,3,0,0,"[""unintended_side_effect+forced_requirement_violation"", ""wrong_value""]"
trial-32ef98e85b1c530e5a,decisive-20260831-054125,state-L2-08acf3cc4f3e,state,2,E_RANDOM_AUDITOR,qwen3.5:9b-q8_0,ollama,211,2,0.4,False,False,0.75,"[""r1""]","[""fault:unintended_side_effect+forced_requirement_violation"", ""requirement:r1""]",FAILED,2,1,cand-b1ffc8ea6d4b,False,0,0,0,0,0,0.00023910001618787646,0,1,1,0,"[""omitted_requirement"", ""unintended_side_effect+forced_requirement_violation""]"
trial-00b310f825690f2f1b,decisive-20260831-054125,state-L2-08acf3cc4f3e,state,2,E_RANDOM_AUDITOR,qwen3.5:9b-q8_0,ollama,211,2,0.6,False,False,0.75,"[""r1""]","[""fault:unintended_side_effect+forced_requirement_violation"", ""requirement:r1""]",FAILED,1,0,cand-447a2b893991,False,0,0,0,0,0,0.000172999978531152,0,0,1,0,"[""unintended_side_effect+forced_requirement_violation""]"
trial-a8ef144395364df1c3,decisive-20260831-054125,state-L2-08acf3cc4f3e,state,2,E_RANDOM_AUDITOR,qwen3.5:9b-q8_0,ollama,211,2,0.8,False,False,0.75,"[""r1""]","[""fault:omitted_requirement"", ""requirement:r1""]",FAILED,1,0,cand-5a566b6445af,False,0,0,0,0,0,0.0001496000331826508,0,0,1,0,"[""omitted_requirement""]"
trial-0d79eff73af27b4d96,decisive-20260831-054125,state-L2-08acf3cc4f3e,state,2,F_ORACLE_AUDITOR,qwen3.5:9b-q8_0,ollama,211,2,0.2,False,False,0.75,"[""r1""]","[""rejected_all""]",REJECTED_ALL,3,3,,False,0,0,0,0,0,0.00032349996035918593,0,3,0,0,"[""unintended_side_effect+forced_requirement_violation"", ""wrong_value""]"
trial-ef8d59cd8a34c578d9,decisive-20260831-054125,state-L2-08acf3cc4f3e,state,2,F_ORACLE_AUDITOR,qwen3.5:9b-q8_0,ollama,211,2,0.4,False,False,0.75,"[""r4""]","[""rejected_all""]",REJECTED_ALL,3,3,,False,0,0,0,0,0,0.0003082000184804201,0,3,0,0,"[""omitted_requirement"", ""unintended_side_effect+forced_requirement_violation""]"
trial-d8b7395b3129205981,decisive-20260831-054125,state-L3-5a3864f097d0,state,3,C_SYSTEM,qwen3.5:9b-q8_0,ollama,211,2,0.2,False,False,0.8333333333333334,"[""r3""]","[""fault:wrong_value"", ""requirement:r3""]",FAILED,1,0,cand-d8a654f1cbc1,False,0,0,0,0,0,0.00017110002227127552,0,0,0,0,"[""wrong_value""]"
trial-829795969f92bdad14,decisive-20260831-054125,state-L3-5a3864f097d0,state,3,E_RANDOM_AUDITOR,qwen3.5:9b-q8_0,ollama,211,2,0.2,False,False,0.8333333333333334,"[""r2""]","[""fault:wrong_value"", ""requirement:r2""]",FAILED,2,1,cand-972f031edc61,False,0,0,0,0,0,0.00027630000840872526,0,1,1,0,"[""wrong_value""]"
trial-1cbfe3c46309a85ba5,decisive-20260831-054125,state-L3-5a3864f097d0,state,3,E_RANDOM_AUDITOR,qwen3.5:9b-q8_0,ollama,211,2,0.8,False,False,1.0,[],"[""rejected_all""]",REJECTED_ALL,3,3,,False,0,0,0,0,0,0.00039849994936957955,0,0,0,3,[]
trial-8f710748c829072b60,decisive-20260831-054125,state-L3-5a3864f097d0,state,3,F_ORACLE_AUDITOR,qwen3.5:9b-q8_0,ollama,211,2,0.2,False,False,0.8333333333333334,"[""r5""]","[""rejected_all""]",REJECTED_ALL,3,3,,False,0,0,0,0,0,0.00045789999421685934,0,3,0,0,"[""wrong_value""]"
trial-4055cb37da79e7ad19,decisive-20260831-054125,state-L4-84f9b874e7eb,state,4,C_SYSTEM,qwen3.5:9b-q8_0,ollama,211,2,0.2,False,False,0.9,"[""r8""]","[""fault:omitted_requirement"", ""requirement:r8""]",FAILED,1,0,cand-891b9316a669,False,0,0,0,0,0,0.00021249998826533556,0,0,0,0,"[""omitted_requirement""]"
trial-82c23e4540b0775a06,decisive-20260831-054125,state-L4-84f9b874e7eb,state,4,C_SYSTEM,qwen3.5:9b-q8_0,ollama,211,2,0.4,False,False,0.9,"[""r8""]","[""fault:omitted_requirement"", ""requirement:r8""]",FAILED,1,0,cand-fbdff32f7ae1,False,0,0,0,0,0,0.00020920002134516835,0,0,0,0,"[""omitted_requirement""]"
trial-0718c97d3895d247b9,decisive-20260831-054125,state-L4-84f9b874e7eb,state,4,C_SYSTEM,qwen3.5:9b-q8_0,ollama,211,2,0.6,False,False,0.9,"[""r1""]","[""fault:unintended_side_effect+forced_requirement_violation"", ""requirement:r1""]",FAILED,1,0,cand-460dd2c16168,False,0,0,0,0,0,0.00022159999934956431,0,0,0,0,"[""unintended_side_effect+forced_requirement_violation""]"
trial-fa981054590e8f98ad,decisive-20260831-054125,state-L4-84f9b874e7eb,state,4,E_RANDOM_AUDITOR,qwen3.5:9b-q8_0,ollama,211,2,0.2,False,False,0.9,"[""r8""]","[""fault:omitted_requirement"", ""requirement:r8""]",FAILED,1,0,cand-891b9316a669,False,0,0,0,0,0,0.0002329999697394669,0,0,1,0,"[""omitted_requirement""]"
trial-6680c5d4b9d3d520ea,decisive-20260831-054125,state-L4-84f9b874e7eb,state,4,E_RANDOM_AUDITOR,qwen3.5:9b-q8_0,ollama,211,2,0.4,False,False,0.9,"[""r5""]","[""fault:omitted_requirement"", ""requirement:r5""]",FAILED,3,2,cand-32ed38bf72bf,False,0,0,0,0,0,0.0004572999896481633,0,2,1,0,"[""omitted_requirement""]"
trial-014fc8179cc6efbae6,decisive-20260831-054125,state-L4-84f9b874e7eb,state,4,E_RANDOM_AUDITOR,qwen3.5:9b-q8_0,ollama,211,2,0.6,False,False,0.9,"[""r1""]","[""fault:wrong_value"", ""requirement:r1""]",FAILED,2,1,cand-869919ed010d,False,0,0,0,0,0,0.0005370000144466758,0,1,1,0,"[""unintended_side_effect+forced_requirement_violation"", ""wrong_value""]"
trial-872a94f4b3f832adc9,decisive-20260831-054125,state-L4-84f9b874e7eb,state,4,E_RANDOM_AUDITOR,qwen3.5:9b-q8_0,ollama,211,2,0.95,False,False,1.0,[],"[""rejected_all""]",REJECTED_ALL,3,3,,False,0,0,0,0,0,0.00039140001172199845,0,0,0,3,[]
trial-ee360a1b6e9e3dd842,decisive-20260831-054125,state-L4-84f9b874e7eb,state,4,F_ORACLE_AUDITOR,qwen3.5:9b-q8_0,ollama,211,2,0.2,False,False,0.9,"[""r8""]","[""rejected_all""]",REJECTED_ALL,3,3,,False,0,0,0,0,0,0.0005632000393234193,0,3,0,0,"[""omitted_requirement"", ""wrong_value""]"
trial-e5e332775514d56e46,decisive-20260831-054125,state-L4-84f9b874e7eb,state,4,F_ORACLE_AUDITOR,qwen3.5:9b-q8_0,ollama,211,2,0.4,False,False,0.9,"[""r5""]","[""rejected_all""]",REJECTED_ALL,3,3,,False,0,0,0,0,0,0.0005360999493859708,0,3,0,0,"[""omitted_requirement""]"
trial-3202c48dbdcdf5987e,decisive-20260831-054125,policy-L1-93f83983851f,policy,1,C_SYSTEM,qwen3.5:9b-q8_0,ollama,211,2,0.2,False,False,0.5,"[""r1""]","[""fault:ordering_violation+forced_requirement_violation"", ""requirement:r1""]",FAILED,1,0,cand-3bf9bdd38420,False,0,0,0,0,0,0.00012009998317807913,0,0,0,0,"[""ordering_violation+forced_requirement_violation""]"
trial-2ceba8b8b8bb9e5354,decisive-20260831-054125,policy-L1-93f83983851f,policy,1,C_SYSTEM,qwen3.5:9b-q8_0,ollama,211,2,0.6,False,False,0.5,"[""r1""]","[""fault:forbidden_procedure+forced_requirement_violation"", ""requirement:r1""]",FAILED,1,0,cand-08b3ed247716,False,0,0,0,0,0,0.00013719999697059393,0,0,0,0,"[""forbidden_procedure+forced_requirement_violation""]"
trial-201214114dcc2c1ca6,decisive-20260831-054125,policy-L1-93f83983851f,policy,1,E_RANDOM_AUDITOR,qwen3.5:9b-q8_0,ollama,211,2,0.2,False,False,0.5,"[""r1""]","[""fault:ordering_violation+forced_requirement_violation"", ""requirement:r1""]",FAILED,1,0,cand-3bf9bdd38420,False,0,0,0,0,0,0.00012889999197795987,0,0,1,0,"[""ordering_violation+forced_requirement_violation""]"
trial-8eb6d852e52aba50b1,decisive-20260831-054125,policy-L1-93f83983851f,policy,1,E_RANDOM_AUDITOR,qwen3.5:9b-q8_0,ollama,211,2,0.6,False,False,0.5,"[""r1""]","[""fault:forbidden_procedure+forced_requirement_violation"", ""requirement:r1""]",FAILED,1,0,cand-08b3ed247716,False,0,0,0,0,0,0.00012500002048909664,0,0,1,0,"[""forbidden_procedure+forced_requirement_violation""]"
trial-fcce0bdbb09a23f229,decisive-20260831-054125,policy-L1-93f83983851f,policy,1,F_ORACLE_AUDITOR,qwen3.5:9b-q8_0,ollama,211,2,0.2,False,False,0.5,"[""r1""]","[""rejected_all""]",REJECTED_ALL,3,3,,False,0,0,0,0,0,0.0002541000139899552,0,3,0,0,"[""ordering_violation+forced_requirement_violation"", ""unintended_side_effect+forced_requirement_violation""]"
trial-6442d97b065dc2f7ac,decisive-20260831-054125,policy-L2-186ebc55df5a,policy,2,C_SYSTEM,qwen3.5:9b-q8_0,ollama,211,2,0.2,False,True,0.75,"[""r3""]","[""fault:forbidden_procedure"", ""requirement:r3""]",FAILED,1,0,cand-ef162c02ff3e,False,0,0,0,0,0,0.0001781000173650682,0,0,0,0,"[""forbidden_procedure""]"
trial-34a7b7dcde5b8d5ec2,decisive-20260831-054125,policy-L2-186ebc55df5a,policy,2,E_RANDOM_AUDITOR,qwen3.5:9b-q8_0,ollama,211,2,0.2,False,False,0.75,"[""r1""]","[""fault:unintended_side_effect+forced_requirement_violation"", ""requirement:r1""]",FAILED,3,2,cand-6b4cc7b0a5bb,False,0,0,0,0,0,0.0022302999859675765,0,2,1,0,"[""forbidden_procedure"", ""unintended_side_effect+forced_requirement_violation""]"
trial-5f54619ae26de93b9a,decisive-20260831-054125,policy-L2-186ebc55df5a,policy,2,E_RANDOM_AUDITOR,qwen3.5:9b-q8_0,ollama,211,2,0.4,False,False,0.75,"[""r4""]","[""fault:ordering_violation"", ""requirement:r4""]",FAILED,2,1,cand-ef646e75ea1c,False,0,0,0,0,0,0.0002142000012099743,0,0,1,1,"[""ordering_violation""]"
trial-0f024bf466d7e8354c,decisive-20260831-054125,policy-L2-186ebc55df5a,policy,2,E_RANDOM_AUDITOR,qwen3.5:9b-q8_0,ollama,211,2,0.6,False,False,0.75,"[""r4""]","[""rejected_all""]",REJECTED_ALL,3,3,,False,0,0,0,0,0,0.0002511999919079244,0,2,0,1,"[""omitted_requirement"", ""ordering_violation""]"
trial-6d7c0e031e8f998279,decisive-20260831-054125,policy-L2-186ebc55df5a,policy,2,F_ORACLE_AUDITOR,qwen3.5:9b-q8_0,ollama,211,2,0.2,False,False,0.75,"[""r1""]","[""rejected_all""]",REJECTED_ALL,3,3,,False,0,0,0,0,0,0.00026950001483783126,0,3,0,0,"[""forbidden_procedure"", ""unintended_side_effect+forced_requirement_violation""]"
trial-e115a1edb0eb7532dd,decisive-20260831-054125,policy-L3-d0c453dd1b54,policy,3,C_SYSTEM,qwen3.5:9b-q8_0,ollama,211,2,0.2,False,False,0.875,"[""r2""]","[""fault:wrong_value"", ""requirement:r2""]",FAILED,1,0,cand-d7a5545c4f36,False,0,0,0,0,0,0.00016220001270994544,0,0,0,0,"[""wrong_value""]"
trial-6edb8e4f4cf1c6a9bf,decisive-20260831-054125,policy-L3-d0c453dd1b54,policy,3,C_SYSTEM,qwen3.5:9b-q8_0,ollama,211,2,0.4,False,True,0.875,"[""r7""]","[""fault:forbidden_procedure"", ""requirement:r7""]",FAILED,1,0,cand-2d90cf5cdbd0,False,0,0,0,0,0,0.00015679997159168124,0,0,0,0,"[""forbidden_procedure""]"
trial-a185e7fd116928500c,decisive-20260831-054125,policy-L3-d0c453dd1b54,policy,3,E_RANDOM_AUDITOR,qwen3.5:9b-q8_0,ollama,211,2,0.2,False,False,1.0,[],"[""rejected_all""]",REJECTED_ALL,3,3,,False,0,0,0,0,0,0.0003401999711059034,0,2,0,1,"[""forbidden_procedure"", ""wrong_value""]"
trial-4cd35c2580495e6150,decisive-20260831-054125,policy-L3-d0c453dd1b54,policy,3,E_RANDOM_AUDITOR,qwen3.5:9b-q8_0,ollama,211,2,0.4,False,False,0.875,"[""r8""]","[""rejected_all""]",REJECTED_ALL,3,3,,False,0,0,0,0,0,0.0003353000502102077,0,3,0,0,"[""forbidden_procedure"", ""ordering_violation""]"
trial-7856da733cc0745847,decisive-20260831-054125,policy-L3-d0c453dd1b54,policy,3,E_RANDOM_AUDITOR,qwen3.5:9b-q8_0,ollama,211,2,0.6,False,False,0.875,"[""r8""]","[""fault:ordering_violation"", ""requirement:r8""]",FAILED,2,1,cand-7ebf94cd9249,False,0,0,0,0,0,0.0002416999777778983,0,0,1,1,"[""ordering_violation""]"
trial-306b758296a8e09f03,decisive-20260831-054125,policy-L3-d0c453dd1b54,policy,3,E_RANDOM_AUDITOR,qwen3.5:9b-q8_0,ollama,211,2,0.95,False,False,1.0,[],"[""rejected_all""]",REJECTED_ALL,3,3,,False,0,0,0,0,0,0.00028769997879862785,0,0,0,3,[]
trial-30026f58d5b6796666,decisive-20260831-054125,policy-L3-d0c453dd1b54,policy,3,F_ORACLE_AUDITOR,qwen3.5:9b-q8_0,ollama,211,2,0.4,False,False,0.875,"[""r8""]","[""rejected_all""]",REJECTED_ALL,3,3,,False,0,0,0,0,0,0.00037460000021383166,0,3,0,0,"[""forbidden_procedure"", ""ordering_violation""]"
trial-060c65951c80008226,decisive-20260831-054125,policy-L4-9770dd7e83e3,policy,4,C_SYSTEM,qwen3.5:9b-q8_0,ollama,211,2,0.2,False,False,0.9090909090909091,"[""r8""]","[""fault:wrong_value"", ""requirement:r8""]",FAILED,1,0,cand-369029ace363,False,0,0,0,0,0,0.0001824999926611781,0,0,0,0,"[""wrong_value""]"
trial-eb051ae54724bb2a41,decisive-20260831-054125,policy-L4-9770dd7e83e3,policy,4,C_SYSTEM,qwen3.5:9b-q8_0,ollama,211,2,0.4,False,False,0.9090909090909091,"[""r11""]","[""fault:omitted_requirement"", ""requirement:r11""]",FAILED,1,0,cand-2a41cd314d8a,False,0,0,0,0,0,0.00018390000332146883,0,0,0,0,"[""omitted_requirement""]"
trial-37e83f0202a565d55f,decisive-20260831-054125,policy-L4-9770dd7e83e3,policy,4,C_SYSTEM,qwen3.5:9b-q8_0,ollama,211,2,0.6,False,False,0.9090909090909091,"[""r2""]","[""fault:omitted_requirement"", ""requirement:r2""]",FAILED,1,0,cand-6894801daf15,False,0,0,0,0,0,0.00018619996262714267,0,0,0,0,"[""omitted_requirement""]"
trial-86344ef3e1ae94269b,decisive-20260831-054125,policy-L4-9770dd7e83e3,policy,4,E_RANDOM_AUDITOR,qwen3.5:9b-q8_0,ollama,211,2,0.2,False,False,0.9090909090909091,"[""r8""]","[""fault:wrong_value"", ""requirement:r8""]",FAILED,1,0,cand-369029ace363,False,0,0,0,0,0,0.00020970002515241504,0,0,1,0,"[""wrong_value""]"
trial-aefa81bf1da1a8673b,decisive-20260831-054125,policy-L4-9770dd7e83e3,policy,4,E_RANDOM_AUDITOR,qwen3.5:9b-q8_0,ollama,211,2,0.4,False,False,0.9090909090909091,"[""r11""]","[""fault:omitted_requirement"", ""requirement:r11""]",FAILED,1,0,cand-2a41cd314d8a,False,0,0,0,0,0,0.00019149994477629662,0,0,1,0,"[""omitted_requirement""]"
trial-75fef0c69bf82299d3,decisive-20260831-054125,policy-L4-9770dd7e83e3,policy,4,E_RANDOM_AUDITOR,qwen3.5:9b-q8_0,ollama,211,2,0.6,False,False,0.9090909090909091,"[""r11""]","[""rejected_all""]",REJECTED_ALL,3,3,,False,0,0,0,0,0,0.0004089000285603106,0,3,0,0,"[""omitted_requirement"", ""ordering_violation"", ""unintended_side_effect+forced_requirement_violation""]"
trial-799c11070e2526438d,decisive-20260831-054125,policy-L4-9770dd7e83e3,policy,4,E_RANDOM_AUDITOR,qwen3.5:9b-q8_0,ollama,211,2,0.8,False,False,0.9090909090909091,"[""r8""]","[""fault:omitted_requirement"", ""requirement:r8""]",FAILED,2,1,cand-86fe7d494720,False,0,0,0,0,0,0.0002807999844662845,0,0,1,1,"[""omitted_requirement""]"
trial-ef957856cdf5e418a4,decisive-20260831-054125,policy-L4-9770dd7e83e3,policy,4,F_ORACLE_AUDITOR,qwen3.5:9b-q8_0,ollama,211,2,0.6,False,False,0.9090909090909091,"[""r11""]","[""rejected_all""]",REJECTED_ALL,3,3,,False,0,0,0,0,0,0.0004273999948054552,0,3,0,0,"[""omitted_requirement"", ""ordering_violation"", ""unintended_side_effect+forced_requirement_violation""]"
trial-bfa39d6d1505505ee3,decisive-20260831-054125,reconciliation-L1-e7c16a2a8489,reconciliation,1,C_SYSTEM,qwen3.5:9b-q8_0,ollama,211,2,0.2,False,False,0.0,"[""r1""]","[""fault:wrong_value"", ""requirement:r1""]",FAILED,1,0,cand-9a1cf9479546,False,0,0,0,0,0,0.00010309997014701366,0,0,0,0,"[""wrong_value""]"
trial-9ec4f7c175d26f4a4f,decisive-20260831-054125,reconciliation-L1-e7c16a2a8489,reconciliation,1,C_SYSTEM,qwen3.5:9b-q8_0,ollama,211,2,0.6,False,False,0.0,"[""r1""]","[""fault:unintended_side_effect+forced_requirement_violation"", ""requirement:r1""]",FAILED,1,0,cand-1997ab4b1c73,False,0,0,0,0,0,0.00011760002234950662,0,0,0,0,"[""unintended_side_effect+forced_requirement_violation""]"
trial-ffa1449c16378bda4e,decisive-20260831-054125,reconciliation-L1-e7c16a2a8489,reconciliation,1,E_RANDOM_AUDITOR,qwen3.5:9b-q8_0,ollama,211,2,0.6,False,False,0.0,"[""r1""]","[""fault:unintended_side_effect+forced_requirement_violation"", ""requirement:r1""]",FAILED,1,0,cand-1997ab4b1c73,False,0,0,0,0,0,0.00014570000348612666,0,0,1,0,"[""unintended_side_effect+forced_requirement_violation""]"
trial-ab12ab053f5e944226,decisive-20260831-054125,reconciliation-L2-de0d4583e6af,reconciliation,2,C_SYSTEM,qwen3.5:9b-q8_0,ollama,211,2,0.2,False,False,0.8,"[""r1""]","[""fault:unintended_side_effect+forced_requirement_violation"", ""requirement:r1""]",FAILED,1,0,cand-1a01bb26d486,False,0,0,0,0,0,0.0001897999900393188,0,0,0,0,"[""unintended_side_effect+forced_requirement_violation""]"
trial-23fac393f4fc6aec27,decisive-20260831-054125,reconciliation-L2-de0d4583e6af,reconciliation,2,C_SYSTEM,qwen3.5:9b-q8_0,ollama,211,2,0.4,False,False,0.8,"[""r2""]","[""fault:wrong_value"", ""requirement:r2""]",FAILED,1,0,cand-4318272d18fb,False,0,0,0,0,0,0.00017670000670477748,0,0,0,0,"[""wrong_value""]"
trial-6ffacb3e48deaeba8b,decisive-20260831-054125,reconciliation-L2-de0d4583e6af,reconciliation,2,C_SYSTEM,qwen3.5:9b-q8_0,ollama,211,2,0.6,False,False,0.8,"[""r1""]","[""fault:unintended_side_effect+forced_requirement_violation"", ""requirement:r1""]",FAILED,1,0,cand-b3323cd6bc73,False,0,0,0,0,0,0.00017690000822767615,0,0,0,0,"[""unintended_side_effect+forced_requirement_violation""]"
trial-7affa4c66c455fa99a,decisive-20260831-054125,reconciliation-L2-de0d4583e6af,reconciliation,2,E_RANDOM_AUDITOR,qwen3.5:9b-q8_0,ollama,211,2,0.2,False,False,0.8,"[""r1""]","[""fault:unintended_side_effect+forced_requirement_violation"", ""requirement:r1""]",FAILED,1,0,cand-1a01bb26d486,False,0,0,0,0,0,0.00019230000907555223,0,0,1,0,"[""unintended_side_effect+forced_requirement_violation""]"
trial-ecb36a812cd81d5bcd,decisive-20260831-054125,reconciliation-L2-de0d4583e6af,reconciliation,2,E_RANDOM_AUDITOR,qwen3.5:9b-q8_0,ollama,211,2,0.4,False,False,0.8,"[""r2""]","[""fault:wrong_value"", ""requirement:r2""]",FAILED,1,0,cand-4318272d18fb,False,0,0,0,0,0,0.00018169998656958342,0,0,1,0,"[""wrong_value""]"
trial-0f09e91d39eb23c975,decisive-20260831-054125,reconciliation-L2-de0d4583e6af,reconciliation,2,E_RANDOM_AUDITOR,qwen3.5:9b-q8_0,ollama,211,2,0.6,False,False,1.0,[],"[""rejected_all""]",REJECTED_ALL,3,3,,False,0,0,0,0,0,0.0003389000194147229,0,1,0,2,"[""unintended_side_effect+forced_requirement_violation""]"
trial-a00e3ea62c33ec5d18,decisive-20260831-054125,reconciliation-L2-de0d4583e6af,reconciliation,2,E_RANDOM_AUDITOR,qwen3.5:9b-q8_0,ollama,211,2,0.8,False,False,1.0,[],"[""rejected_all""]",REJECTED_ALL,3,3,,False,0,0,0,0,0,0.0004599000094458461,0,0,0,3,[]
trial-34b69deb8bece65022,decisive-20260831-054125,reconciliation-L2-de0d4583e6af,reconciliation,2,F_ORACLE_AUDITOR,qwen3.5:9b-q8_0,ollama,211,2,0.2,False,False,0.8,"[""r1""]","[""rejected_all""]",REJECTED_ALL,3,3,,False,0,0,0,0,0,0.0005355000030249357,0,3,0,0,"[""unintended_side_effect+forced_requirement_violation"", ""wrong_value""]"
trial-cffc6676b3f0c252b7,decisive-20260831-054125,reconciliation-L2-de0d4583e6af,reconciliation,2,F_ORACLE_AUDITOR,qwen3.5:9b-q8_0,ollama,211,2,0.4,False,False,0.8,"[""r4""]","[""rejected_all""]",REJECTED_ALL,3,3,,False,0,0,0,0,0,0.00042860000394284725,0,3,0,0,"[""omitted_requirement"", ""wrong_value""]"
trial-199c143738703668dd,decisive-20260831-054125,reconciliation-L4-5fb930501af2,reconciliation,4,C_SYSTEM,qwen3.5:9b-q8_0,ollama,211,2,0.2,False,False,0.9090909090909091,"[""r9""]","[""fault:wrong_value"", ""requirement:r9""]",FAILED,1,0,cand-47e5a40ea6c5,False,0,0,0,0,0,0.00031049997778609395,0,0,0,0,"[""wrong_value""]"
trial-bcb463e4ceddf25992,decisive-20260831-054125,reconciliation-L4-5fb930501af2,reconciliation,4,C_SYSTEM,qwen3.5:9b-q8_0,ollama,211,2,0.6,False,False,0.9090909090909091,"[""r3""]","[""fault:wrong_value"", ""requirement:r3""]",FAILED,1,0,cand-23d70c8162d1,False,0,0,0,0,0,0.0002462000120431185,0,0,0,0,"[""wrong_value""]"
trial-faa374c665f73e4869,decisive-20260831-054125,reconciliation-L4-5fb930501af2,reconciliation,4,E_RANDOM_AUDITOR,qwen3.5:9b-q8_0,ollama,211,2,0.2,False,False,0.9090909090909091,"[""r9""]","[""fault:wrong_value"", ""requirement:r9""]",FAILED,1,0,cand-47e5a40ea6c5,False,0,0,0,0,0,0.00027680001221597195,0,0,1,0,"[""wrong_value""]"
trial-3a3cce630cf9d3e110,decisive-20260831-054125,reconciliation-L4-5fb930501af2,reconciliation,4,E_RANDOM_AUDITOR,qwen3.5:9b-q8_0,ollama,211,2,0.6,False,False,0.9090909090909091,"[""r3""]","[""fault:wrong_value"", ""requirement:r3""]",FAILED,1,0,cand-23d70c8162d1,False,0,0,0,0,0,0.0002481999690644443,0,0,1,0,"[""wrong_value""]"
trial-5f5dfea0830ab4adf0,decisive-20260831-054125,reconciliation-L4-5fb930501af2,reconciliation,4,E_RANDOM_AUDITOR,qwen3.5:9b-q8_0,ollama,211,2,0.95,False,False,1.0,[],"[""rejected_all""]",REJECTED_ALL,3,3,,False,0,0,0,0,0,0.0005721999914385378,0,0,0,3,[]
trial-2c0389af130e978c8c,decisive-20260831-054125,reconciliation-L4-5fb930501af2,reconciliation,4,F_ORACLE_AUDITOR,qwen3.5:9b-q8_0,ollama,211,2,0.6,False,False,0.9090909090909091,"[""r4""]","[""rejected_all""]",REJECTED_ALL,3,3,,False,0,0,0,0,0,0.000602399988565594,0,3,0,0,"[""unintended_side_effect+forced_requirement_violation"", ""wrong_value""]"
trial-adb47aa86cc1879c06,decisive-20260831-054125,state-L3-46a78030c9c1,state,3,D_INVERTED,qwen3.5:9b-q8_0,ollama,211,0,0.4,False,False,0.8333333333333334,"[""r1""]","[""fault:omitted_requirement"", ""requirement:r1""]",FAILED,3,2,cand-7e1327894a26,False,2086,209,0,2295,4.724774800008163,4.725805199996103,0,2,1,0,"[""omitted_requirement"", ""unintended_side_effect+forced_requirement_violation""]"
trial-52c3b1c1b1b16e17eb,decisive-20260831-054125,policy-L2-81aa48b9b6e4,policy,2,A_DIRECT,qwen3.5:9b-q8_0,ollama,211,0,0.2,False,False,0.75,"[""r4""]","[""requirement:r4""]",FAILED,1,0,trial-52c3b1c1b1b16e17eb-direct-0,False,319,33,0,352,0.844836900010705,0.8450874999980442,0,0,0,0,[]
trial-77477cffde7a8562be,decisive-20260831-054125,policy-L2-81aa48b9b6e4,policy,2,D_INVERTED,qwen3.5:9b-q8_0,ollama,211,0,0.2,False,False,0.75,"[""r1""]","[""rejected_all""]",REJECTED_ALL,3,3,,False,1321,573,0,1894,12.440731099923141,12.441623400023673,0,3,0,0,"[""omitted_requirement"", ""wrong_value+forced_requirement_violation""]"
trial-29721cb4cdebdab900,decisive-20260831-054125,policy-L3-df438bf6628d,policy,3,A_DIRECT,qwen3.5:9b-q8_0,ollama,211,0,0.2,False,False,0.8571428571428571,"[""r7""]","[""requirement:r7""]",FAILED,1,0,trial-29721cb4cdebdab900-direct-0,False,462,75,0,537,1.744654799986165,1.7448815000243485,0,0,0,0,[]
trial-4bca5dfdb1bae07960,decisive-20260831-054125,policy-L3-df438bf6628d,policy,3,D_INVERTED,qwen3.5:9b-q8_0,ollama,211,0,0.2,False,False,0.8571428571428571,"[""r7""]","[""fault:ordering_violation"", ""requirement:r7""]",FAILED,3,2,cand-bf3c3033d260,False,1900,347,0,2247,7.966860999993514,7.967820699966978,0,2,1,0,"[""omitted_requirement"", ""ordering_violation""]"
trial-0ad5e8e7f6189db6b4,decisive-20260831-054125,policy-L4-02346f5e3d9e,policy,4,A_DIRECT,qwen3.5:9b-q8_0,ollama,211,0,0.2,False,False,0.9230769230769231,"[""r13""]","[""requirement:r13""]",FAILED,1,0,trial-0ad5e8e7f6189db6b4-direct-0,False,761,160,0,921,3.5659439000301063,3.5662668999866582,0,0,0,0,[]
trial-a2e3f618fae1abf4fc,decisive-20260831-054125,policy-L4-02346f5e3d9e,policy,4,B_DIRECT_CHECKED,qwen3.5:9b-q8_0,ollama,211,0,0.2,False,False,0.0,[],[],REJECTED_ALL,3,3,,False,2311,480,0,2791,10.20908469997812,10.209702999971341,0,0,0,0,[]
trial-efee293f91c9de6702,decisive-20260831-054125,policy-L4-02346f5e3d9e,policy,4,D_INVERTED,qwen3.5:9b-q8_0,ollama,211,0,0.2,False,False,0.9230769230769231,"[""r1""]","[""rejected_all""]",REJECTED_ALL,3,3,,False,3343,189,0,3532,5.009622499987017,5.010827099962626,0,3,0,0,"[""omitted_requirement"", ""unintended_side_effect+forced_requirement_violation"", ""wrong_value""]"
trial-e950666c0034aa067f,decisive-20260831-054125,policy-L4-02346f5e3d9e,policy,4,D_INVERTED,qwen3.5:9b-q8_0,ollama,211,0,0.4,False,False,0.9230769230769231,"[""r9""]","[""rejected_all""]",REJECTED_ALL,3,3,,False,3303,150,0,3453,3.9524290999397635,3.9536075000069104,0,3,0,0,"[""wrong_value""]"
trial-8d5011675e980d13cb,decisive-20260831-054125,reconciliation-L3-8f1f98406cfb,reconciliation,3,D_INVERTED,qwen3.5:9b-q8_0,ollama,211,0,0.2,False,False,0.8333333333333334,"[""r2""]","[""rejected_all""]",REJECTED_ALL,3,3,,False,2934,221,0,3155,5.546864400035702,5.547949000028893,0,3,0,0,"[""omitted_requirement"", ""unintended_side_effect+forced_requirement_violation""]"
trial-dbb87d522617523be8,decisive-20260831-054125,reconciliation-L4-7bebcad19e6d,reconciliation,4,D_INVERTED,qwen3.5:9b-q8_0,ollama,211,0,0.2,False,False,0.0,[],"[""budget_exhausted""]",BUDGET_EXHAUSTED,3,2,,True,5112,220,0,5332,5.999822700046934,6.001049500016961,0,2,0,0,"[""omitted_requirement"", ""unintended_side_effect+forced_requirement_violation""]"
trial-542ed1334405d51b84,decisive-20260831-054125,reconciliation-L4-7bebcad19e6d,reconciliation,4,D_INVERTED,qwen3.5:9b-q8_0,ollama,211,0,0.4,False,False,0.0,[],"[""budget_exhausted""]",BUDGET_EXHAUSTED,3,2,,True,5192,222,0,5414,4.933892600005493,4.935083000047598,0,2,0,0,"[""unintended_side_effect+forced_requirement_violation""]"
trial-4f2235ef07584a58e6,decisive-20260831-054125,reconciliation-L4-7bebcad19e6d,reconciliation,4,D_INVERTED,qwen3.5:9b-q8_0,ollama,211,0,0.6,False,False,0.0,[],"[""budget_exhausted""]",BUDGET_EXHAUSTED,3,2,,True,5084,159,0,5243,4.371252699987963,4.372571199957747,0,2,0,0,"[""wrong_value""]"
trial-dbb2ace23d6024888c,decisive-20260831-054125,state-L1-08c2942b62b0,state,1,D_INVERTED,qwen3.5:9b-q8_0,ollama,211,1,0.2,False,False,0.5,"[""r1""]","[""fault:omitted_requirement"", ""requirement:r1""]",FAILED,1,0,cand-178b5e7e68e2,False,296,67,0,363,1.5391145999892615,1.5393774999538437,0,0,1,0,"[""omitted_requirement""]"
trial-6d88c462ade7709daf,decisive-20260831-054125,state-L4-51a508993f67,state,4,D_INVERTED,qwen3.5:9b-q8_0,ollama,211,1,0.2,False,False,0.9090909090909091,"[""r9""]","[""rejected_all""]",REJECTED_ALL,3,3,,False,3437,232,0,3669,5.52638209995348,5.527655099984258,0,3,0,0,"[""unintended_side_effect+forced_requirement_violation"", ""wrong_value""]"
trial-1b50047d204fc74fc0,decisive-20260831-054125,policy-L1-2f952d719ba5,policy,1,D_INVERTED,qwen3.5:9b-q8_0,ollama,211,1,0.2,False,False,0.0,"[""r1""]","[""rejected_all""]",REJECTED_ALL,3,3,,False,767,163,0,930,3.749247000028845,3.749970000004396,0,3,0,0,"[""forbidden_procedure+forced_requirement_violation"", ""omitted_requirement"", ""unintended_side_effect+forced_requirement_violation""]"
trial-dd121c552e292581b1,decisive-20260831-054125,policy-L2-743b65432ccf,policy,2,A_DIRECT,qwen3.5:9b-q8_0,ollama,211,1,0.2,False,False,0.8,"[""r5""]","[""requirement:r5""]",FAILED,1,0,trial-dd121c552e292581b1-direct-0,False,367,47,0,414,1.1268103999900632,1.1270477999933064,0,0,0,0,[]
trial-4e7bd11114c9ca5290,decisive-20260831-054125,policy-L2-743b65432ccf,policy,2,D_INVERTED,qwen3.5:9b-q8_0,ollama,211,1,0.2,False,False,0.8,"[""r1""]","[""rejected_all""]",REJECTED_ALL,3,3,,False,1610,342,0,1952,7.707248899969272,7.70812919997843,0,3,0,0,"[""forbidden_procedure"", ""unintended_side_effect+forced_requirement_violation"", ""wrong_value+forced_requirement_violation""]"
trial-9393b34590380a0954,decisive-20260831-054125,policy-L2-743b65432ccf,policy,2,D_INVERTED,qwen3.5:9b-q8_0,ollama,211,1,0.4,False,False,0.8,"[""r5""]","[""fault:ordering_violation"", ""requirement:r5""]",FAILED,3,2,cand-c40452436f4a,False,1582,213,0,1795,4.806753400072921,4.807663399958983,0,2,1,0,"[""forbidden_procedure"", ""ordering_violation"", ""unintended_side_effect+forced_requirement_violation""]"
trial-90b1e949b6f39b9235,decisive-20260831-054125,policy-L3-81681682e967,policy,3,A_DIRECT,qwen3.5:9b-q8_0,ollama,211,1,0.2,False,False,0.8333333333333334,"[""r6""]","[""requirement:r6""]",FAILED,1,0,trial-90b1e949b6f39b9235-direct-0,False,416,61,0,477,1.439114500011783,1.439349799999036,0,0,0,0,[]
trial-0076b07ca82bc4c75a,decisive-20260831-054125,policy-L3-81681682e967,policy,3,D_INVERTED,qwen3.5:9b-q8_0,ollama,211,1,0.2,False,False,0.8333333333333334,"[""r1""]","[""rejected_all""]",REJECTED_ALL,3,3,,False,1908,270,0,2178,5.911656399955973,5.912538199976552,0,3,0,0,"[""unintended_side_effect+forced_requirement_violation""]"
trial-762ae155913f1264c1,decisive-20260831-054125,policy-L4-41a848043050,policy,4,A_DIRECT,qwen3.5:9b-q8_0,ollama,211,1,0.2,False,False,0.9285714285714286,"[""r14""]","[""requirement:r14""]",FAILED,1,0,trial-762ae155913f1264c1-direct-0,False,813,175,0,988,3.8919174000038765,3.8922969000414014,0,0,0,0,[]
trial-2c7599fb8f5e1aca4c,decisive-20260831-054125,policy-L4-41a848043050,policy,4,D_INVERTED,qwen3.5:9b-q8_0,ollama,211,1,0.2,False,False,0.9285714285714286,"[""r14""]","[""fault:ordering_violation"", ""requirement:r14""]",FAILED,2,1,cand-56173d9b51c8,False,2335,144,0,2479,3.723468200012576,3.724257400026545,0,1,1,0,"[""omitted_requirement"", ""ordering_violation""]"
trial-a6d29084cd099a5699,decisive-20260831-054125,policy-L4-41a848043050,policy,4,D_INVERTED,qwen3.5:9b-q8_0,ollama,211,1,0.4,False,False,0.0,[],"[""budget_exhausted""]",BUDGET_EXHAUSTED,3,2,,True,3579,596,0,4175,13.647481199994218,13.648571600031573,0,2,0,0,"[""omitted_requirement"", ""unintended_side_effect+forced_requirement_violation""]"
trial-c844b8a0cad04684fc,decisive-20260831-054125,policy-L4-41a848043050,policy,4,D_INVERTED,qwen3.5:9b-q8_0,ollama,211,1,0.6,False,False,0.9285714285714286,"[""r14""]","[""fault:ordering_violation"", ""requirement:r14""]",FAILED,2,1,cand-1b7c84757b6b,False,2360,348,0,2708,7.495130600000266,7.495889500016347,0,0,1,1,"[""ordering_violation""]"
trial-0d72a231fecb1c5dac,decisive-20260831-054125,policy-L4-41a848043050,policy,4,D_INVERTED,qwen3.5:9b-q8_0,ollama,211,1,0.8,False,False,0.0,[],"[""budget_exhausted""]",BUDGET_EXHAUSTED,3,2,,True,3540,605,0,4145,13.38348479999695,13.384491299977526,0,1,0,1,"[""wrong_value""]"
trial-8deba45c6f64fad2f4,decisive-20260831-054125,policy-L4-41a848043050,policy,4,D_INVERTED,qwen3.5:9b-q8_0,ollama,211,1,0.95,False,False,0.0,[],"[""budget_exhausted""]",BUDGET_EXHAUSTED,3,2,,True,3540,849,0,4389,18.220776600006502,18.2216647999594,0,0,0,2,[]
trial-9577c5d24202aa10ba,decisive-20260831-054125,reconciliation-L2-3567b59b9ec7,reconciliation,2,D_INVERTED,qwen3.5:9b-q8_0,ollama,211,1,0.2,False,False,0.75,"[""r1""]","[""rejected_all""]",REJECTED_ALL,3,3,,False,2148,243,0,2391,5.617077699978836,5.617996099987067,0,3,0,0,"[""omitted_requirement"", ""unintended_side_effect+forced_requirement_violation""]"
trial-b136e938be4e332569,decisive-20260831-054125,reconciliation-L3-b523773ee1d7,reconciliation,3,D_INVERTED,qwen3.5:9b-q8_0,ollama,211,1,0.2,False,False,0.0,[],"[""budget_exhausted""]",BUDGET_EXHAUSTED,3,2,,True,4285,475,0,4760,11.091734800022095,11.092871500004549,0,2,0,0,"[""unintended_side_effect+forced_requirement_violation"", ""wrong_value""]"
trial-8b63f5e2abbb9d515d,decisive-20260831-054125,reconciliation-L3-b523773ee1d7,reconciliation,3,D_INVERTED,qwen3.5:9b-q8_0,ollama,211,1,0.4,False,False,0.0,[],"[""budget_exhausted""]",BUDGET_EXHAUSTED,3,2,,True,4283,483,0,4766,10.60612830001628,10.607281900011003,0,2,0,0,"[""wrong_value""]"
trial-b70264e2767831f328,decisive-20260831-054125,reconciliation-L3-b523773ee1d7,reconciliation,3,D_INVERTED,qwen3.5:9b-q8_0,ollama,211,1,0.6,False,False,0.0,[],"[""budget_exhausted""]",BUDGET_EXHAUSTED,3,2,,True,4258,472,0,4730,10.7338723000139,10.734999100037385,0,2,0,0,"[""unintended_side_effect+forced_requirement_violation"", ""wrong_value""]"
trial-58c318c52f0298167d,decisive-20260831-054125,reconciliation-L4-97370149eb0c,reconciliation,4,D_INVERTED,qwen3.5:9b-q8_0,ollama,211,1,0.2,False,False,0.0,[],"[""budget_exhausted""]",BUDGET_EXHAUSTED,3,2,,True,5045,300,0,5345,7.6161645000102,7.617358299961779,0,2,0,0,"[""omitted_requirement""]"
trial-486a883ceafc0aba5b,decisive-20260831-054125,reconciliation-L4-97370149eb0c,reconciliation,4,D_INVERTED,qwen3.5:9b-q8_0,ollama,211,1,0.6,False,False,0.0,[],"[""budget_exhausted""]",BUDGET_EXHAUSTED,3,2,,True,5095,173,0,5268,4.611492899945006,4.612778400012758,0,2,0,0,"[""unintended_side_effect+forced_requirement_violation"", ""wrong_value""]"
trial-bb14ca37542d06fe25,decisive-20260831-054125,state-L2-08acf3cc4f3e,state,2,D_INVERTED,qwen3.5:9b-q8_0,ollama,211,2,0.2,False,False,0.75,"[""r1""]","[""rejected_all""]",REJECTED_ALL,3,3,,False,1580,166,0,1746,3.8878778000944294,3.888812899996992,0,3,0,0,"[""unintended_side_effect+forced_requirement_violation"", ""wrong_value""]"
trial-340425f6694f73b2d3,decisive-20260831-054125,state-L2-08acf3cc4f3e,state,2,D_INVERTED,qwen3.5:9b-q8_0,ollama,211,2,0.4,False,False,0.75,"[""r4""]","[""rejected_all""]",REJECTED_ALL,3,3,,False,1478,407,0,1885,8.92508940002881,8.926090299966745,0,3,0,0,"[""omitted_requirement"", ""unintended_side_effect+forced_requirement_violation""]"
trial-95d664b1d3bb8dc8b6,decisive-20260831-054125,state-L3-5a3864f097d0,state,3,D_INVERTED,qwen3.5:9b-q8_0,ollama,211,2,0.2,False,False,0.8333333333333334,"[""r5""]","[""rejected_all""]",REJECTED_ALL,3,3,,False,2007,116,0,2123,3.117123300093226,3.118080500047654,0,3,0,0,"[""wrong_value""]"
trial-703c7c25176acb835f,decisive-20260831-054125,state-L4-84f9b874e7eb,state,4,D_INVERTED,qwen3.5:9b-q8_0,ollama,211,2,0.2,False,False,0.9,"[""r8""]","[""rejected_all""]",REJECTED_ALL,3,3,,False,3001,175,0,3176,4.566013099974953,4.567320299975108,0,3,0,0,"[""omitted_requirement"", ""wrong_value""]"
trial-80606c7271ee60a809,decisive-20260831-054125,state-L4-84f9b874e7eb,state,4,D_INVERTED,qwen3.5:9b-q8_0,ollama,211,2,0.4,False,False,0.9,"[""r5""]","[""rejected_all""]",REJECTED_ALL,3,3,,False,2976,164,0,3140,4.1408698000595905,4.142037599987816,0,3,0,0,"[""omitted_requirement""]"
trial-20e30a54ff47e429f0,decisive-20260831-054125,policy-L1-93f83983851f,policy,1,D_INVERTED,qwen3.5:9b-q8_0,ollama,211,2,0.2,False,False,0.5,"[""r1""]","[""rejected_all""]",REJECTED_ALL,3,3,,False,985,236,0,1221,5.288550600002054,5.289319299976341,0,3,0,0,"[""ordering_violation+forced_requirement_violation"", ""unintended_side_effect+forced_requirement_violation""]"
trial-ed84e45854f7863e9b,decisive-20260831-054125,policy-L2-186ebc55df5a,policy,2,A_DIRECT,qwen3.5:9b-q8_0,ollama,211,2,0.2,False,False,0.75,"[""r4""]","[""requirement:r4""]",FAILED,1,0,trial-ed84e45854f7863e9b-direct-0,False,318,33,0,351,0.8354902999708429,0.8357120000291616,0,0,0,0,[]
trial-d2fd3e2bed2d301045,decisive-20260831-054125,policy-L2-186ebc55df5a,policy,2,D_INVERTED,qwen3.5:9b-q8_0,ollama,211,2,0.2,False,False,0.75,"[""r1""]","[""rejected_all""]",REJECTED_ALL,3,3,,False,1374,481,0,1855,10.519746500009205,10.52061769994907,0,3,0,0,"[""forbidden_procedure"", ""unintended_side_effect+forced_requirement_violation""]"
trial-656c93786d399f9e97,decisive-20260831-054125,policy-L3-d0c453dd1b54,policy,3,A_DIRECT,qwen3.5:9b-q8_0,ollama,211,2,0.2,False,False,0.875,"[""r8""]","[""requirement:r8""]",FAILED,1,0,trial-656c93786d399f9e97-direct-0,False,510,89,0,599,2.0418414999730885,2.0420976000023074,0,0,0,0,[]
trial-783ddb5b05a5cbb154,decisive-20260831-054125,policy-L3-d0c453dd1b54,policy,3,D_INVERTED,qwen3.5:9b-q8_0,ollama,211,2,0.4,False,False,0.875,"[""r8""]","[""fault:ordering_violation"", ""requirement:r8""]",FAILED,2,1,cand-44099aa84537,False,1456,134,0,1590,3.1504997000447474,3.1511780999717303,0,1,1,0,"[""forbidden_procedure"", ""ordering_violation""]"
trial-b5a50b43bff30cf354,decisive-20260831-054125,policy-L4-9770dd7e83e3,policy,4,A_DIRECT,qwen3.5:9b-q8_0,ollama,211,2,0.2,False,False,0.9090909090909091,"[""r11""]","[""requirement:r11""]",FAILED,1,0,trial-b5a50b43bff30cf354-direct-0,False,658,131,0,789,3.064936199982185,3.0652183000347577,0,0,0,0,[]
trial-10066ce582dc8266d9,decisive-20260831-054125,policy-L4-9770dd7e83e3,policy,4,D_INVERTED,qwen3.5:9b-q8_0,ollama,211,2,0.2,False,False,1.0,[],"[""rejected_all""]",REJECTED_ALL,3,3,,False,2816,338,0,3154,7.946329400001559,7.947399700002279,0,2,0,1,"[""omitted_requirement"", ""wrong_value""]"
trial-21d1f67ed23d95baca,decisive-20260831-054125,policy-L4-9770dd7e83e3,policy,4,D_INVERTED,qwen3.5:9b-q8_0,ollama,211,2,0.4,False,False,0.9090909090909091,"[""r1""]","[""rejected_all""]",REJECTED_ALL,3,3,,False,2869,610,0,3479,13.65403979999246,13.655131499981508,0,2,0,1,"[""omitted_requirement"", ""unintended_side_effect+forced_requirement_violation""]"
trial-af923866839f182cad,decisive-20260831-054125,policy-L4-9770dd7e83e3,policy,4,D_INVERTED,qwen3.5:9b-q8_0,ollama,211,2,0.6,False,False,0.9090909090909091,"[""r11""]","[""fault:ordering_violation"", ""requirement:r11""]",FAILED,3,2,cand-bce5dee59c53,False,2875,395,0,3270,9.01016610005172,9.01133230002597,0,2,1,0,"[""omitted_requirement"", ""ordering_violation"", ""unintended_side_effect+forced_requirement_violation""]"
trial-4a60cdc5b3fbc0e020,decisive-20260831-054125,policy-L4-9770dd7e83e3,policy,4,D_INVERTED,qwen3.5:9b-q8_0,ollama,211,2,0.8,False,False,0.9090909090909091,"[""r10""]","[""rejected_all""]",REJECTED_ALL,3,3,,False,2830,350,0,3180,8.107036900008097,8.108032799966168,0,2,0,1,"[""forbidden_procedure"", ""omitted_requirement""]"
trial-8cb4ee520781bec268,decisive-20260831-054125,policy-L4-9770dd7e83e3,policy,4,D_INVERTED,qwen3.5:9b-q8_0,ollama,211,2,0.95,False,False,1.0,[],"[""rejected_all""]",REJECTED_ALL,3,3,,False,2835,723,0,3558,15.315738199977204,15.316699799965136,0,0,0,3,[]
trial-6efa87bf2800a927b8,decisive-20260831-054125,reconciliation-L2-de0d4583e6af,reconciliation,2,D_INVERTED,qwen3.5:9b-q8_0,ollama,211,2,0.2,False,False,0.8,"[""r1""]","[""rejected_all""]",REJECTED_ALL,3,3,,False,2629,188,0,2817,4.532500699919183,4.533513100002892,0,3,0,0,"[""unintended_side_effect+forced_requirement_violation"", ""wrong_value""]"
trial-3e49c84653fb401970,decisive-20260831-054125,reconciliation-L2-de0d4583e6af,reconciliation,2,D_INVERTED,qwen3.5:9b-q8_0,ollama,211,2,0.4,False,False,0.8,"[""r1""]","[""fault:omitted_requirement"", ""requirement:r1""]",FAILED,2,1,cand-d91d63b31ff6,False,1657,137,0,1794,3.3418999999412335,3.3426144999684766,0,1,1,0,"[""omitted_requirement"", ""wrong_value""]"
trial-be841e0e24e7d3539e,decisive-20260831-054125,reconciliation-L4-5fb930501af2,reconciliation,4,D_INVERTED,qwen3.5:9b-q8_0,ollama,211,2,0.2,False,False,0.0,[],"[""budget_exhausted""]",BUDGET_EXHAUSTED,3,2,,True,5164,180,0,5344,5.144562200002838,5.145751599979121,0,2,0,0,"[""unintended_side_effect+forced_requirement_violation"", ""wrong_value""]"
trial-cad11c268664a9104e,decisive-20260831-054125,reconciliation-L4-5fb930501af2,reconciliation,4,D_INVERTED,qwen3.5:9b-q8_0,ollama,211,2,0.6,False,False,0.0,[],"[""budget_exhausted""]",BUDGET_EXHAUSTED,3,2,,True,5162,160,0,5322,4.342703800008167,4.343976000032853,0,2,0,0,"[""unintended_side_effect+forced_requirement_violation"", ""wrong_value""]"
trial-411539cba4942d74e5,decisive-20260831-054125,state-L1-e7a2eea0086e,state,1,D_INVERTED,llama3.1:8b,ollama,211,0,0.6,False,False,0.5,"[""r1""]","[""fault:omitted_requirement"", ""requirement:r1""]",FAILED,1,0,cand-9df1b5fec360,False,289,34,0,323,0.4626020999858156,0.46287950000260025,0,0,1,0,"[""omitted_requirement""]"
trial-efd9adf67bb11af8ac,decisive-20260831-054125,state-L3-46a78030c9c1,state,3,D_INVERTED,llama3.1:8b,ollama,211,0,0.4,False,False,0.8333333333333334,"[""r1""]","[""fault:omitted_requirement"", ""requirement:r1""]",FAILED,3,2,cand-7e1327894a26,False,2068,160,0,2228,2.0487678000936285,2.0498572000069544,0,2,1,0,"[""omitted_requirement"", ""unintended_side_effect+forced_requirement_violation""]"
trial-20caf77e5aed079b20,decisive-20260831-054125,state-L4-cb6ce71623e3,state,4,D_INVERTED,llama3.1:8b,ollama,211,0,0.2,False,False,0.9090909090909091,"[""r2""]","[""fault:omitted_requirement"", ""requirement:r2""]",FAILED,1,0,cand-d766930899b8,False,1072,13,0,1085,0.3837593999924138,0.38417829998070374,0,0,1,0,"[""omitted_requirement""]"
trial-1442c9120974a282cc,decisive-20260831-054125,policy-L1-16b73b05bcd6,policy,1,D_INVERTED,llama3.1:8b,ollama,211,0,0.95,False,False,0.0,"[""r1""]","[""fault:omitted_requirement"", ""requirement:r1""]",FAILED,1,0,cand-03f04f80d83b,False,204,34,0,238,0.4386235999991186,0.4388559000217356,0,0,1,0,"[""omitted_requirement""]"
trial-5f22514cf441f4a227,decisive-20260831-054125,policy-L2-81aa48b9b6e4,policy,2,D_INVERTED,llama3.1:8b,ollama,211,0,0.2,False,False,0.75,"[""r4""]","[""fault:omitted_requirement"", ""requirement:r4""]",FAILED,2,1,cand-365f2bf90319,False,855,87,0,942,1.182292600045912,1.1828567999764346,0,1,1,0,"[""omitted_requirement"", ""wrong_value+forced_requirement_violation""]"
trial-9537c5ad5c11af3e2b,decisive-20260831-054125,policy-L3-df438bf6628d,policy,3,D_INVERTED,llama3.1:8b,ollama,211,0,0.2,False,False,0.8571428571428571,"[""r4""]","[""fault:omitted_requirement"", ""requirement:r4""]",FAILED,1,0,cand-c0579d273690,False,623,34,0,657,0.5419085000175983,0.5422920000273734,0,0,1,0,"[""omitted_requirement""]"
trial-ddbc3004f6407a1b45,decisive-20260831-054125,policy-L4-02346f5e3d9e,policy,4,D_INVERTED,llama3.1:8b,ollama,211,0,0.2,False,False,0.9230769230769231,"[""r7""]","[""fault:omitted_requirement"", ""requirement:r7""]",FAILED,1,0,cand-5b51a2de27e5,False,1064,13,0,1077,0.38036149996332824,0.38078730000415817,0,0,1,0,"[""omitted_requirement""]"
trial-a950e53b94c861372f,decisive-20260831-054125,policy-L4-02346f5e3d9e,policy,4,D_INVERTED,llama3.1:8b,ollama,211,0,0.4,False,False,0.9230769230769231,"[""r6""]","[""fault:wrong_value"", ""requirement:r6""]",FAILED,1,0,cand-70d96d943de8,False,1083,13,0,1096,0.39329239999642596,0.3937768999603577,0,0,1,0,"[""wrong_value""]"
trial-f36d6f5a1b40b73ab9,decisive-20260831-054125,reconciliation-L1-380e8c4289ce,reconciliation,1,D_INVERTED,llama3.1:8b,ollama,211,0,0.4,False,False,0.5,"[""r2""]","[""fault:omitted_requirement"", ""requirement:r2""]",FAILED,1,0,cand-266e4a53663f,False,358,34,0,392,0.47656579996692017,0.4768284999881871,0,0,1,0,"[""omitted_requirement""]"
trial-59d8567a04e65e784c,decisive-20260831-054125,reconciliation-L3-8f1f98406cfb,reconciliation,3,D_INVERTED,llama3.1:8b,ollama,211,0,0.2,False,False,0.8333333333333334,"[""r2""]","[""fault:omitted_requirement"", ""requirement:r2""]",FAILED,1,0,cand-92817404e8ee,False,863,34,0,897,0.5861876999842934,0.586616899992805,0,0,1,0,"[""omitted_requirement""]"
trial-8070dc4713716f4089,decisive-20260831-054125,reconciliation-L4-7bebcad19e6d,reconciliation,4,D_INVERTED,llama3.1:8b,ollama,211,0,0.2,False,True,0.9090909090909091,"[""r11""]","[""fault:omitted_requirement"", ""requirement:r11""]",FAILED,2,1,cand-a52f0647a107,False,3062,79,0,3141,1.5496909999055788,1.5506744000012986,0,1,1,0,"[""omitted_requirement"", ""unintended_side_effect+forced_requirement_violation""]"
trial-8035f506798543b2e8,decisive-20260831-054125,reconciliation-L4-7bebcad19e6d,reconciliation,4,D_INVERTED,llama3.1:8b,ollama,211,0,0.4,False,False,0.0,[],"[""budget_exhausted""]",BUDGET_EXHAUSTED,3,2,,True,4654,124,0,4778,1.8632548000314273,1.8644547000294551,0,2,0,0,"[""unintended_side_effect+forced_requirement_violation""]"
trial-4762a412b54daf2ea4,decisive-20260831-054125,reconciliation-L4-7bebcad19e6d,reconciliation,4,D_INVERTED,llama3.1:8b,ollama,211,0,0.6,False,False,0.0,[],"[""budget_exhausted""]",BUDGET_EXHAUSTED,3,2,,True,4552,161,0,4713,2.5979646999621764,2.599230699997861,0,2,0,0,"[""wrong_value""]"
trial-944723feb4a7eed789,decisive-20260831-054125,state-L1-08c2942b62b0,state,1,D_INVERTED,llama3.1:8b,ollama,211,1,0.2,False,False,0.5,"[""r1""]","[""fault:omitted_requirement"", ""requirement:r1""]",FAILED,1,0,cand-178b5e7e68e2,False,290,34,0,324,0.46392370003741235,0.464213999977801,0,0,1,0,"[""omitted_requirement""]"
trial-0ae8c66335e1d232c8,decisive-20260831-054125,state-L3-6bcb6f27ecd1,state,3,D_INVERTED,llama3.1:8b,ollama,211,1,0.2,False,False,0.8571428571428571,"[""r4""]","[""fault:omitted_requirement"", ""requirement:r4""]",FAILED,2,1,cand-147fbbe7caca,False,1527,85,0,1612,1.3400345999980345,1.340787899971474,0,1,1,0,"[""omitted_requirement"", ""unintended_side_effect+forced_requirement_violation""]"
trial-92b305cdcbbcb6583b,decisive-20260831-054125,state-L4-51a508993f67,state,4,D_INVERTED,llama3.1:8b,ollama,211,1,0.2,False,False,0.9090909090909091,"[""r9""]","[""rejected_all""]",REJECTED_ALL,3,3,,False,3392,134,0,3526,2.0597880000132136,2.0611241000005975,0,3,0,0,"[""unintended_side_effect+forced_requirement_violation"", ""wrong_value""]"
trial-e18daabc49330db95e,decisive-20260831-054125,policy-L1-2f952d719ba5,policy,1,D_INVERTED,llama3.1:8b,ollama,211,1,0.2,False,False,0.0,"[""r1""]","[""fault:omitted_requirement"", ""requirement:r1""]",FAILED,2,1,cand-57f69921e236,False,468,69,0,537,0.9191621999489143,0.9195980000076815,0,1,1,0,"[""forbidden_procedure+forced_requirement_violation"", ""omitted_requirement""]"
trial-155b49da1605517131,decisive-20260831-054125,policy-L2-743b65432ccf,policy,2,D_INVERTED,llama3.1:8b,ollama,211,1,0.2,False,False,0.8,"[""r1""]","[""rejected_all""]",REJECTED_ALL,3,3,,False,1589,199,0,1788,2.629921000043396,2.6308346000150777,0,3,0,0,"[""forbidden_procedure"", ""unintended_side_effect+forced_requirement_violation"", ""wrong_value+forced_requirement_violation""]"
trial-621318504819b14ef2,decisive-20260831-054125,policy-L2-743b65432ccf,policy,2,D_INVERTED,llama3.1:8b,ollama,211,1,0.4,False,True,0.8,"[""r4""]","[""fault:forbidden_procedure"", ""requirement:r4""]",FAILED,1,0,cand-f46973f1900e,False,510,34,0,544,0.4631288999808021,0.4634245000197552,0,0,1,0,"[""forbidden_procedure""]"
trial-f988200367b9f42d38,decisive-20260831-054125,policy-L2-743b65432ccf,policy,2,D_INVERTED,llama3.1:8b,ollama,211,1,0.6,False,False,0.8,"[""r3""]","[""fault:wrong_value"", ""requirement:r3""]",FAILED,1,0,cand-f09110651abb,False,496,34,0,530,0.5010121999657713,0.5012832999927923,0,0,1,0,"[""wrong_value""]"
trial-1475edfb0b779b1788,decisive-20260831-054125,policy-L3-81681682e967,policy,3,D_INVERTED,llama3.1:8b,ollama,211,1,0.2,False,False,0.8333333333333334,"[""r1""]","[""rejected_all""]",REJECTED_ALL,3,3,,False,1881,210,0,2091,2.5671498000156134,2.5680849999771453,0,3,0,0,"[""unintended_side_effect+forced_requirement_violation""]"
trial-4997c198f0738e6100,decisive-20260831-054125,policy-L4-41a848043050,policy,4,D_INVERTED,llama3.1:8b,ollama,211,1,0.2,False,False,0.9285714285714286,"[""r14""]","[""fault:omitted_requirement"", ""requirement:r14""]",FAILED,1,0,cand-da693567ee99,False,1127,13,0,1140,0.3960032999748364,0.3963897000066936,0,0,1,0,"[""omitted_requirement""]"
trial-bb3b7c5f39b9c153d0,decisive-20260831-054125,policy-L4-41a848043050,policy,4,D_INVERTED,llama3.1:8b,ollama,211,1,0.4,False,True,0.9285714285714286,"[""r12""]","[""fault:omitted_requirement"", ""requirement:r12""]",FAILED,1,0,cand-eee5ddb1688d,False,1133,13,0,1146,0.36508939997293055,0.36547720001544803,0,0,1,0,"[""omitted_requirement""]"
trial-b1967ce9160e5fb7ea,decisive-20260831-054125,reconciliation-L2-3567b59b9ec7,reconciliation,2,D_INVERTED,llama3.1:8b,ollama,211,1,0.2,False,False,0.75,"[""r4""]","[""fault:omitted_requirement"", ""requirement:r4""]",FAILED,1,0,cand-b948e29c2315,False,611,34,0,645,0.5202123000053689,0.5205299000372179,0,0,1,0,"[""omitted_requirement""]"
trial-8606e20413e876c23f,decisive-20260831-054125,reconciliation-L3-b523773ee1d7,reconciliation,3,D_INVERTED,llama3.1:8b,ollama,211,1,0.4,False,False,0.8888888888888888,"[""r1""]","[""rejected_all""]",REJECTED_ALL,3,3,,False,3843,178,0,4021,2.6314858000841923,2.6327438000007533,0,3,0,0,"[""unintended_side_effect+forced_requirement_violation"", ""wrong_value""]"
trial-4616c30904649311bd,decisive-20260831-054125,reconciliation-L3-b523773ee1d7,reconciliation,3,D_INVERTED,llama3.1:8b,ollama,211,1,0.6,False,False,0.8888888888888888,"[""r1""]","[""fault:omitted_requirement"", ""requirement:r1""]",FAILED,3,2,cand-8c26e9a7eb9f,False,3818,158,0,3976,2.4950422999681905,2.496292900003027,0,2,1,0,"[""omitted_requirement"", ""unintended_side_effect+forced_requirement_violation"", ""wrong_value""]"
trial-16b0964032704dc30a,decisive-20260831-054125,reconciliation-L4-97370149eb0c,reconciliation,4,D_INVERTED,llama3.1:8b,ollama,211,1,0.2,False,False,0.9090909090909091,"[""r10""]","[""fault:omitted_requirement"", ""requirement:r10""]",FAILED,1,0,cand-3251d47aa00f,False,1491,34,0,1525,0.706125799973961,0.7065748999593779,0,0,1,0,"[""omitted_requirement""]"
trial-c6367f07a0881e2b69,decisive-20260831-054125,reconciliation-L4-97370149eb0c,reconciliation,4,D_INVERTED,llama3.1:8b,ollama,211,1,0.6,False,False,0.0,[],"[""budget_exhausted""]",BUDGET_EXHAUSTED,3,2,,True,4599,351,0,4950,5.009754799946677,5.010917000006884,0,2,0,0,"[""unintended_side_effect+forced_requirement_violation"", ""wrong_value""]"
trial-6096ae0a889fcb6e68,decisive-20260831-054125,state-L1-14308a8a3bf5,state,1,D_INVERTED,llama3.1:8b,ollama,211,2,0.6,False,False,0.5,"[""r1""]","[""fault:omitted_requirement"", ""requirement:r1""]",FAILED,1,0,cand-c183203c66dd,False,290,34,0,324,0.46176909998757765,0.4620639000204392,0,0,1,0,"[""omitted_requirement""]"
trial-add47eaeff136f9e99,decisive-20260831-054125,state-L2-08acf3cc4f3e,state,2,D_INVERTED,llama3.1:8b,ollama,211,2,0.2,False,False,0.75,"[""r1""]","[""rejected_all""]",REJECTED_ALL,3,3,,False,1571,152,0,1723,1.986063299991656,1.9869359000003897,0,3,0,0,"[""unintended_side_effect+forced_requirement_violation"", ""wrong_value""]"
trial-19d4290ea491c69023,decisive-20260831-054125,state-L2-08acf3cc4f3e,state,2,D_INVERTED,llama3.1:8b,ollama,211,2,0.4,False,False,0.75,"[""r1""]","[""fault:omitted_requirement"", ""requirement:r1""]",FAILED,1,0,cand-d7f5b9634be0,False,464,34,0,498,0.4902996000018902,0.49060299998382106,0,0,1,0,"[""omitted_requirement""]"
trial-1c0bad12ca480471d0,decisive-20260831-054125,state-L2-08acf3cc4f3e,state,2,D_INVERTED,llama3.1:8b,ollama,211,2,0.8,False,False,0.75,"[""r1""]","[""fault:omitted_requirement"", ""requirement:r1""]",FAILED,1,0,cand-5a566b6445af,False,464,34,0,498,0.4311514000291936,0.4314573999727145,0,0,1,0,"[""omitted_requirement""]"
trial-6fc0101157eadc6630,decisive-20260831-054125,state-L3-5a3864f097d0,state,3,D_INVERTED,llama3.1:8b,ollama,211,2,0.2,False,False,0.8333333333333334,"[""r5""]","[""rejected_all""]",REJECTED_ALL,3,3,,False,1989,164,0,2153,2.3047031000605784,2.3056764000211842,0,3,0,0,"[""wrong_value""]"
trial-c7df269717e2f1e004,decisive-20260831-054125,state-L4-84f9b874e7eb,state,4,D_INVERTED,llama3.1:8b,ollama,211,2,0.2,False,False,0.9,"[""r8""]","[""fault:omitted_requirement"", ""requirement:r8""]",FAILED,1,0,cand-891b9316a669,False,986,14,0,1000,0.3937308000167832,0.3941511999582872,0,0,1,0,"[""omitted_requirement""]"
trial-448bbc746c7b2b713f,decisive-20260831-054125,state-L4-84f9b874e7eb,state,4,D_INVERTED,llama3.1:8b,ollama,211,2,0.4,False,False,0.9,"[""r8""]","[""fault:omitted_requirement"", ""requirement:r8""]",FAILED,1,0,cand-fbdff32f7ae1,False,986,14,0,1000,0.19515410001622513,0.19553450000239536,0,0,1,0,"[""omitted_requirement""]"
trial-c5ac0efdd6f81c5df8,decisive-20260831-054125,policy-L1-93f83983851f,policy,1,D_INVERTED,llama3.1:8b,ollama,211,2,0.2,False,False,0.5,"[""r1""]","[""rejected_all""]",REJECTED_ALL,3,3,,False,961,145,0,1106,1.8547510000062175,1.8554792000213638,0,3,0,0,"[""ordering_violation+forced_requirement_violation"", ""unintended_side_effect+forced_requirement_violation""]"
trial-b4857bcda976dd402b,decisive-20260831-054125,policy-L2-186ebc55df5a,policy,2,D_INVERTED,llama3.1:8b,ollama,211,2,0.2,False,True,0.75,"[""r3""]","[""fault:forbidden_procedure"", ""requirement:r3""]",FAILED,1,0,cand-ef162c02ff3e,False,438,34,0,472,0.494513800018467,0.4948011999949813,0,0,1,0,"[""forbidden_procedure""]"
trial-4ffdcb5d3645ea83f5,decisive-20260831-054125,policy-L3-d0c453dd1b54,policy,3,D_INVERTED,llama3.1:8b,ollama,211,2,0.2,False,False,0.875,"[""r2""]","[""fault:wrong_value"", ""requirement:r2""]",FAILED,1,0,cand-d7a5545c4f36,False,716,34,0,750,0.547158400004264,0.5475225999834947,0,0,1,0,"[""wrong_value""]"
trial-decca157090c7000fb,decisive-20260831-054125,policy-L3-d0c453dd1b54,policy,3,D_INVERTED,llama3.1:8b,ollama,211,2,0.4,False,True,0.875,"[""r7""]","[""fault:forbidden_procedure"", ""requirement:r7""]",FAILED,1,0,cand-2d90cf5cdbd0,False,730,34,0,764,0.5317559000104666,0.5321137999999337,0,0,1,0,"[""forbidden_procedure""]"
trial-79b326e1af58794e18,decisive-20260831-054125,policy-L4-9770dd7e83e3,policy,4,D_INVERTED,llama3.1:8b,ollama,211,2,0.2,False,False,0.9090909090909091,"[""r8""]","[""fault:wrong_value"", ""requirement:r8""]",FAILED,1,0,cand-369029ace363,False,936,13,0,949,0.3759641000069678,0.3763188000302762,0,0,1,0,"[""wrong_value""]"
trial-6e7c072ada16241c3c,decisive-20260831-054125,policy-L4-9770dd7e83e3,policy,4,D_INVERTED,llama3.1:8b,ollama,211,2,0.4,False,False,0.9090909090909091,"[""r11""]","[""fault:omitted_requirement"", ""requirement:r11""]",FAILED,1,0,cand-2a41cd314d8a,False,911,13,0,924,0.3297457000007853,0.3301324999774806,0,0,1,0,"[""omitted_requirement""]"
trial-cdf1f75b0c0399d1a0,decisive-20260831-054125,policy-L4-9770dd7e83e3,policy,4,D_INVERTED,llama3.1:8b,ollama,211,2,0.6,False,False,0.9090909090909091,"[""r2""]","[""fault:omitted_requirement"", ""requirement:r2""]",FAILED,1,0,cand-6894801daf15,False,917,27,0,944,0.5045151999802329,0.5049046999774873,0,0,1,0,"[""omitted_requirement""]"
trial-e4848275ce4e938d72,decisive-20260831-054125,reconciliation-L2-de0d4583e6af,reconciliation,2,D_INVERTED,llama3.1:8b,ollama,211,2,0.2,False,False,0.8,"[""r1""]","[""rejected_all""]",REJECTED_ALL,3,3,,False,2385,301,0,2686,3.8408344999770634,3.842022700002417,0,3,0,0,"[""unintended_side_effect+forced_requirement_violation"", ""wrong_value""]"
trial-702353713c8986af7f,decisive-20260831-054125,reconciliation-L2-de0d4583e6af,reconciliation,2,D_INVERTED,llama3.1:8b,ollama,211,2,0.4,False,False,0.8,"[""r1""]","[""fault:omitted_requirement"", ""requirement:r1""]",FAILED,2,1,cand-d91d63b31ff6,False,1497,107,0,1604,1.5413314999896102,1.5420189999858849,0,1,1,0,"[""omitted_requirement"", ""wrong_value""]"
trial-de356cf51d517e92b2,decisive-20260831-054125,reconciliation-L4-5fb930501af2,reconciliation,4,D_INVERTED,llama3.1:8b,ollama,211,2,0.2,False,False,0.0,[],"[""budget_exhausted""]",BUDGET_EXHAUSTED,3,2,,True,4597,147,0,4744,2.713807399966754,2.715012900007423,0,2,0,0,"[""unintended_side_effect+forced_requirement_violation"", ""wrong_value""]"
trial-268b3a45dc32e623b5,decisive-20260831-054125,reconciliation-L4-5fb930501af2,reconciliation,4,D_INVERTED,llama3.1:8b,ollama,211,2,0.6,False,False,0.0,[],"[""budget_exhausted""]",BUDGET_EXHAUSTED,3,2,,True,4599,184,0,4783,2.8688767999992706,2.8701872999663465,0,2,0,0,"[""unintended_side_effect+forced_requirement_violation"", ""wrong_value""]"
trial-16ef9c503ea0cb8808,decisive-20260831-054125,state-L3-46a78030c9c1,state,3,D_INVERTED,phi4-mini:3.8b,ollama,211,0,0.4,False,False,0.8333333333333334,"[""r1""]","[""rejected_all""]",REJECTED_ALL,3,3,,False,2039,266,0,2305,2.0996571000432596,2.100637800002005,0,3,0,0,"[""omitted_requirement"", ""unintended_side_effect+forced_requirement_violation""]"
trial-a96d598a22b55fa881,decisive-20260831-054125,policy-L1-16b73b05bcd6,policy,1,D_INVERTED,phi4-mini:3.8b,ollama,211,0,0.95,False,False,0.0,"[""r1""]","[""fault:omitted_requirement"", ""requirement:r1""]",FAILED,1,0,cand-03f04f80d83b,False,194,69,0,263,0.5315765999839641,0.5318064999883063,0,0,1,0,"[""omitted_requirement""]"
trial-aa809b94e2ed0ed150,decisive-20260831-054125,policy-L2-81aa48b9b6e4,policy,2,B_DIRECT_CHECKED,phi4-mini:3.8b,ollama,211,0,0.2,False,False,0.0,[],[],REJECTED_ALL,3,3,,False,943,141,0,1084,1.0903789999429137,1.0908394000143744,0,0,0,0,[]
trial-eece30339861324030,decisive-20260831-054125,policy-L2-81aa48b9b6e4,policy,2,D_INVERTED,phi4-mini:3.8b,ollama,211,0,0.2,False,False,0.75,"[""r1""]","[""fault:wrong_value+forced_requirement_violation"", ""requirement:r1""]",FAILED,1,0,cand-d9c4a9d6daca,False,444,35,0,479,0.3262239000177942,0.326555100036785,0,0,1,0,"[""wrong_value+forced_requirement_violation""]"
trial-ba8009cdbacfd56c08,decisive-20260831-054125,policy-L2-81aa48b9b6e4,policy,2,D_INVERTED,phi4-mini:3.8b,ollama,211,0,0.4,False,False,0.75,"[""r1""]","[""fault:unintended_side_effect+forced_requirement_violation"", ""requirement:r1""]",FAILED,1,0,cand-ddb403c4819a,False,475,35,0,510,0.32852669997373596,0.3288651999901049,0,0,1,0,"[""unintended_side_effect+forced_requirement_violation""]"
trial-ddf5e7a4705fc14e12,decisive-20260831-054125,policy-L3-df438bf6628d,policy,3,A_DIRECT,phi4-mini:3.8b,ollama,211,0,0.2,False,False,0.14285714285714285,"[""r1"", ""r2"", ""r3"", ""r4"", ""r5"", ""r7""]","[""requirement:r1"", ""requirement:r2"", ""requirement:r3"", ""requirement:r4"", ""requirement:r5"", ""requirement:r7""]",FAILED,1,0,trial-ddf5e7a4705fc14e12-direct-0,False,446,75,0,521,0.6015849999967031,0.6018742999876849,0,0,0,0,[]
trial-d34e76dae9ad28c4a4,decisive-20260831-054125,policy-L3-df438bf6628d,policy,3,B_DIRECT_CHECKED,phi4-mini:3.8b,ollama,211,0,0.2,False,False,0.0,[],[],REJECTED_ALL,3,3,,False,1382,225,0,1607,1.695160799950827,1.695641300000716,0,0,0,0,[]
trial-b0353fe06731ec00fd,decisive-20260831-054125,policy-L3-df438bf6628d,policy,3,D_INVERTED,phi4-mini:3.8b,ollama,211,0,0.2,False,False,0.8571428571428571,"[""r7""]","[""fault:omitted_requirement"", ""requirement:r7""]",FAILED,2,1,cand-f8dc582bb0ae,False,1218,83,0,1301,0.7899004999781027,0.7905345000326633,0,1,1,0,"[""omitted_requirement""]"
trial-2c39aecf49c37b08a8,decisive-20260831-054125,policy-L4-02346f5e3d9e,policy,4,A_DIRECT,phi4-mini:3.8b,ollama,211,0,0.2,False,True,0.07692307692307693,"[""r1"", ""r2"", ""r3"", ""r4"", ""r5"", ""r6"", ""r7"", ""r8"", ""r9"", ""r10"", ""r11"", ""r13""]","[""requirement:r1"", ""requirement:r10"", ""requirement:r11"", ""requirement:r13"", ""requirement:r2"", ""requirement:r3"", ""requirement:r4"", ""requirement:r5"", ""requirement:r6"", ""requirement:r7"", ""requirement:r8"", ""requirement:r9""]",FAILED,1,0,trial-2c39aecf49c37b08a8-direct-0,False,737,187,0,924,1.4458729999605566,1.446148099959828,0,0,0,0,[]
trial-19879baac9ec43f5bc,decisive-20260831-054125,policy-L4-02346f5e3d9e,policy,4,D_INVERTED,phi4-mini:3.8b,ollama,211,0,0.2,False,False,0.9230769230769231,"[""r1""]","[""fault:wrong_value"", ""requirement:r1""]",FAILED,2,1,cand-5f913382da09,False,2125,83,0,2208,0.9137801999459043,0.9145215000025928,0,1,1,0,"[""omitted_requirement"", ""wrong_value""]"
trial-5d134d5d796ee23fd5,decisive-20260831-054125,policy-L4-02346f5e3d9e,policy,4,D_INVERTED,phi4-mini:3.8b,ollama,211,0,0.4,False,False,0.9230769230769231,"[""r6""]","[""fault:wrong_value"", ""requirement:r6""]",FAILED,1,0,cand-70d96d943de8,False,1072,35,0,1107,0.40386679995572194,0.4043599999858998,0,0,1,0,"[""wrong_value""]"
trial-4908edf8a830ce4571,decisive-20260831-054125,reconciliation-L1-380e8c4289ce,reconciliation,1,D_INVERTED,phi4-mini:3.8b,ollama,211,0,0.2,False,False,0.5,"[""r2""]","[""fault:wrong_value"", ""requirement:r2""]",FAILED,1,0,cand-7046a3bd8e0b,False,372,50,0,422,0.41655480000190437,0.4168578999815509,0,0,1,0,"[""wrong_value""]"
trial-f22ee69c8260d0c97d,decisive-20260831-054125,reconciliation-L1-380e8c4289ce,reconciliation,1,D_INVERTED,phi4-mini:3.8b,ollama,211,0,0.4,False,False,0.5,"[""r2""]","[""fault:omitted_requirement"", ""requirement:r2""]",FAILED,1,0,cand-266e4a53663f,False,347,29,0,376,0.2674430999904871,0.2677284000092186,0,0,1,0,"[""omitted_requirement""]"
trial-83a26913300c70ae0e,decisive-20260831-054125,reconciliation-L3-8f1f98406cfb,reconciliation,3,D_INVERTED,phi4-mini:3.8b,ollama,211,0,0.2,False,False,0.8333333333333334,"[""r2""]","[""fault:omitted_requirement"", ""requirement:r2""]",FAILED,1,0,cand-92817404e8ee,False,852,35,0,887,0.38936289999401197,0.38977409998187795,0,0,1,0,"[""omitted_requirement""]"
trial-a71764706d21a6a79f,decisive-20260831-054125,reconciliation-L4-7bebcad19e6d,reconciliation,4,D_INVERTED,phi4-mini:3.8b,ollama,211,0,0.2,False,True,0.9090909090909091,"[""r11""]","[""fault:omitted_requirement"", ""requirement:r11""]",FAILED,2,1,cand-a52f0647a107,False,3039,398,0,3437,3.214789599995129,3.2158705000183545,0,1,1,0,"[""omitted_requirement"", ""unintended_side_effect+forced_requirement_violation""]"
trial-e4ce1c53411089283b,decisive-20260831-054125,reconciliation-L4-7bebcad19e6d,reconciliation,4,D_INVERTED,phi4-mini:3.8b,ollama,211,0,0.4,False,False,0.0,[],"[""budget_exhausted""]",BUDGET_EXHAUSTED,3,2,,True,4620,389,0,5009,3.102932099951431,3.1042519999900833,0,2,0,0,"[""unintended_side_effect+forced_requirement_violation""]"
trial-b9c4a1c7ec97427428,decisive-20260831-054125,reconciliation-L4-7bebcad19e6d,reconciliation,4,D_INVERTED,phi4-mini:3.8b,ollama,211,0,0.6,False,False,0.0,[],"[""budget_exhausted""]",BUDGET_EXHAUSTED,3,2,,True,4514,325,0,4839,2.832730599970091,2.8339687999687158,0,2,0,0,"[""wrong_value""]"
trial-582cb9c05c6a617fa3,decisive-20260831-054125,state-L1-08c2942b62b0,state,1,D_INVERTED,phi4-mini:3.8b,ollama,211,1,0.2,False,False,0.5,"[""r2""]","[""rejected_all""]",REJECTED_ALL,3,3,,False,863,192,0,1055,1.4767969999229535,1.4775892000179738,0,3,0,0,"[""omitted_requirement"", ""wrong_value""]"
trial-537b177659f507670a,decisive-20260831-054125,state-L4-51a508993f67,state,4,D_INVERTED,phi4-mini:3.8b,ollama,211,1,0.2,False,False,0.9090909090909091,"[""r9""]","[""rejected_all""]",REJECTED_ALL,3,3,,False,3363,376,0,3739,3.017418999981601,3.0186262000352144,0,3,0,0,"[""unintended_side_effect+forced_requirement_violation"", ""wrong_value""]"
trial-638ae8d4711667b63f,decisive-20260831-054125,policy-L1-2f952d719ba5,policy,1,D_INVERTED,phi4-mini:3.8b,ollama,211,1,0.2,False,False,0.0,"[""r1""]","[""fault:forbidden_procedure+forced_requirement_violation"", ""requirement:r1""]",FAILED,1,0,cand-27af0e6bc69e,False,254,40,0,294,0.3444548000115901,0.3447054999996908,0,0,1,0,"[""forbidden_procedure+forced_requirement_violation""]"
trial-f29e8bcef63a6bc864,decisive-20260831-054125,policy-L1-2f952d719ba5,policy,1,D_INVERTED,phi4-mini:3.8b,ollama,211,1,0.6,False,False,0.0,"[""r1""]","[""fault:forbidden_procedure+forced_requirement_violation"", ""requirement:r1""]",FAILED,1,0,cand-464700a70c81,False,254,40,0,294,0.3343814999680035,0.3346488999668509,0,0,1,0,"[""forbidden_procedure+forced_requirement_violation""]"
trial-23a307869308c5b861,decisive-20260831-054125,policy-L2-743b65432ccf,policy,2,A_DIRECT,phi4-mini:3.8b,ollama,211,1,0.2,False,False,0.4,"[""r1"", ""r2"", ""r3""]","[""requirement:r1"", ""requirement:r2"", ""requirement:r3""]",FAILED,1,0,trial-23a307869308c5b861-direct-0,False,350,66,0,416,0.5407304999534972,0.5409456999623217,0,0,0,0,[]
trial-b6922c70ae44b40a88,decisive-20260831-054125,policy-L2-743b65432ccf,policy,2,B_DIRECT_CHECKED,phi4-mini:3.8b,ollama,211,1,0.2,False,False,0.0,[],[],REJECTED_ALL,3,3,,False,1084,160,0,1244,1.236891900014598,1.2373651000089012,0,0,0,0,[]
trial-8263c3a4993ed6659a,decisive-20260831-054125,policy-L2-743b65432ccf,policy,2,D_INVERTED,phi4-mini:3.8b,ollama,211,1,0.2,False,False,0.8,"[""r1""]","[""fault:wrong_value+forced_requirement_violation"", ""requirement:r1""]",FAILED,1,0,cand-95c6f9973902,False,514,35,0,549,0.34603099996456876,0.346447599993553,0,0,1,0,"[""wrong_value+forced_requirement_violation""]"
trial-316eb0af98737a33b3,decisive-20260831-054125,policy-L2-743b65432ccf,policy,2,D_INVERTED,phi4-mini:3.8b,ollama,211,1,0.4,False,True,0.8,"[""r4""]","[""fault:forbidden_procedure"", ""requirement:r4""]",FAILED,1,0,cand-f46973f1900e,False,499,35,0,534,0.3303474999847822,0.3306338000111282,0,0,1,0,"[""forbidden_procedure""]"
trial-46397eb11edac0d501,decisive-20260831-054125,policy-L2-743b65432ccf,policy,2,D_INVERTED,phi4-mini:3.8b,ollama,211,1,0.6,False,False,0.8,"[""r3""]","[""fault:wrong_value"", ""requirement:r3""]",FAILED,1,0,cand-f09110651abb,False,485,35,0,520,0.3254185999976471,0.3257226999849081,0,0,1,0,"[""wrong_value""]"
trial-2c8c87c855949e453d,decisive-20260831-054125,policy-L3-81681682e967,policy,3,A_DIRECT,phi4-mini:3.8b,ollama,211,1,0.2,False,False,0.16666666666666666,"[""r1"", ""r2"", ""r3"", ""r4"", ""r6""]","[""requirement:r1"", ""requirement:r2"", ""requirement:r3"", ""requirement:r4"", ""requirement:r6""]",FAILED,1,0,trial-2c8c87c855949e453d-direct-0,False,397,61,0,458,0.5277222999720834,0.5279769999906421,0,0,0,0,[]
trial-9daee284b5f383f017,decisive-20260831-054125,policy-L3-81681682e967,policy,3,B_DIRECT_CHECKED,phi4-mini:3.8b,ollama,211,1,0.2,False,False,0.0,[],[],REJECTED_ALL,3,3,,False,1229,202,0,1431,1.6086670000222512,1.6092119999811985,0,0,0,0,[]
trial-cc5368d5a896a61c2c,decisive-20260831-054125,policy-L3-81681682e967,policy,3,D_INVERTED,phi4-mini:3.8b,ollama,211,1,0.2,False,False,0.8333333333333334,"[""r1""]","[""rejected_all""]",REJECTED_ALL,3,3,,False,1851,264,0,2115,2.154869799967855,2.155827200040221,0,3,0,0,"[""unintended_side_effect+forced_requirement_violation""]"
trial-8c9463a980aa7fc520,decisive-20260831-054125,policy-L4-41a848043050,policy,4,A_DIRECT,phi4-mini:3.8b,ollama,211,1,0.2,False,True,0.14285714285714285,"[""r1"", ""r2"", ""r3"", ""r4"", ""r5"", ""r6"", ""r7"", ""r8"", ""r9"", ""r10"", ""r11"", ""r12""]","[""requirement:r1"", ""requirement:r10"", ""requirement:r11"", ""requirement:r12"", ""requirement:r2"", ""requirement:r3"", ""requirement:r4"", ""requirement:r5"", ""requirement:r6"", ""requirement:r7"", ""requirement:r8"", ""requirement:r9""]",FAILED,1,0,trial-8c9463a980aa7fc520-direct-0,False,781,210,0,991,1.596175700018648,1.5964895999641158,0,0,0,0,[]
trial-c249158eccb3b28b6b,decisive-20260831-054125,policy-L4-41a848043050,policy,4,D_INVERTED,phi4-mini:3.8b,ollama,211,1,0.2,False,False,0.9285714285714286,"[""r14""]","[""fault:omitted_requirement"", ""requirement:r14""]",FAILED,1,0,cand-da693567ee99,False,1116,35,0,1151,0.425753400020767,0.4260929999873042,0,0,1,0,"[""omitted_requirement""]"
trial-4d068b5a5b1c2292d5,decisive-20260831-054125,policy-L4-41a848043050,policy,4,D_INVERTED,phi4-mini:3.8b,ollama,211,1,0.4,False,True,0.9285714285714286,"[""r12""]","[""fault:omitted_requirement"", ""requirement:r12""]",FAILED,1,0,cand-eee5ddb1688d,False,1122,35,0,1157,0.40577770001254976,0.4061799999908544,0,0,1,0,"[""omitted_requirement""]"
trial-0bfe409603956a917b,decisive-20260831-054125,reconciliation-L1-7c384e0576e2,reconciliation,1,D_INVERTED,phi4-mini:3.8b,ollama,211,1,0.2,False,False,0.5,"[""r2""]","[""fault:wrong_value"", ""requirement:r2""]",FAILED,1,0,cand-fb0f44053b7a,False,373,62,0,435,0.5148867000243627,0.5151576999924146,0,0,1,0,"[""wrong_value""]"
trial-0d0cfc070616da443c,decisive-20260831-054125,reconciliation-L2-3567b59b9ec7,reconciliation,2,D_INVERTED,phi4-mini:3.8b,ollama,211,1,0.2,False,False,0.75,"[""r4""]","[""fault:omitted_requirement"", ""requirement:r4""]",FAILED,1,0,cand-b948e29c2315,False,600,35,0,635,0.3543266999768093,0.3546435000025667,0,0,1,0,"[""omitted_requirement""]"
trial-21700000c688eda41d,decisive-20260831-054125,reconciliation-L3-b523773ee1d7,reconciliation,3,D_INVERTED,phi4-mini:3.8b,ollama,211,1,0.4,False,False,0.0,[],"[""budget_exhausted""]",BUDGET_EXHAUSTED,3,2,,True,3809,318,0,4127,2.6030740000423975,2.604225300019607,0,2,0,0,"[""wrong_value""]"
trial-2fe03adeb9d8ef6f31,decisive-20260831-054125,reconciliation-L3-b523773ee1d7,reconciliation,3,D_INVERTED,phi4-mini:3.8b,ollama,211,1,0.6,False,False,0.8888888888888888,"[""r1""]","[""fault:omitted_requirement"", ""requirement:r1""]",FAILED,3,2,cand-8c26e9a7eb9f,False,3785,310,0,4095,2.674772500002291,2.676056399999652,0,2,1,0,"[""omitted_requirement"", ""unintended_side_effect+forced_requirement_violation"", ""wrong_value""]"
trial-6ed43b60bc6c6e4e8f,decisive-20260831-054125,reconciliation-L4-97370149eb0c,reconciliation,4,D_INVERTED,phi4-mini:3.8b,ollama,211,1,0.2,False,False,0.9090909090909091,"[""r10""]","[""fault:omitted_requirement"", ""requirement:r10""]",FAILED,1,0,cand-3251d47aa00f,False,1480,35,0,1515,0.4556122000212781,0.456101999967359,0,0,1,0,"[""omitted_requirement""]"
trial-29dc56b92b499844a1,decisive-20260831-054125,reconciliation-L4-97370149eb0c,reconciliation,4,D_INVERTED,phi4-mini:3.8b,ollama,211,1,0.6,False,False,0.0,[],"[""budget_exhausted""]",BUDGET_EXHAUSTED,3,2,,True,4565,438,0,5003,3.798097599996254,3.7993815999943763,0,2,0,0,"[""unintended_side_effect+forced_requirement_violation"", ""wrong_value""]"
trial-8b558d7f6faa319d19,decisive-20260831-054125,state-L2-08acf3cc4f3e,state,2,D_INVERTED,phi4-mini:3.8b,ollama,211,2,0.2,False,False,0.75,"[""r1""]","[""rejected_all""]",REJECTED_ALL,3,3,,False,1542,269,0,1811,2.0621791999437846,2.0630516999517567,0,3,0,0,"[""unintended_side_effect+forced_requirement_violation"", ""wrong_value""]"
trial-89ec24c89f52606960,decisive-20260831-054125,state-L2-08acf3cc4f3e,state,2,D_INVERTED,phi4-mini:3.8b,ollama,211,2,0.4,False,False,0.75,"[""r1""]","[""fault:omitted_requirement"", ""requirement:r1""]",FAILED,1,0,cand-d7f5b9634be0,False,453,35,0,488,0.3527044000220485,0.3529897999833338,0,0,1,0,"[""omitted_requirement""]"
trial-c655d780131c380695,decisive-20260831-054125,state-L2-08acf3cc4f3e,state,2,D_INVERTED,phi4-mini:3.8b,ollama,211,2,0.8,False,False,0.75,"[""r1""]","[""fault:omitted_requirement"", ""requirement:r1""]",FAILED,1,0,cand-5a566b6445af,False,453,35,0,488,0.31579030002467334,0.3161009000032209,0,0,1,0,"[""omitted_requirement""]"
trial-6df99d84a6e2936472,decisive-20260831-054125,state-L3-5a3864f097d0,state,3,D_INVERTED,phi4-mini:3.8b,ollama,211,2,0.2,False,False,0.8333333333333334,"[""r5""]","[""rejected_all""]",REJECTED_ALL,3,3,,False,1956,213,0,2169,1.8392338000121526,1.840205500018783,0,3,0,0,"[""wrong_value""]"
trial-a560c4bb2757cf7bc0,decisive-20260831-054125,state-L4-84f9b874e7eb,state,4,D_INVERTED,phi4-mini:3.8b,ollama,211,2,0.2,False,False,0.9,"[""r8""]","[""rejected_all""]",REJECTED_ALL,3,3,,False,2950,194,0,3144,1.8232818999676965,1.8245412999531254,0,3,0,0,"[""omitted_requirement"", ""wrong_value""]"
trial-52d9a1cd5f23dd4dd4,decisive-20260831-054125,state-L4-84f9b874e7eb,state,4,D_INVERTED,phi4-mini:3.8b,ollama,211,2,0.4,False,False,0.9,"[""r6""]","[""fault:omitted_requirement"", ""requirement:r6""]",FAILED,2,1,cand-8eb8998b0dc3,False,1950,112,0,2062,1.032807599985972,1.0336468999739736,0,1,1,0,"[""omitted_requirement""]"
trial-52168afbc9aa267c9b,decisive-20260831-054125,policy-L1-93f83983851f,policy,1,D_INVERTED,phi4-mini:3.8b,ollama,211,2,0.2,False,False,0.5,"[""r1""]","[""fault:ordering_violation+forced_requirement_violation"", ""requirement:r1""]",FAILED,1,0,cand-3bf9bdd38420,False,300,35,0,335,0.3179895000066608,0.31826009997166693,0,0,1,0,"[""ordering_violation+forced_requirement_violation""]"
trial-9835b763000883e8e8,decisive-20260831-054125,policy-L2-186ebc55df5a,policy,2,D_INVERTED,phi4-mini:3.8b,ollama,211,2,0.2,False,True,0.75,"[""r3""]","[""fault:forbidden_procedure"", ""requirement:r3""]",FAILED,1,0,cand-ef162c02ff3e,False,427,35,0,462,0.3324959000456147,0.33279150002636015,0,0,1,0,"[""forbidden_procedure""]"
trial-8a4caac429128664a5,decisive-20260831-054125,policy-L3-d0c453dd1b54,policy,3,A_DIRECT,phi4-mini:3.8b,ollama,211,2,0.2,False,False,0.25,"[""r1"", ""r2"", ""r3"", ""r4"", ""r5"", ""r6""]","[""requirement:r1"", ""requirement:r2"", ""requirement:r3"", ""requirement:r4"", ""requirement:r5"", ""requirement:r6""]",FAILED,1,0,trial-8a4caac429128664a5-direct-0,False,495,136,0,631,1.0538011000026017,1.0540877999737859,0,0,0,0,[]
trial-a567a811390dccb3aa,decisive-20260831-054125,policy-L3-d0c453dd1b54,policy,3,B_DIRECT_CHECKED,phi4-mini:3.8b,ollama,211,2,0.2,False,False,0.0,[],[],REJECTED_ALL,3,3,,False,1529,348,0,1877,2.4877077000564896,2.4882824000087567,0,0,0,0,[]
trial-875c8e18b899177f74,decisive-20260831-054125,policy-L3-d0c453dd1b54,policy,3,D_INVERTED,phi4-mini:3.8b,ollama,211,2,0.2,False,False,0.875,"[""r2""]","[""fault:wrong_value"", ""requirement:r2""]",FAILED,1,0,cand-d7a5545c4f36,False,705,35,0,740,0.3586705999914557,0.35900220001349226,0,0,1,0,"[""wrong_value""]"
trial-fd97228f4c728c8c84,decisive-20260831-054125,policy-L3-d0c453dd1b54,policy,3,D_INVERTED,phi4-mini:3.8b,ollama,211,2,0.4,False,True,0.875,"[""r7""]","[""fault:forbidden_procedure"", ""requirement:r7""]",FAILED,1,0,cand-2d90cf5cdbd0,False,719,35,0,754,0.36530270002549514,0.36564929998712614,0,0,1,0,"[""forbidden_procedure""]"
trial-3a8f12bd67718c7565,decisive-20260831-054125,policy-L4-9770dd7e83e3,policy,4,A_DIRECT,phi4-mini:3.8b,ollama,211,2,0.2,False,True,0.18181818181818182,"[""r1"", ""r2"", ""r3"", ""r4"", ""r5"", ""r6"", ""r7"", ""r8"", ""r9""]","[""requirement:r1"", ""requirement:r2"", ""requirement:r3"", ""requirement:r4"", ""requirement:r5"", ""requirement:r6"", ""requirement:r7"", ""requirement:r8"", ""requirement:r9""]",FAILED,1,0,trial-3a8f12bd67718c7565-direct-0,False,640,165,0,805,1.233424800040666,1.2336790999979712,0,0,0,0,[]
trial-25bd45e8908b296427,decisive-20260831-054125,policy-L4-9770dd7e83e3,policy,4,B_DIRECT_CHECKED,phi4-mini:3.8b,ollama,211,2,0.2,False,False,0.0,[],[],REJECTED_ALL,3,3,,False,1976,475,0,2451,3.4345928999828175,3.435204999987036,0,0,0,0,[]
trial-9ffb542460c4f0e4d3,decisive-20260831-054125,policy-L4-9770dd7e83e3,policy,4,D_INVERTED,phi4-mini:3.8b,ollama,211,2,0.2,False,False,0.9090909090909091,"[""r8""]","[""fault:wrong_value"", ""requirement:r8""]",FAILED,1,0,cand-369029ace363,False,925,35,0,960,0.4051020000479184,0.40544199995929375,0,0,1,0,"[""wrong_value""]"
trial-fbf61f1cf85dff6c85,decisive-20260831-054125,policy-L4-9770dd7e83e3,policy,4,D_INVERTED,phi4-mini:3.8b,ollama,211,2,0.4,False,False,0.9090909090909091,"[""r11""]","[""fault:omitted_requirement"", ""requirement:r11""]",FAILED,1,0,cand-2a41cd314d8a,False,900,35,0,935,0.39272270002402365,0.3930664000217803,0,0,1,0,"[""omitted_requirement""]"
trial-937489d07de8fe3911,decisive-20260831-054125,policy-L4-9770dd7e83e3,policy,4,D_INVERTED,phi4-mini:3.8b,ollama,211,2,0.6,False,False,0.9090909090909091,"[""r2""]","[""fault:omitted_requirement"", ""requirement:r2""]",FAILED,1,0,cand-6894801daf15,False,906,35,0,941,0.40081700001610443,0.4012001000228338,0,0,1,0,"[""omitted_requirement""]"
trial-c449413c456f6595ce,decisive-20260831-054125,reconciliation-L2-de0d4583e6af,reconciliation,2,D_INVERTED,phi4-mini:3.8b,ollama,211,2,0.2,False,False,0.8,"[""r1""]","[""rejected_all""]",REJECTED_ALL,3,3,,False,2354,362,0,2716,2.870087799965404,2.8712307999958284,0,3,0,0,"[""unintended_side_effect+forced_requirement_violation"", ""wrong_value""]"
trial-669c06c21ff9dd3d3f,decisive-20260831-054125,reconciliation-L2-de0d4583e6af,reconciliation,2,D_INVERTED,phi4-mini:3.8b,ollama,211,2,0.4,False,False,0.8,"[""r1""]","[""fault:omitted_requirement"", ""requirement:r1""]",FAILED,2,1,cand-d91d63b31ff6,False,1474,132,0,1606,1.142571099975612,1.1432245000032708,0,1,1,0,"[""omitted_requirement"", ""wrong_value""]"
trial-287cd2109583c95e9f,decisive-20260831-054125,reconciliation-L4-5fb930501af2,reconciliation,4,D_INVERTED,phi4-mini:3.8b,ollama,211,2,0.2,False,False,0.0,[],"[""budget_exhausted""]",BUDGET_EXHAUSTED,3,2,,True,4564,256,0,4820,2.4479528000811115,2.449181000003591,0,2,0,0,"[""unintended_side_effect+forced_requirement_violation"", ""wrong_value""]"
trial-df6bd5f3603bedb5cc,decisive-20260831-054125,reconciliation-L4-5fb930501af2,reconciliation,4,D_INVERTED,phi4-mini:3.8b,ollama,211,2,0.6,False,False,0.0,[],"[""budget_exhausted""]",BUDGET_EXHAUSTED,3,2,,True,4565,639,0,5204,5.182312299963087,5.183488800015766,0,2,0,0,"[""unintended_side_effect+forced_requirement_violation"", ""wrong_value""]"
trial-1e8b1a6a68003162a1,decisive-20260831-054125,state-L1-62de1f71ff4a,state,1,C_SYSTEM,qwen3.5:9b-q8_0,ollama,307,0,0.2,False,False,0.5,"[""r2""]","[""fault:omitted_requirement"", ""requirement:r2""]",FAILED,1,0,cand-be0ed3abde72,False,0,0,0,0,0,0.00012199999764561653,0,0,0,0,"[""omitted_requirement""]"
trial-1fb13782abbfba7404,decisive-20260831-054125,state-L1-62de1f71ff4a,state,1,C_SYSTEM,qwen3.5:9b-q8_0,ollama,307,0,0.6,False,False,0.5,"[""r1""]","[""fault:wrong_value"", ""requirement:r1""]",FAILED,1,0,cand-9e57427b7d5a,False,0,0,0,0,0,9.769998723641038e-05,0,0,0,0,"[""wrong_value""]"
trial-587964f21ee3240b18,decisive-20260831-054125,state-L1-62de1f71ff4a,state,1,C_SYSTEM,qwen3.5:9b-q8_0,ollama,307,0,0.95,False,False,0.5,"[""r1""]","[""fault:unintended_side_effect+forced_requirement_violation"", ""requirement:r1""]",FAILED,1,0,cand-ee514302f73c,False,0,0,0,0,0,9.839999256655574e-05,0,0,0,0,"[""unintended_side_effect+forced_requirement_violation""]"
trial-34d70d96d94e593718,decisive-20260831-054125,state-L1-62de1f71ff4a,state,1,E_RANDOM_AUDITOR,qwen3.5:9b-q8_0,ollama,307,0,0.2,False,False,0.5,"[""r2""]","[""fault:omitted_requirement"", ""requirement:r2""]",FAILED,1,0,cand-be0ed3abde72,False,0,0,0,0,0,9.42000187933445e-05,0,0,1,0,"[""omitted_requirement""]"
trial-9a09efbffedfc7944f,decisive-20260831-054125,state-L1-62de1f71ff4a,state,1,F_ORACLE_AUDITOR,qwen3.5:9b-q8_0,ollama,307,0,0.2,False,False,0.5,"[""r2""]","[""rejected_all""]",REJECTED_ALL,3,3,,False,0,0,0,0,0,0.00020299997413530946,0,3,0,0,"[""omitted_requirement"", ""unintended_side_effect+forced_requirement_violation""]"
trial-d923fb51a590fb13de,decisive-20260831-054125,state-L2-acb46dffba92,state,2,C_SYSTEM,qwen3.5:9b-q8_0,ollama,307,0,0.6,False,False,0.6666666666666666,"[""r3""]","[""fault:wrong_value"", ""requirement:r3""]",FAILED,1,0,cand-7b77840f678f,False,0,0,0,0,0,9.210000280290842e-05,0,0,0,0,"[""wrong_value""]"
trial-912dd02ee990c761e8,decisive-20260831-054125,state-L2-acb46dffba92,state,2,E_RANDOM_AUDITOR,qwen3.5:9b-q8_0,ollama,307,0,0.6,False,False,0.6666666666666666,"[""r3""]","[""fault:wrong_value"", ""requirement:r3""]",FAILED,1,0,cand-7b77840f678f,False,0,0,0,0,0,0.00010429997928440571,0,0,1,0,"[""wrong_value""]"
trial-ec71a4109eef47b13d,decisive-20260831-054125,state-L2-acb46dffba92,state,2,E_RANDOM_AUDITOR,qwen3.5:9b-q8_0,ollama,307,0,0.95,False,False,1.0,[],"[""rejected_all""]",REJECTED_ALL,3,3,,False,0,0,0,0,0,0.0001900999923236668,0,0,0,3,[]
trial-1e58af222e7efe3eb8,decisive-20260831-054125,state-L3-55658ecfe109,state,3,C_SYSTEM,qwen3.5:9b-q8_0,ollama,307,0,0.2,False,False,0.8333333333333334,"[""r1""]","[""fault:omitted_requirement"", ""requirement:r1""]",FAILED,1,0,cand-ab1dd5f1282d,False,0,0,0,0,0,0.00012579996837303042,0,0,0,0,"[""omitted_requirement""]"
trial-5f0faefe30158142e1,decisive-20260831-054125,state-L3-55658ecfe109,state,3,C_SYSTEM,qwen3.5:9b-q8_0,ollama,307,0,0.4,False,False,0.8333333333333334,"[""r4""]","[""fault:omitted_requirement"", ""requirement:r4""]",FAILED,1,0,cand-9efb14c9f9bd,False,0,0,0,0,0,0.00011720001930370927,0,0,0,0,"[""omitted_requirement""]"
trial-e35e75d55d8fda76ee,decisive-20260831-054125,state-L3-55658ecfe109,state,3,C_SYSTEM,qwen3.5:9b-q8_0,ollama,307,0,0.8,False,False,0.8333333333333334,"[""r3""]","[""fault:wrong_value"", ""requirement:r3""]",FAILED,1,0,cand-597f6081bd88,False,0,0,0,0,0,0.00012069998774677515,0,0,0,0,"[""wrong_value""]"
trial-d898b24eb5defd1c91,decisive-20260831-054125,state-L3-55658ecfe109,state,3,E_RANDOM_AUDITOR,qwen3.5:9b-q8_0,ollama,307,0,0.2,False,False,0.8333333333333334,"[""r1""]","[""fault:omitted_requirement"", ""requirement:r1""]",FAILED,1,0,cand-ab1dd5f1282d,False,0,0,0,0,0,0.00017100002150982618,0,0,1,0,"[""omitted_requirement""]"
trial-a847746170faed0c77,decisive-20260831-054125,state-L3-55658ecfe109,state,3,E_RANDOM_AUDITOR,qwen3.5:9b-q8_0,ollama,307,0,0.4,False,False,1.0,[],"[""rejected_all""]",REJECTED_ALL,3,3,,False,0,0,0,0,0,0.0003019999712705612,0,2,0,1,"[""omitted_requirement"", ""unintended_side_effect+forced_requirement_violation""]"
trial-c854ad1954f2a3cd43,decisive-20260831-054125,state-L3-55658ecfe109,state,3,E_RANDOM_AUDITOR,qwen3.5:9b-q8_0,ollama,307,0,0.6,False,False,1.0,[],"[""rejected_all""]",REJECTED_ALL,3,3,,False,0,0,0,0,0,0.00026560004334896803,0,0,0,3,[]
trial-3caffe23e20902abdf,decisive-20260831-054125,state-L3-55658ecfe109,state,3,E_RANDOM_AUDITOR,qwen3.5:9b-q8_0,ollama,307,0,0.8,False,False,1.0,[],"[""rejected_all""]",REJECTED_ALL,3,3,,False,0,0,0,0,0,0.00038329995004460216,0,1,0,2,"[""wrong_value""]"
trial-d53f0f67f1ae8009fe,decisive-20260831-054125,state-L4-db6a2f6f3347,state,4,C_SYSTEM,qwen3.5:9b-q8_0,ollama,307,0,0.2,False,False,0.9285714285714286,"[""r1""]","[""fault:omitted_requirement"", ""requirement:r1""]",FAILED,1,0,cand-7f5b4689c8f8,False,0,0,0,0,0,0.00033930002246052027,0,0,0,0,"[""omitted_requirement""]"
trial-e72424334a13bd27ce,decisive-20260831-054125,state-L4-db6a2f6f3347,state,4,E_RANDOM_AUDITOR,qwen3.5:9b-q8_0,ollama,307,0,0.2,False,False,0.9285714285714286,"[""r1""]","[""fault:omitted_requirement"", ""requirement:r1""]",FAILED,1,0,cand-7f5b4689c8f8,False,0,0,0,0,0,0.00030229997355490923,0,0,1,0,"[""omitted_requirement""]"
trial-d211f9524d3e92aa00,decisive-20260831-054125,state-L4-db6a2f6f3347,state,4,E_RANDOM_AUDITOR,qwen3.5:9b-q8_0,ollama,307,0,0.8,False,False,1.0,[],"[""rejected_all""]",REJECTED_ALL,3,3,,False,0,0,0,0,0,0.00047690002247691154,0,0,0,3,[]
trial-d8137914b98479fdf8,decisive-20260831-054125,state-L4-db6a2f6f3347,state,4,F_ORACLE_AUDITOR,qwen3.5:9b-q8_0,ollama,307,0,0.2,False,False,0.9285714285714286,"[""r5""]","[""rejected_all""]",REJECTED_ALL,3,3,,False,0,0,0,0,0,0.0005365000106394291,0,3,0,0,"[""omitted_requirement"", ""unintended_side_effect+forced_requirement_violation""]"
trial-39a48297aa7b5b0970,decisive-20260831-054125,policy-L1-7d6d65f63b90,policy,1,C_SYSTEM,qwen3.5:9b-q8_0,ollama,307,0,0.4,False,False,0.0,"[""r1""]","[""fault:ordering_violation+forced_requirement_violation"", ""requirement:r1""]",FAILED,1,0,cand-dce60155fab1,False,0,0,0,0,0,8.339999476447701e-05,0,0,0,0,"[""ordering_violation+forced_requirement_violation""]"
trial-48aa1b441fd801cfad,decisive-20260831-054125,policy-L1-7d6d65f63b90,policy,1,C_SYSTEM,qwen3.5:9b-q8_0,ollama,307,0,0.6,False,False,0.0,"[""r1""]","[""fault:unintended_side_effect+forced_requirement_violation"", ""requirement:r1""]",FAILED,1,0,cand-ba6e3b28d6e8,False,0,0,0,0,0,8.079997496679425e-05,0,0,0,0,"[""unintended_side_effect+forced_requirement_violation""]"
trial-b0fc54ab4197163a19,decisive-20260831-054125,policy-L1-7d6d65f63b90,policy,1,E_RANDOM_AUDITOR,qwen3.5:9b-q8_0,ollama,307,0,0.4,False,False,0.0,"[""r1""]","[""fault:wrong_value"", ""requirement:r1""]",FAILED,2,1,cand-813dc345ced4,False,0,0,0,0,0,0.00014220003504306078,0,1,1,0,"[""ordering_violation+forced_requirement_violation"", ""wrong_value""]"
trial-369f24ad1a62fa1bc1,decisive-20260831-054125,policy-L1-7d6d65f63b90,policy,1,E_RANDOM_AUDITOR,qwen3.5:9b-q8_0,ollama,307,0,0.6,False,False,1.0,[],"[""rejected_all""]",REJECTED_ALL,3,3,,False,0,0,0,0,0,0.00016280001727864146,0,1,0,2,"[""unintended_side_effect+forced_requirement_violation""]"
trial-d916cecffd6cb547f3,decisive-20260831-054125,policy-L1-7d6d65f63b90,policy,1,E_RANDOM_AUDITOR,qwen3.5:9b-q8_0,ollama,307,0,0.8,False,False,0.0,"[""r1""]","[""fault:ordering_violation+forced_requirement_violation"", ""requirement:r1""]",FAILED,2,1,cand-74df2e1067cd,False,0,0,0,0,0,0.00014329998521134257,0,0,1,1,"[""ordering_violation+forced_requirement_violation""]"
trial-1ad6ec0803371eb690,decisive-20260831-054125,policy-L2-dda935b22d3a,policy,2,C_SYSTEM,qwen3.5:9b-q8_0,ollama,307,0,0.2,False,True,0.6666666666666666,"[""r2""]","[""fault:forbidden_procedure"", ""requirement:r2""]",FAILED,1,0,cand-54d2b233ca94,False,0,0,0,0,0,0.00014780001947656274,0,0,0,0,"[""forbidden_procedure""]"
trial-3bcc1907d5cb610872,decisive-20260831-054125,policy-L2-dda935b22d3a,policy,2,E_RANDOM_AUDITOR,qwen3.5:9b-q8_0,ollama,307,0,0.2,False,False,0.3333333333333333,"[""r1"", ""r3""]","[""rejected_all""]",REJECTED_ALL,3,3,,False,0,0,0,0,0,0.0003350999904796481,0,3,0,0,"[""forbidden_procedure"", ""omitted_requirement"", ""ordering_violation""]"
trial-1e04af136e60a8488a,decisive-20260831-054125,policy-L2-dda935b22d3a,policy,2,F_ORACLE_AUDITOR,qwen3.5:9b-q8_0,ollama,307,0,0.2,False,False,0.3333333333333333,"[""r1"", ""r3""]","[""rejected_all""]",REJECTED_ALL,3,3,,False,0,0,0,0,0,0.00020700000459328294,0,3,0,0,"[""forbidden_procedure"", ""omitted_requirement"", ""ordering_violation""]"
trial-e8c8eb8a5e1410d8a2,decisive-20260831-054125,policy-L3-acd02f42634a,policy,3,C_SYSTEM,qwen3.5:9b-q8_0,ollama,307,0,0.4,False,False,0.875,"[""r8""]","[""fault:ordering_violation"", ""requirement:r8""]",FAILED,1,0,cand-5fb4d7c67b1e,False,0,0,0,0,0,0.00011749996338039637,0,0,0,0,"[""ordering_violation""]"
trial-7789aabb974fd671a2,decisive-20260831-054125,policy-L3-acd02f42634a,policy,3,C_SYSTEM,qwen3.5:9b-q8_0,ollama,307,0,0.6,False,False,0.875,"[""r1""]","[""fault:unintended_side_effect+forced_requirement_violation"", ""requirement:r1""]",FAILED,1,0,cand-6c1c25af414a,False,0,0,0,0,0,0.00013040000339969993,0,0,0,0,"[""unintended_side_effect+forced_requirement_violation""]"
trial-b93c6ca264246c0352,decisive-20260831-054125,policy-L3-acd02f42634a,policy,3,C_SYSTEM,qwen3.5:9b-q8_0,ollama,307,0,0.8,False,False,0.875,"[""r1""]","[""fault:unintended_side_effect+forced_requirement_violation"", ""requirement:r1""]",FAILED,1,0,cand-76830fc4aa7d,False,0,0,0,0,0,0.000125400023534894,0,0,0,0,"[""unintended_side_effect+forced_requirement_violation""]"
trial-d2ff7a5ce5001f4eb6,decisive-20260831-054125,policy-L3-acd02f42634a,policy,3,E_RANDOM_AUDITOR,qwen3.5:9b-q8_0,ollama,307,0,0.2,False,False,1.0,[],"[""rejected_all""]",REJECTED_ALL,3,3,,False,0,0,0,0,0,0.00025889999233186245,0,1,0,2,"[""omitted_requirement""]"
trial-de829e64b863c082ad,decisive-20260831-054125,policy-L3-acd02f42634a,policy,3,E_RANDOM_AUDITOR,qwen3.5:9b-q8_0,ollama,307,0,0.4,False,True,0.875,"[""r7""]","[""fault:forbidden_procedure"", ""requirement:r7""]",FAILED,3,2,cand-8051d056c9c8,False,0,0,0,0,0,0.0004651000490412116,0,2,1,0,"[""forbidden_procedure"", ""ordering_violation""]"
trial-bd5cdf377017ff40b1,decisive-20260831-054125,policy-L3-acd02f42634a,policy,3,E_RANDOM_AUDITOR,qwen3.5:9b-q8_0,ollama,307,0,0.6,False,False,1.0,[],"[""rejected_all""]",REJECTED_ALL,3,3,,False,0,0,0,0,0,0.0003436999977566302,0,2,0,1,"[""ordering_violation"", ""unintended_side_effect+forced_requirement_violation""]"
trial-8d01eadd48d827c299,decisive-20260831-054125,policy-L3-acd02f42634a,policy,3,E_RANDOM_AUDITOR,qwen3.5:9b-q8_0,ollama,307,0,0.8,False,False,0.875,"[""r1""]","[""fault:unintended_side_effect+forced_requirement_violation"", ""requirement:r1""]",FAILED,1,0,cand-76830fc4aa7d,False,0,0,0,0,0,0.0001897999900393188,0,0,1,0,"[""unintended_side_effect+forced_requirement_violation""]"
trial-b0e57827602c61c79e,decisive-20260831-054125,policy-L3-acd02f42634a,policy,3,F_ORACLE_AUDITOR,qwen3.5:9b-q8_0,ollama,307,0,0.4,False,False,0.875,"[""r7""]","[""rejected_all""]",REJECTED_ALL,3,3,,False,0,0,0,0,0,0.0005197999998927116,0,3,0,0,"[""forbidden_procedure"", ""ordering_violation""]"
trial-2983819d37253a0f4a,decisive-20260831-054125,policy-L4-68adb95688d4,policy,4,C_SYSTEM,qwen3.5:9b-q8_0,ollama,307,0,0.2,False,False,0.9,"[""r6""]","[""fault:wrong_value"", ""requirement:r6""]",FAILED,1,0,cand-e9c126fd0bf9,False,0,0,0,0,0,0.00013409997336566448,0,0,0,0,"[""wrong_value""]"
trial-f62e267d5c4172fce5,decisive-20260831-054125,policy-L4-68adb95688d4,policy,4,E_RANDOM_AUDITOR,qwen3.5:9b-q8_0,ollama,307,0,0.2,False,False,0.9,"[""r6""]","[""fault:wrong_value"", ""requirement:r6""]",FAILED,1,0,cand-e9c126fd0bf9,False,0,0,0,0,0,0.0001357000437565148,0,0,1,0,"[""wrong_value""]"
trial-ed76f86d037406a414,decisive-20260831-054125,policy-L4-68adb95688d4,policy,4,E_RANDOM_AUDITOR,qwen3.5:9b-q8_0,ollama,307,0,0.8,False,False,1.0,[],"[""rejected_all""]",REJECTED_ALL,3,3,,False,0,0,0,0,0,0.00025070004630833864,0,0,0,3,[]
trial-3a37a07e0db4b52989,decisive-20260831-054125,reconciliation-L1-29e957cfb6ce,reconciliation,1,C_SYSTEM,qwen3.5:9b-q8_0,ollama,307,0,0.2,False,False,0.5,"[""r2""]","[""fault:omitted_requirement"", ""requirement:r2""]",FAILED,1,0,cand-8eee4c1d32dd,False,0,0,0,0,0,0.00011470000026747584,0,0,0,0,"[""omitted_requirement""]"
trial-2b548948e0d6feaaf5,decisive-20260831-054125,reconciliation-L1-29e957cfb6ce,reconciliation,1,C_SYSTEM,qwen3.5:9b-q8_0,ollama,307,0,0.4,False,False,0.5,"[""r1""]","[""fault:unintended_side_effect+forced_requirement_violation"", ""requirement:r1""]",FAILED,1,0,cand-5af0be17acba,False,0,0,0,0,0,9.44999628700316e-05,0,0,0,0,"[""unintended_side_effect+forced_requirement_violation""]"
trial-479056a9e2acb0a6cd,decisive-20260831-054125,reconciliation-L1-29e957cfb6ce,reconciliation,1,C_SYSTEM,qwen3.5:9b-q8_0,ollama,307,0,0.6,False,False,0.5,"[""r1""]","[""fault:wrong_value"", ""requirement:r1""]",FAILED,1,0,cand-2e336b06cee5,False,0,0,0,0,0,8.819997310638428e-05,0,0,0,0,"[""wrong_value""]"
trial-d869ca78cf4985e24d,decisive-20260831-054125,reconciliation-L1-29e957cfb6ce,reconciliation,1,E_RANDOM_AUDITOR,qwen3.5:9b-q8_0,ollama,307,0,0.2,False,False,0.5,"[""r2""]","[""fault:omitted_requirement"", ""requirement:r2""]",FAILED,1,0,cand-8eee4c1d32dd,False,0,0,0,0,0,9.769998723641038e-05,0,0,1,0,"[""omitted_requirement""]"
trial-e97d4f7520e1903427,decisive-20260831-054125,reconciliation-L1-29e957cfb6ce,reconciliation,1,E_RANDOM_AUDITOR,qwen3.5:9b-q8_0,ollama,307,0,0.6,False,False,0.5,"[""r1""]","[""fault:wrong_value"", ""requirement:r1""]",FAILED,1,0,cand-2e336b06cee5,False,0,0,0,0,0,0.00010629999451339245,0,0,1,0,"[""wrong_value""]"
trial-f4176f948081a912a1,decisive-20260831-054125,reconciliation-L2-7b0c1b5e4fc3,reconciliation,2,C_SYSTEM,qwen3.5:9b-q8_0,ollama,307,0,0.2,False,False,0.75,"[""r3""]","[""fault:wrong_value"", ""requirement:r3""]",FAILED,1,0,cand-046f98ef2387,False,0,0,0,0,0,0.00012019998393952847,0,0,0,0,"[""wrong_value""]"
trial-a0eabe94faabdca356,decisive-20260831-054125,reconciliation-L2-7b0c1b5e4fc3,reconciliation,2,C_SYSTEM,qwen3.5:9b-q8_0,ollama,307,0,0.8,False,False,0.75,"[""r3""]","[""fault:wrong_value"", ""requirement:r3""]",FAILED,1,0,cand-cdcb481c2251,False,0,0,0,0,0,0.0001154000055976212,0,0,0,0,"[""wrong_value""]"
trial-d5f2cec2b5aaa035ea,decisive-20260831-054125,reconciliation-L2-7b0c1b5e4fc3,reconciliation,2,E_RANDOM_AUDITOR,qwen3.5:9b-q8_0,ollama,307,0,0.2,False,False,0.75,"[""r3""]","[""fault:wrong_value"", ""requirement:r3""]",FAILED,1,0,cand-046f98ef2387,False,0,0,0,0,0,0.0001227000029757619,0,0,1,0,"[""wrong_value""]"
trial-cb3f24f51b56c23ef3,decisive-20260831-054125,reconciliation-L2-7b0c1b5e4fc3,reconciliation,2,E_RANDOM_AUDITOR,qwen3.5:9b-q8_0,ollama,307,0,0.6,False,False,0.75,"[""r2""]","[""rejected_all""]",REJECTED_ALL,3,3,,False,0,0,0,0,0,0.0003398999688215554,0,2,0,1,"[""omitted_requirement""]"
trial-79ca7abee984561a3b,decisive-20260831-054125,reconciliation-L2-7b0c1b5e4fc3,reconciliation,2,F_ORACLE_AUDITOR,qwen3.5:9b-q8_0,ollama,307,0,0.2,False,False,0.75,"[""r4""]","[""rejected_all""]",REJECTED_ALL,3,3,,False,0,0,0,0,0,0.000415199960116297,0,3,0,0,"[""omitted_requirement"", ""wrong_value""]"
trial-43383663bd491d8307,decisive-20260831-054125,reconciliation-L3-da00ace527d7,reconciliation,3,C_SYSTEM,qwen3.5:9b-q8_0,ollama,307,0,0.2,False,False,0.875,"[""r3""]","[""fault:wrong_value"", ""requirement:r3""]",FAILED,1,0,cand-7895486954ba,False,0,0,0,0,0,0.0001745999907143414,0,0,0,0,"[""wrong_value""]"
trial-5d9deea204bf464da7,decisive-20260831-054125,reconciliation-L3-da00ace527d7,reconciliation,3,C_SYSTEM,qwen3.5:9b-q8_0,ollama,307,0,0.4,False,False,0.875,"[""r5""]","[""fault:wrong_value"", ""requirement:r5""]",FAILED,1,0,cand-46d333b681fc,False,0,0,0,0,0,0.0001604999997653067,0,0,0,0,"[""wrong_value""]"
trial-e2ea34607688a0a4b5,decisive-20260831-054125,reconciliation-L3-da00ace527d7,reconciliation,3,C_SYSTEM,qwen3.5:9b-q8_0,ollama,307,0,0.6,False,False,0.875,"[""r5""]","[""fault:wrong_value"", ""requirement:r5""]",FAILED,1,0,cand-5ab5f2e112ab,False,0,0,0,0,0,0.00015699997311457992,0,0,0,0,"[""wrong_value""]"
trial-798d422969773dc782,decisive-20260831-054125,reconciliation-L3-da00ace527d7,reconciliation,3,E_RANDOM_AUDITOR,qwen3.5:9b-q8_0,ollama,307,0,0.2,False,False,0.875,"[""r3""]","[""fault:wrong_value"", ""requirement:r3""]",FAILED,1,0,cand-7895486954ba,False,0,0,0,0,0,0.00016880000475794077,0,0,1,0,"[""wrong_value""]"
trial-f7921efa63d5609ab7,decisive-20260831-054125,reconciliation-L3-da00ace527d7,reconciliation,3,E_RANDOM_AUDITOR,qwen3.5:9b-q8_0,ollama,307,0,0.6,False,False,0.875,"[""r5""]","[""fault:wrong_value"", ""requirement:r5""]",FAILED,1,0,cand-5ab5f2e112ab,False,0,0,0,0,0,0.00021020002895966172,0,0,1,0,"[""wrong_value""]"
trial-ba4ea63aa88103e63e,decisive-20260831-054125,reconciliation-L3-da00ace527d7,reconciliation,3,F_ORACLE_AUDITOR,qwen3.5:9b-q8_0,ollama,307,0,0.2,False,False,0.875,"[""r1""]","[""rejected_all""]",REJECTED_ALL,3,3,,False,0,0,0,0,0,0.00042449997272342443,0,3,0,0,"[""unintended_side_effect+forced_requirement_violation"", ""wrong_value""]"
trial-16584e9ebf3da24d9d,decisive-20260831-054125,reconciliation-L4-5189f00b85f2,reconciliation,4,C_SYSTEM,qwen3.5:9b-q8_0,ollama,307,0,0.2,False,False,0.9285714285714286,"[""r8""]","[""fault:wrong_value"", ""requirement:r8""]",FAILED,1,0,cand-a23ac663c978,False,0,0,0,0,0,0.00023440003860741854,0,0,0,0,"[""wrong_value""]"
trial-bd27a1568219336159,decisive-20260831-054125,reconciliation-L4-5189f00b85f2,reconciliation,4,C_SYSTEM,qwen3.5:9b-q8_0,ollama,307,0,0.4,False,True,0.9285714285714286,"[""r14""]","[""fault:omitted_requirement"", ""requirement:r14""]",FAILED,1,0,cand-f23f3512f332,False,0,0,0,0,0,0.00022200000239536166,0,0,0,0,"[""omitted_requirement""]"
trial-2f392266db00611504,decisive-20260831-054125,reconciliation-L4-5189f00b85f2,reconciliation,4,E_RANDOM_AUDITOR,qwen3.5:9b-q8_0,ollama,307,0,0.2,False,False,0.9285714285714286,"[""r8""]","[""fault:wrong_value"", ""requirement:r8""]",FAILED,1,0,cand-a23ac663c978,False,0,0,0,0,0,0.0002894999925047159,0,0,1,0,"[""wrong_value""]"
trial-ba1bc20f6d1569ddf4,decisive-20260831-054125,reconciliation-L4-5189f00b85f2,reconciliation,4,E_RANDOM_AUDITOR,qwen3.5:9b-q8_0,ollama,307,0,0.4,False,False,0.9285714285714286,"[""r10""]","[""fault:omitted_requirement"", ""requirement:r10""]",FAILED,2,1,cand-acb3f11853be,False,0,0,0,0,0,0.00043670000741258264,0,1,1,0,"[""omitted_requirement""]"
trial-d62d49cd0dd9b69112,decisive-20260831-054125,reconciliation-L4-5189f00b85f2,reconciliation,4,F_ORACLE_AUDITOR,qwen3.5:9b-q8_0,ollama,307,0,0.2,False,False,0.9285714285714286,"[""r6""]","[""rejected_all""]",REJECTED_ALL,3,3,,False,0,0,0,0,0,0.0007267000037245452,0,3,0,0,"[""omitted_requirement"", ""wrong_value""]"
trial-fdecfcc8ac3c44c4cd,decisive-20260831-054125,state-L1-d507a23f0ced,state,1,C_SYSTEM,qwen3.5:9b-q8_0,ollama,307,1,0.6,False,False,0.0,"[""r1""]","[""fault:wrong_value"", ""requirement:r1""]",FAILED,1,0,cand-2e14e1252a03,False,0,0,0,0,0,8.229998638853431e-05,0,0,0,0,"[""wrong_value""]"
trial-e3143df5fd677537d7,decisive-20260831-054125,state-L1-d507a23f0ced,state,1,E_RANDOM_AUDITOR,qwen3.5:9b-q8_0,ollama,307,1,0.6,False,False,0.0,"[""r1""]","[""fault:wrong_value"", ""requirement:r1""]",FAILED,1,0,cand-2e14e1252a03,False,0,0,0,0,0,8.640001760795712e-05,0,0,1,0,"[""wrong_value""]"
trial-e7711a7a7a9e6daa15,decisive-20260831-054125,state-L2-55a581f1d2d7,state,2,C_SYSTEM,qwen3.5:9b-q8_0,ollama,307,1,0.2,False,False,0.8,"[""r1""]","[""fault:unintended_side_effect+forced_requirement_violation"", ""requirement:r1""]",FAILED,1,0,cand-6aff9cddf243,False,0,0,0,0,0,0.0001243999577127397,0,0,0,0,"[""unintended_side_effect+forced_requirement_violation""]"
trial-2aa9df22c87434de2a,decisive-20260831-054125,state-L2-55a581f1d2d7,state,2,C_SYSTEM,qwen3.5:9b-q8_0,ollama,307,1,0.4,False,False,0.8,"[""r1""]","[""fault:unintended_side_effect+forced_requirement_violation"", ""requirement:r1""]",FAILED,1,0,cand-c197c76f51d5,False,0,0,0,0,0,0.00012199999764561653,0,0,0,0,"[""unintended_side_effect+forced_requirement_violation""]"
trial-6ad09bba5eac3e6336,decisive-20260831-054125,state-L2-55a581f1d2d7,state,2,E_RANDOM_AUDITOR,qwen3.5:9b-q8_0,ollama,307,1,0.2,False,False,0.8,"[""r1""]","[""fault:unintended_side_effect+forced_requirement_violation"", ""requirement:r1""]",FAILED,1,0,cand-6aff9cddf243,False,0,0,0,0,0,0.00017600000137463212,0,0,1,0,"[""unintended_side_effect+forced_requirement_violation""]"
trial-c8cfd87ff771453906,decisive-20260831-054125,state-L2-55a581f1d2d7,state,2,E_RANDOM_AUDITOR,qwen3.5:9b-q8_0,ollama,307,1,0.4,False,False,0.8,"[""r1""]","[""rejected_all""]",REJECTED_ALL,3,3,,False,0,0,0,0,0,0.00034060003235936165,0,3,0,0,"[""unintended_side_effect+forced_requirement_violation"", ""wrong_value""]"
trial-7cb5de1854bd97b8e8,decisive-20260831-054125,state-L2-55a581f1d2d7,state,2,F_ORACLE_AUDITOR,qwen3.5:9b-q8_0,ollama,307,1,0.2,False,False,0.8,"[""r1""]","[""rejected_all""]",REJECTED_ALL,3,3,,False,0,0,0,0,0,0.00030159996822476387,0,3,0,0,"[""omitted_requirement"", ""unintended_side_effect+forced_requirement_violation"", ""wrong_value""]"
trial-4e7e763ae3395fb4cd,decisive-20260831-054125,state-L2-55a581f1d2d7,state,2,F_ORACLE_AUDITOR,qwen3.5:9b-q8_0,ollama,307,1,0.4,False,False,0.8,"[""r1""]","[""rejected_all""]",REJECTED_ALL,3,3,,False,0,0,0,0,0,0.00030429998878389597,0,3,0,0,"[""unintended_side_effect+forced_requirement_violation"", ""wrong_value""]"
trial-072d3c73cde275da65,decisive-20260831-054125,state-L3-c22bef8f2b0c,state,3,C_SYSTEM,qwen3.5:9b-q8_0,ollama,307,1,0.2,False,False,0.8333333333333334,"[""r4""]","[""fault:wrong_value"", ""requirement:r4""]",FAILED,1,0,cand-6c32fc6fd004,False,0,0,0,0,0,0.00013480003690347075,0,0,0,0,"[""wrong_value""]"
trial-6399e43c3775b353ee,decisive-20260831-054125,state-L3-c22bef8f2b0c,state,3,C_SYSTEM,qwen3.5:9b-q8_0,ollama,307,1,0.4,False,False,0.8333333333333334,"[""r1""]","[""fault:unintended_side_effect+forced_requirement_violation"", ""requirement:r1""]",FAILED,1,0,cand-1f1ceefd44b3,False,0,0,0,0,0,0.00018370000179857016,0,0,0,0,"[""unintended_side_effect+forced_requirement_violation""]"
trial-935ee5ca36e8a2e7cb,decisive-20260831-054125,state-L3-c22bef8f2b0c,state,3,E_RANDOM_AUDITOR,qwen3.5:9b-q8_0,ollama,307,1,0.2,False,False,0.8333333333333334,"[""r4""]","[""fault:wrong_value"", ""requirement:r4""]",FAILED,1,0,cand-6c32fc6fd004,False,0,0,0,0,0,0.0001382000045850873,0,0,1,0,"[""wrong_value""]"
trial-db665757d230cfb070,decisive-20260831-054125,state-L3-c22bef8f2b0c,state,3,E_RANDOM_AUDITOR,qwen3.5:9b-q8_0,ollama,307,1,0.4,False,False,0.8333333333333334,"[""r1""]","[""fault:unintended_side_effect+forced_requirement_violation"", ""requirement:r1""]",FAILED,1,0,cand-1f1ceefd44b3,False,0,0,0,0,0,0.00014780001947656274,0,0,1,0,"[""unintended_side_effect+forced_requirement_violation""]"
trial-6c9889a954f5308fcb,decisive-20260831-054125,state-L3-c22bef8f2b0c,state,3,E_RANDOM_AUDITOR,qwen3.5:9b-q8_0,ollama,307,1,0.6,False,False,0.8333333333333334,"[""r1""]","[""rejected_all""]",REJECTED_ALL,3,3,,False,0,0,0,0,0,0.00030399998649954796,0,1,0,2,"[""unintended_side_effect+forced_requirement_violation""]"
trial-8054e7536f97e93f02,decisive-20260831-054125,state-L3-c22bef8f2b0c,state,3,F_ORACLE_AUDITOR,qwen3.5:9b-q8_0,ollama,307,1,0.2,False,False,0.8333333333333334,"[""r5""]","[""rejected_all""]",REJECTED_ALL,3,3,,False,0,0,0,0,0,0.0003229000139981508,0,3,0,0,"[""omitted_requirement"", ""wrong_value""]"
trial-b181e4f534b83d32e1,decisive-20260831-054125,state-L4-4c64b10db853,state,4,C_SYSTEM,qwen3.5:9b-q8_0,ollama,307,1,0.2,False,False,0.9285714285714286,"[""r5""]","[""fault:wrong_value"", ""requirement:r5""]",FAILED,1,0,cand-f8fb08c3eb6e,False,0,0,0,0,0,0.00020260002929717302,0,0,0,0,"[""wrong_value""]"
trial-dbcde047bcabe53a83,decisive-20260831-054125,state-L4-4c64b10db853,state,4,C_SYSTEM,qwen3.5:9b-q8_0,ollama,307,1,0.4,False,False,0.9285714285714286,"[""r1""]","[""fault:unintended_side_effect+forced_requirement_violation"", ""requirement:r1""]",FAILED,1,0,cand-81a4f7af6551,False,0,0,0,0,0,0.00020629999926313758,0,0,0,0,"[""unintended_side_effect+forced_requirement_violation""]"
trial-cea66842ef8c7fa045,decisive-20260831-054125,state-L4-4c64b10db853,state,4,E_RANDOM_AUDITOR,qwen3.5:9b-q8_0,ollama,307,1,0.2,False,True,0.9285714285714286,"[""r14""]","[""fault:omitted_requirement"", ""requirement:r14""]",FAILED,3,2,cand-f06180b8d97e,False,0,0,0,0,0,0.0005930000334046781,0,2,1,0,"[""omitted_requirement"", ""unintended_side_effect+forced_requirement_violation"", ""wrong_value""]"
trial-d27c676d233540cba1,decisive-20260831-054125,state-L4-4c64b10db853,state,4,E_RANDOM_AUDITOR,qwen3.5:9b-q8_0,ollama,307,1,0.4,False,False,1.0,[],"[""rejected_all""]",REJECTED_ALL,3,3,,False,0,0,0,0,0,0.0005361000075936317,0,2,0,1,"[""unintended_side_effect+forced_requirement_violation"", ""wrong_value""]"
trial-df5654b674645b207e,decisive-20260831-054125,state-L4-4c64b10db853,state,4,F_ORACLE_AUDITOR,qwen3.5:9b-q8_0,ollama,307,1,0.2,False,False,0.9285714285714286,"[""r14""]","[""rejected_all""]",REJECTED_ALL,3,3,,False,0,0,0,0,0,0.0010649000178091228,0,3,0,0,"[""omitted_requirement"", ""unintended_side_effect+forced_requirement_violation"", ""wrong_value""]"
trial-fd27513ae2c250db4d,decisive-20260831-054125,policy-L1-905c39c04dc6,policy,1,C_SYSTEM,qwen3.5:9b-q8_0,ollama,307,1,0.2,False,False,0.5,"[""r1""]","[""fault:unintended_side_effect+forced_requirement_violation"", ""requirement:r1""]",FAILED,1,0,cand-4822b5b22037,False,0,0,0,0,0,0.00011090002954006195,0,0,0,0,"[""unintended_side_effect+forced_requirement_violation""]"
trial-830175d1698e60a744,decisive-20260831-054125,policy-L1-905c39c04dc6,policy,1,C_SYSTEM,qwen3.5:9b-q8_0,ollama,307,1,0.4,False,False,0.5,"[""r1""]","[""fault:unintended_side_effect+forced_requirement_violation"", ""requirement:r1""]",FAILED,1,0,cand-9404e50c4d0e,False,0,0,0,0,0,9.809999028220773e-05,0,0,0,0,"[""unintended_side_effect+forced_requirement_violation""]"
trial-5396dd1b817ac9293f,decisive-20260831-054125,policy-L1-905c39c04dc6,policy,1,C_SYSTEM,qwen3.5:9b-q8_0,ollama,307,1,0.6,False,False,0.5,"[""r1""]","[""fault:wrong_value"", ""requirement:r1""]",FAILED,1,0,cand-a2b93bdf3055,False,0,0,0,0,0,8.710002293810248e-05,0,0,0,0,"[""wrong_value""]"
trial-7a0f9189b5bfc3a749,decisive-20260831-054125,policy-L1-905c39c04dc6,policy,1,E_RANDOM_AUDITOR,qwen3.5:9b-q8_0,ollama,307,1,0.2,False,False,0.5,"[""r1""]","[""fault:unintended_side_effect+forced_requirement_violation"", ""requirement:r1""]",FAILED,1,0,cand-4822b5b22037,False,0,0,0,0,0,0.00010080001084133983,0,0,1,0,"[""unintended_side_effect+forced_requirement_violation""]"
trial-c305874a6c791e45fe,decisive-20260831-054125,policy-L1-905c39c04dc6,policy,1,E_RANDOM_AUDITOR,qwen3.5:9b-q8_0,ollama,307,1,0.4,False,False,0.5,"[""r1""]","[""fault:unintended_side_effect+forced_requirement_violation"", ""requirement:r1""]",FAILED,1,0,cand-9404e50c4d0e,False,0,0,0,0,0,0.00010220002150163054,0,0,1,0,"[""unintended_side_effect+forced_requirement_violation""]"
trial-d56160da24eeaed319,decisive-20260831-054125,policy-L1-905c39c04dc6,policy,1,E_RANDOM_AUDITOR,qwen3.5:9b-q8_0,ollama,307,1,0.6,False,False,0.5,"[""r1""]","[""fault:wrong_value"", ""requirement:r1""]",FAILED,1,0,cand-a2b93bdf3055,False,0,0,0,0,0,8.979998528957367e-05,0,0,1,0,"[""wrong_value""]"
trial-b47c35fd5e53258412,decisive-20260831-054125,policy-L2-fa0183c77929,policy,2,C_SYSTEM,qwen3.5:9b-q8_0,ollama,307,1,0.2,False,False,0.6666666666666666,"[""r1""]","[""fault:unintended_side_effect+forced_requirement_violation"", ""requirement:r1""]",FAILED,1,0,cand-42bdab5e904e,False,0,0,0,0,0,0.0001173000200651586,0,0,0,0,"[""unintended_side_effect+forced_requirement_violation""]"
trial-0f924f957c26693e45,decisive-20260831-054125,policy-L2-fa0183c77929,policy,2,C_SYSTEM,qwen3.5:9b-q8_0,ollama,307,1,0.4,False,True,0.6666666666666666,"[""r2""]","[""fault:forbidden_procedure"", ""requirement:r2""]",FAILED,1,0,cand-a7b948b86dd5,False,0,0,0,0,0,0.00010300002759322524,0,0,0,0,"[""forbidden_procedure""]"
trial-9cc55b2fe7f8f9e3d4,decisive-20260831-054125,policy-L2-fa0183c77929,policy,2,C_SYSTEM,qwen3.5:9b-q8_0,ollama,307,1,0.6,False,False,0.6666666666666666,"[""r3""]","[""fault:ordering_violation"", ""requirement:r3""]",FAILED,1,0,cand-2b2c37855e2d,False,0,0,0,0,0,9.729998419061303e-05,0,0,0,0,"[""ordering_violation""]"
trial-4c38d4cbc28c3851f7,decisive-20260831-054125,policy-L2-fa0183c77929,policy,2,E_RANDOM_AUDITOR,qwen3.5:9b-q8_0,ollama,307,1,0.4,False,False,0.6666666666666666,"[""r3""]","[""fault:ordering_violation"", ""requirement:r3""]",FAILED,2,1,cand-0e14827d1f2a,False,0,0,0,0,0,0.0004256999818608165,0,1,1,0,"[""forbidden_procedure"", ""ordering_violation""]"
trial-2d1c0284c88c3c1881,decisive-20260831-054125,policy-L2-fa0183c77929,policy,2,E_RANDOM_AUDITOR,qwen3.5:9b-q8_0,ollama,307,1,0.6,False,False,0.6666666666666666,"[""r3""]","[""fault:ordering_violation"", ""requirement:r3""]",FAILED,1,0,cand-2b2c37855e2d,False,0,0,0,0,0,0.00010140001541003585,0,0,1,0,"[""ordering_violation""]"
trial-32f946d7567ae85d20,decisive-20260831-054125,policy-L2-fa0183c77929,policy,2,F_ORACLE_AUDITOR,qwen3.5:9b-q8_0,ollama,307,1,0.4,False,False,0.6666666666666666,"[""r1""]","[""rejected_all""]",REJECTED_ALL,3,3,,False,0,0,0,0,0,0.00021950004156678915,0,3,0,0,"[""forbidden_procedure"", ""ordering_violation"", ""unintended_side_effect+forced_requirement_violation""]"
trial-0b9b96c24a8655465c,decisive-20260831-054125,policy-L3-e31dc3309801,policy,3,C_SYSTEM,qwen3.5:9b-q8_0,ollama,307,1,0.2,False,False,0.875,"[""r8""]","[""fault:ordering_violation"", ""requirement:r8""]",FAILED,1,0,cand-1f703fe949ca,False,0,0,0,0,0,0.0001317000132985413,0,0,0,0,"[""ordering_violation""]"
trial-bf3c9ad3c6b84eb575,decisive-20260831-054125,policy-L3-e31dc3309801,policy,3,C_SYSTEM,qwen3.5:9b-q8_0,ollama,307,1,0.6,False,False,0.875,"[""r1""]","[""fault:unintended_side_effect+forced_requirement_violation"", ""requirement:r1""]",FAILED,1,0,cand-979524a475c4,False,0,0,0,0,0,0.00013719999697059393,0,0,0,0,"[""unintended_side_effect+forced_requirement_violation""]"
trial-84f8979cf1a01708fa,decisive-20260831-054125,policy-L3-e31dc3309801,policy,3,E_RANDOM_AUDITOR,qwen3.5:9b-q8_0,ollama,307,1,0.2,False,False,0.875,"[""r8""]","[""fault:ordering_violation"", ""requirement:r8""]",FAILED,1,0,cand-1f703fe949ca,False,0,0,0,0,0,0.00012639997294172645,0,0,1,0,"[""ordering_violation""]"
trial-923750e151170b9b82,decisive-20260831-054125,policy-L3-e31dc3309801,policy,3,E_RANDOM_AUDITOR,qwen3.5:9b-q8_0,ollama,307,1,0.6,False,False,0.875,"[""r1""]","[""fault:unintended_side_effect+forced_requirement_violation"", ""requirement:r1""]",FAILED,1,0,cand-979524a475c4,False,0,0,0,0,0,0.0001338999718427658,0,0,1,0,"[""unintended_side_effect+forced_requirement_violation""]"
trial-929069b25feaa3d6fe,decisive-20260831-054125,policy-L3-e31dc3309801,policy,3,F_ORACLE_AUDITOR,qwen3.5:9b-q8_0,ollama,307,1,0.2,False,False,0.875,"[""r8""]","[""rejected_all""]",REJECTED_ALL,3,3,,False,0,0,0,0,0,0.0003000000142492354,0,3,0,0,"[""forbidden_procedure"", ""ordering_violation""]"
trial-f738c9f434a01e644c,decisive-20260831-054125,policy-L4-619f58a94fb2,policy,4,C_SYSTEM,qwen3.5:9b-q8_0,ollama,307,1,0.2,False,False,0.9230769230769231,"[""r13""]","[""fault:ordering_violation"", ""requirement:r13""]",FAILED,1,0,cand-c3628bc0876b,False,0,0,0,0,0,0.0001446999958716333,0,0,0,0,"[""ordering_violation""]"
trial-ab65fe6e13432a33eb,decisive-20260831-054125,policy-L4-619f58a94fb2,policy,4,C_SYSTEM,qwen3.5:9b-q8_0,ollama,307,1,0.6,False,False,0.9230769230769231,"[""r1""]","[""fault:unintended_side_effect+forced_requirement_violation"", ""requirement:r1""]",FAILED,1,0,cand-d4d2a4e21de1,False,0,0,0,0,0,0.00015140004688873887,0,0,0,0,"[""unintended_side_effect+forced_requirement_violation""]"
trial-b5f9da362e30ff3261,decisive-20260831-054125,policy-L4-619f58a94fb2,policy,4,E_RANDOM_AUDITOR,qwen3.5:9b-q8_0,ollama,307,1,0.2,False,False,0.9230769230769231,"[""r6""]","[""fault:wrong_value"", ""requirement:r6""]",FAILED,2,1,cand-ee6ef22b2d75,False,0,0,0,0,0,0.00027710001450031996,0,1,1,0,"[""ordering_violation"", ""wrong_value""]"
trial-a80e4cd5bd51e8405d,decisive-20260831-054125,policy-L4-619f58a94fb2,policy,4,F_ORACLE_AUDITOR,qwen3.5:9b-q8_0,ollama,307,1,0.2,False,False,0.9230769230769231,"[""r12""]","[""rejected_all""]",REJECTED_ALL,3,3,,False,0,0,0,0,0,0.0003643999807536602,0,3,0,0,"[""forbidden_procedure"", ""ordering_violation"", ""wrong_value""]"
trial-6316447959b461781d,decisive-20260831-054125,reconciliation-L1-bf3e3f523b07,reconciliation,1,C_SYSTEM,qwen3.5:9b-q8_0,ollama,307,1,0.2,False,False,0.0,"[""r1""]","[""fault:unintended_side_effect+forced_requirement_violation"", ""requirement:r1""]",FAILED,1,0,cand-8cf1670df4a7,False,0,0,0,0,0,8.520000847056508e-05,0,0,0,0,"[""unintended_side_effect+forced_requirement_violation""]"
trial-c01073601f2772cece,decisive-20260831-054125,reconciliation-L1-bf3e3f523b07,reconciliation,1,C_SYSTEM,qwen3.5:9b-q8_0,ollama,307,1,0.6,False,False,0.0,"[""r1""]","[""fault:unintended_side_effect+forced_requirement_violation"", ""requirement:r1""]",FAILED,1,0,cand-9b9eb69484f0,False,0,0,0,0,0,8.219998562708497e-05,0,0,0,0,"[""unintended_side_effect+forced_requirement_violation""]"
trial-adef9c534f9f1326ab,decisive-20260831-054125,reconciliation-L1-bf3e3f523b07,reconciliation,1,E_RANDOM_AUDITOR,qwen3.5:9b-q8_0,ollama,307,1,0.2,False,False,0.0,"[""r1""]","[""fault:unintended_side_effect+forced_requirement_violation"", ""requirement:r1""]",FAILED,1,0,cand-8cf1670df4a7,False,0,0,0,0,0,0.00010070001007989049,0,0,1,0,"[""unintended_side_effect+forced_requirement_violation""]"
trial-373441d4772acb5660,decisive-20260831-054125,reconciliation-L1-bf3e3f523b07,reconciliation,1,E_RANDOM_AUDITOR,qwen3.5:9b-q8_0,ollama,307,1,0.6,False,False,0.0,"[""r1""]","[""fault:unintended_side_effect+forced_requirement_violation"", ""requirement:r1""]",FAILED,1,0,cand-9b9eb69484f0,False,0,0,0,0,0,9.23000043258071e-05,0,0,1,0,"[""unintended_side_effect+forced_requirement_violation""]"
trial-21b9327eead4f87488,decisive-20260831-054125,reconciliation-L1-bf3e3f523b07,reconciliation,1,E_RANDOM_AUDITOR,qwen3.5:9b-q8_0,ollama,307,1,0.8,False,False,0.0,"[""r1""]","[""rejected_all""]",REJECTED_ALL,3,3,,False,0,0,0,0,0,0.0001702000154182315,0,1,0,2,"[""unintended_side_effect+forced_requirement_violation""]"
trial-59e55f8101e07ce906,decisive-20260831-054125,reconciliation-L2-58d3b00d1077,reconciliation,2,C_SYSTEM,qwen3.5:9b-q8_0,ollama,307,1,0.4,False,False,0.6666666666666666,"[""r3""]","[""fault:wrong_value"", ""requirement:r3""]",FAILED,1,0,cand-baf5f248ff68,False,0,0,0,0,0,0.000145800004247576,0,0,0,0,"[""wrong_value""]"
trial-0c7d2f7e638ae4afbe,decisive-20260831-054125,reconciliation-L2-58d3b00d1077,reconciliation,2,E_RANDOM_AUDITOR,qwen3.5:9b-q8_0,ollama,307,1,0.2,False,False,0.6666666666666666,"[""r1""]","[""rejected_all""]",REJECTED_ALL,3,3,,False,0,0,0,0,0,0.0002665999927558005,0,1,0,2,"[""wrong_value""]"
trial-f342ad2b916ebef286,decisive-20260831-054125,reconciliation-L2-58d3b00d1077,reconciliation,2,E_RANDOM_AUDITOR,qwen3.5:9b-q8_0,ollama,307,1,0.4,False,False,0.6666666666666666,"[""r3""]","[""fault:wrong_value"", ""requirement:r3""]",FAILED,1,0,cand-baf5f248ff68,False,0,0,0,0,0,0.00011819996871054173,0,0,1,0,"[""wrong_value""]"
trial-092064f4676983eb38,decisive-20260831-054125,reconciliation-L2-58d3b00d1077,reconciliation,2,F_ORACLE_AUDITOR,qwen3.5:9b-q8_0,ollama,307,1,0.4,False,False,0.6666666666666666,"[""r1""]","[""rejected_all""]",REJECTED_ALL,3,3,,False,0,0,0,0,0,0.0002516000531613827,0,3,0,0,"[""omitted_requirement"", ""wrong_value""]"
trial-955fb81780a874c25e,decisive-20260831-054125,reconciliation-L3-b6d506fe4055,reconciliation,3,C_SYSTEM,qwen3.5:9b-q8_0,ollama,307,1,0.2,False,False,0.875,"[""r2""]","[""fault:wrong_value"", ""requirement:r2""]",FAILED,1,0,cand-b3b35dafad65,False,0,0,0,0,0,0.00016500003403052688,0,0,0,0,"[""wrong_value""]"
trial-4463d4641654b3275b,decisive-20260831-054125,reconciliation-L3-b6d506fe4055,reconciliation,3,C_SYSTEM,qwen3.5:9b-q8_0,ollama,307,1,0.6,False,False,0.875,"[""r1""]","[""fault:wrong_value"", ""requirement:r1""]",FAILED,1,0,cand-2cf5ff2b3f2e,False,0,0,0,0,0,0.00017369998386129737,0,0,0,0,"[""wrong_value""]"
trial-c35093565bae79f9c3,decisive-20260831-054125,reconciliation-L3-b6d506fe4055,reconciliation,3,E_RANDOM_AUDITOR,qwen3.5:9b-q8_0,ollama,307,1,0.2,False,False,0.875,"[""r1""]","[""fault:unintended_side_effect+forced_requirement_violation"", ""requirement:r1""]",FAILED,3,2,cand-f6d5d85a2b48,False,0,0,0,0,0,0.0004490999854169786,0,2,1,0,"[""unintended_side_effect+forced_requirement_violation"", ""wrong_value""]"
trial-848a72f476deb49caf,decisive-20260831-054125,reconciliation-L3-b6d506fe4055,reconciliation,3,E_RANDOM_AUDITOR,qwen3.5:9b-q8_0,ollama,307,1,0.6,False,False,0.875,"[""r7""]","[""fault:wrong_value"", ""requirement:r7""]",FAILED,3,2,cand-35e77c5aa1a7,False,0,0,0,0,0,0.0004879999905824661,0,1,1,1,"[""wrong_value""]"
trial-dd7b3b86e12422af8e,decisive-20260831-054125,reconciliation-L3-b6d506fe4055,reconciliation,3,E_RANDOM_AUDITOR,qwen3.5:9b-q8_0,ollama,307,1,0.95,False,False,1.0,[],"[""rejected_all""]",REJECTED_ALL,3,3,,False,0,0,0,0,0,0.00035230000503361225,0,0,0,3,[]
trial-e8ae70b6014a32e178,decisive-20260831-054125,reconciliation-L3-b6d506fe4055,reconciliation,3,F_ORACLE_AUDITOR,qwen3.5:9b-q8_0,ollama,307,1,0.2,False,False,0.875,"[""r1""]","[""rejected_all""]",REJECTED_ALL,3,3,,False,0,0,0,0,0,0.0004328000359237194,0,3,0,0,"[""unintended_side_effect+forced_requirement_violation"", ""wrong_value""]"
trial-3aa0adb6d5d09f62fd,decisive-20260831-054125,reconciliation-L4-ed7c858aa4c6,reconciliation,4,C_SYSTEM,qwen3.5:9b-q8_0,ollama,307,1,0.2,False,False,0.9,"[""r8""]","[""fault:wrong_value"", ""requirement:r8""]",FAILED,1,0,cand-4d13f3c4d510,False,0,0,0,0,0,0.00036429997999221087,0,0,0,0,"[""wrong_value""]"
trial-5b89ec91c1dc2a2d33,decisive-20260831-054125,reconciliation-L4-ed7c858aa4c6,reconciliation,4,C_SYSTEM,qwen3.5:9b-q8_0,ollama,307,1,0.4,False,False,0.9,"[""r6""]","[""fault:omitted_requirement"", ""requirement:r6""]",FAILED,1,0,cand-3cd0da24e9fc,False,0,0,0,0,0,0.000325299974065274,0,0,0,0,"[""omitted_requirement""]"
trial-1fb439f86bdeaa755e,decisive-20260831-054125,reconciliation-L4-ed7c858aa4c6,reconciliation,4,C_SYSTEM,qwen3.5:9b-q8_0,ollama,307,1,0.6,False,False,0.9,"[""r1""]","[""fault:unintended_side_effect+forced_requirement_violation"", ""requirement:r1""]",FAILED,1,0,cand-922264c3ace2,False,0,0,0,0,0,0.00022280000848695636,0,0,0,0,"[""unintended_side_effect+forced_requirement_violation""]"
trial-6c4aa96eeaceccfdaa,decisive-20260831-054125,reconciliation-L4-ed7c858aa4c6,reconciliation,4,E_RANDOM_AUDITOR,qwen3.5:9b-q8_0,ollama,307,1,0.2,False,False,0.9,"[""r8""]","[""fault:wrong_value"", ""requirement:r8""]",FAILED,1,0,cand-4d13f3c4d510,False,0,0,0,0,0,0.0002449000021442771,0,0,1,0,"[""wrong_value""]"
trial-c447b4078e2e25715b,decisive-20260831-054125,reconciliation-L4-ed7c858aa4c6,reconciliation,4,E_RANDOM_AUDITOR,qwen3.5:9b-q8_0,ollama,307,1,0.6,False,False,0.9,"[""r3""]","[""fault:wrong_value"", ""requirement:r3""]",FAILED,2,1,cand-9fc8e4c2b635,False,0,0,0,0,0,0.0005293999565765262,0,1,1,0,"[""unintended_side_effect+forced_requirement_violation"", ""wrong_value""]"
trial-b60654f19579818b42,decisive-20260831-054125,reconciliation-L4-ed7c858aa4c6,reconciliation,4,F_ORACLE_AUDITOR,qwen3.5:9b-q8_0,ollama,307,1,0.2,False,False,0.9,"[""r6""]","[""rejected_all""]",REJECTED_ALL,3,3,,False,0,0,0,0,0,0.0006305000279098749,0,3,0,0,"[""wrong_value""]"
trial-c73caba16e397fcf95,decisive-20260831-054125,reconciliation-L4-ed7c858aa4c6,reconciliation,4,F_ORACLE_AUDITOR,qwen3.5:9b-q8_0,ollama,307,1,0.6,False,False,0.9,"[""r2""]","[""rejected_all""]",REJECTED_ALL,3,3,,False,0,0,0,0,0,0.00047639996046200395,0,3,0,0,"[""unintended_side_effect+forced_requirement_violation"", ""wrong_value""]"
trial-7d4eb4cad6a7acbe5e,decisive-20260831-054125,state-L1-6e35f848ee06,state,1,C_SYSTEM,qwen3.5:9b-q8_0,ollama,307,2,0.4,False,False,0.5,"[""r2""]","[""fault:wrong_value"", ""requirement:r2""]",FAILED,1,0,cand-e407e9a5d5fe,False,0,0,0,0,0,8.809997234493494e-05,0,0,0,0,"[""wrong_value""]"
trial-2662845a79819acbc8,decisive-20260831-054125,state-L1-6e35f848ee06,state,1,C_SYSTEM,qwen3.5:9b-q8_0,ollama,307,2,0.6,False,False,0.5,"[""r1""]","[""fault:omitted_requirement"", ""requirement:r1""]",FAILED,1,0,cand-6238d6099596,False,0,0,0,0,0,8.099997648969293e-05,0,0,0,0,"[""omitted_requirement""]"
trial-bc8c82c58f49a25263,decisive-20260831-054125,state-L1-6e35f848ee06,state,1,C_SYSTEM,qwen3.5:9b-q8_0,ollama,307,2,0.8,False,False,0.5,"[""r1""]","[""fault:wrong_value"", ""requirement:r1""]",FAILED,1,0,cand-5280dbf808fe,False,0,0,0,0,0,8.420000085607171e-05,0,0,0,0,"[""wrong_value""]"
trial-d4033aaee251c4aba9,decisive-20260831-054125,state-L1-6e35f848ee06,state,1,E_RANDOM_AUDITOR,qwen3.5:9b-q8_0,ollama,307,2,0.2,False,False,0.5,"[""r2""]","[""fault:wrong_value"", ""requirement:r2""]",FAILED,2,1,cand-6f67d5235b4a,False,0,0,0,0,0,0.00014070002362132072,0,0,1,1,"[""wrong_value""]"
trial-696b0466a284bea339,decisive-20260831-054125,state-L1-6e35f848ee06,state,1,E_RANDOM_AUDITOR,qwen3.5:9b-q8_0,ollama,307,2,0.4,False,False,0.5,"[""r2""]","[""fault:wrong_value"", ""requirement:r2""]",FAILED,1,0,cand-e407e9a5d5fe,False,0,0,0,0,0,9.139999747276306e-05,0,0,1,0,"[""wrong_value""]"
trial-060c9db7a8438f8f66,decisive-20260831-054125,state-L1-6e35f848ee06,state,1,E_RANDOM_AUDITOR,qwen3.5:9b-q8_0,ollama,307,2,0.6,False,False,0.5,"[""r1""]","[""fault:omitted_requirement"", ""requirement:r1""]",FAILED,1,0,cand-6238d6099596,False,0,0,0,0,0,8.670001989230514e-05,0,0,1,0,"[""omitted_requirement""]"
trial-8973657e5d625ece0d,decisive-20260831-054125,state-L1-6e35f848ee06,state,1,E_RANDOM_AUDITOR,qwen3.5:9b-q8_0,ollama,307,2,0.95,False,False,1.0,[],"[""rejected_all""]",REJECTED_ALL,3,3,,False,0,0,0,0,0,0.00016980001237243414,0,0,0,3,[]
trial-2fafa3e0a65e5d76c6,decisive-20260831-054125,state-L1-6e35f848ee06,state,1,F_ORACLE_AUDITOR,qwen3.5:9b-q8_0,ollama,307,2,0.4,False,False,0.5,"[""r1""]","[""rejected_all""]",REJECTED_ALL,3,3,,False,0,0,0,0,0,0.00021609995746985078,0,3,0,0,"[""unintended_side_effect+forced_requirement_violation"", ""wrong_value""]"
trial-cc6faacf1ed8f2191d,decisive-20260831-054125,state-L2-0db65cf5d5b4,state,2,C_SYSTEM,qwen3.5:9b-q8_0,ollama,307,2,0.2,False,False,0.8,"[""r1""]","[""fault:unintended_side_effect+forced_requirement_violation"", ""requirement:r1""]",FAILED,1,0,cand-a7432e3a229e,False,0,0,0,0,0,0.00020760000916197896,0,0,0,0,"[""unintended_side_effect+forced_requirement_violation""]"
trial-bf4163d291e9db47ca,decisive-20260831-054125,state-L2-0db65cf5d5b4,state,2,C_SYSTEM,qwen3.5:9b-q8_0,ollama,307,2,0.4,False,False,0.8,"[""r1""]","[""fault:omitted_requirement"", ""requirement:r1""]",FAILED,1,0,cand-f626fddf2662,False,0,0,0,0,0,0.00015849998453631997,0,0,0,0,"[""omitted_requirement""]"
trial-4eac3b0dea7d28863c,decisive-20260831-054125,state-L2-0db65cf5d5b4,state,2,C_SYSTEM,qwen3.5:9b-q8_0,ollama,307,2,0.6,False,False,0.8,"[""r2""]","[""fault:wrong_value"", ""requirement:r2""]",FAILED,1,0,cand-ab2fe4182c7b,False,0,0,0,0,0,0.0001802999759092927,0,0,0,0,"[""wrong_value""]"
trial-c62cfaba624fdd5c7a,decisive-20260831-054125,state-L2-0db65cf5d5b4,state,2,E_RANDOM_AUDITOR,qwen3.5:9b-q8_0,ollama,307,2,0.2,False,False,0.8,"[""r1""]","[""fault:unintended_side_effect+forced_requirement_violation"", ""requirement:r1""]",FAILED,1,0,cand-a7432e3a229e,False,0,0,0,0,0,0.00019480002811178565,0,0,1,0,"[""unintended_side_effect+forced_requirement_violation""]"
trial-9c85142e368ba12cb9,decisive-20260831-054125,state-L2-0db65cf5d5b4,state,2,E_RANDOM_AUDITOR,qwen3.5:9b-q8_0,ollama,307,2,0.4,False,False,0.8,"[""r1""]","[""fault:omitted_requirement"", ""requirement:r1""]",FAILED,1,0,cand-f626fddf2662,False,0,0,0,0,0,0.00012989999959245324,0,0,1,0,"[""omitted_requirement""]"
trial-d41da0327ce4a083f1,decisive-20260831-054125,state-L2-0db65cf5d5b4,state,2,F_ORACLE_AUDITOR,qwen3.5:9b-q8_0,ollama,307,2,0.2,False,False,0.8,"[""r1""]","[""rejected_all""]",REJECTED_ALL,3,3,,False,0,0,0,0,0,0.00030889996560290456,0,3,0,0,"[""omitted_requirement"", ""unintended_side_effect+forced_requirement_violation""]"
trial-3b4b2946890224eefb,decisive-20260831-054125,state-L3-2bd9ce44c642,state,3,C_SYSTEM,qwen3.5:9b-q8_0,ollama,307,2,0.2,False,False,0.8888888888888888,"[""r1""]","[""fault:unintended_side_effect+forced_requirement_violation"", ""requirement:r1""]",FAILED,1,0,cand-a8734ec4717a,False,0,0,0,0,0,0.0001596000511199236,0,0,0,0,"[""unintended_side_effect+forced_requirement_violation""]"
trial-8bbd663fc02a3efb03,decisive-20260831-054125,state-L3-2bd9ce44c642,state,3,C_SYSTEM,qwen3.5:9b-q8_0,ollama,307,2,0.6,False,False,0.8888888888888888,"[""r2""]","[""fault:wrong_value"", ""requirement:r2""]",FAILED,1,0,cand-9e70c0c87711,False,0,0,0,0,0,0.0001569000305607915,0,0,0,0,"[""wrong_value""]"
trial-711f7fc4a7d635362d,decisive-20260831-054125,state-L3-2bd9ce44c642,state,3,E_RANDOM_AUDITOR,qwen3.5:9b-q8_0,ollama,307,2,0.2,False,False,0.8888888888888888,"[""r2""]","[""fault:omitted_requirement"", ""requirement:r2""]",FAILED,2,1,cand-539d14d4c704,False,0,0,0,0,0,0.000291300006210804,0,1,1,0,"[""omitted_requirement"", ""unintended_side_effect+forced_requirement_violation""]"
trial-e6bfdfecc7c7f768fb,decisive-20260831-054125,state-L3-2bd9ce44c642,state,3,E_RANDOM_AUDITOR,qwen3.5:9b-q8_0,ollama,307,2,0.6,False,False,0.8888888888888888,"[""r2""]","[""fault:wrong_value"", ""requirement:r2""]",FAILED,1,0,cand-9e70c0c87711,False,0,0,0,0,0,0.00016340002184733748,0,0,1,0,"[""wrong_value""]"
trial-d5fd53a7f0ce8a8075,decisive-20260831-054125,state-L3-2bd9ce44c642,state,3,F_ORACLE_AUDITOR,qwen3.5:9b-q8_0,ollama,307,2,0.2,False,False,0.8888888888888888,"[""r8""]","[""rejected_all""]",REJECTED_ALL,3,3,,False,0,0,0,0,0,0.00039629999082535505,0,3,0,0,"[""omitted_requirement"", ""unintended_side_effect+forced_requirement_violation""]"
trial-e6462e4bbfccf68f49,decisive-20260831-054125,state-L3-2bd9ce44c642,state,3,F_ORACLE_AUDITOR,qwen3.5:9b-q8_0,ollama,307,2,0.6,False,False,0.8888888888888888,"[""r3""]","[""rejected_all""]",REJECTED_ALL,3,3,,False,0,0,0,0,0,0.00040710001485422254,0,3,0,0,"[""wrong_value""]"
trial-c02b8f51d8473665e2,decisive-20260831-054125,state-L4-0a848e65bd3b,state,4,C_SYSTEM,qwen3.5:9b-q8_0,ollama,307,2,0.2,False,False,0.9230769230769231,"[""r2""]","[""fault:wrong_value"", ""requirement:r2""]",FAILED,1,0,cand-c6cd52d10211,False,0,0,0,0,0,0.00020269997185096145,0,0,0,0,"[""wrong_value""]"
trial-06d54c160cba83bd42,decisive-20260831-054125,state-L4-0a848e65bd3b,state,4,C_SYSTEM,qwen3.5:9b-q8_0,ollama,307,2,0.8,False,False,0.9230769230769231,"[""r1""]","[""fault:omitted_requirement"", ""requirement:r1""]",FAILED,1,0,cand-43ae6ca5ec44,False,0,0,0,0,0,0.0001981999957934022,0,0,0,0,"[""omitted_requirement""]"
trial-51e703875353dd0fb6,decisive-20260831-054125,state-L4-0a848e65bd3b,state,4,E_RANDOM_AUDITOR,qwen3.5:9b-q8_0,ollama,307,2,0.8,False,False,0.9230769230769231,"[""r1""]","[""rejected_all""]",REJECTED_ALL,3,3,,False,0,0,0,0,0,0.0004710000357590616,0,2,0,1,"[""omitted_requirement"", ""unintended_side_effect+forced_requirement_violation""]"
trial-8d69921c18ae0cba1b,decisive-20260831-054125,policy-L1-7ebd66386f82,policy,1,C_SYSTEM,qwen3.5:9b-q8_0,ollama,307,2,0.2,False,False,0.5,"[""r1""]","[""fault:ordering_violation+forced_requirement_violation"", ""requirement:r1""]",FAILED,1,0,cand-9e183418f022,False,0,0,0,0,0,8.319999324157834e-05,0,0,0,0,"[""ordering_violation+forced_requirement_violation""]"
trial-ce9156711b81372299,decisive-20260831-054125,policy-L1-7ebd66386f82,policy,1,C_SYSTEM,qwen3.5:9b-q8_0,ollama,307,2,0.4,False,False,0.5,"[""r1""]","[""fault:unintended_side_effect+forced_requirement_violation"", ""requirement:r1""]",FAILED,1,0,cand-81c55ee969c5,False,0,0,0,0,0,8.569995407015085e-05,0,0,0,0,"[""unintended_side_effect+forced_requirement_violation""]"
trial-8b2a7e7610c2b65e34,decisive-20260831-054125,policy-L1-7ebd66386f82,policy,1,E_RANDOM_AUDITOR,qwen3.5:9b-q8_0,ollama,307,2,0.2,False,False,0.5,"[""r1""]","[""fault:unintended_side_effect+forced_requirement_violation"", ""requirement:r1""]",FAILED,2,1,cand-d39be185de32,False,0,0,0,0,0,0.00020159996347501874,0,1,1,0,"[""ordering_violation+forced_requirement_violation"", ""unintended_side_effect+forced_requirement_violation""]"
trial-94dbf53bf14647ea79,decisive-20260831-054125,policy-L1-7ebd66386f82,policy,1,E_RANDOM_AUDITOR,qwen3.5:9b-q8_0,ollama,307,2,0.4,False,False,0.5,"[""r1""]","[""fault:unintended_side_effect+forced_requirement_violation"", ""requirement:r1""]",FAILED,1,0,cand-81c55ee969c5,False,0,0,0,0,0,0.00010190001921728253,0,0,1,0,"[""unintended_side_effect+forced_requirement_violation""]"
trial-985122c8affe50669e,decisive-20260831-054125,policy-L1-7ebd66386f82,policy,1,E_RANDOM_AUDITOR,qwen3.5:9b-q8_0,ollama,307,2,0.6,False,False,1.0,[],"[""rejected_all""]",REJECTED_ALL,3,3,,False,0,0,0,0,0,0.00015550001990050077,0,0,0,3,[]
trial-861b8e02aca1be0624,decisive-20260831-054125,policy-L1-7ebd66386f82,policy,1,F_ORACLE_AUDITOR,qwen3.5:9b-q8_0,ollama,307,2,0.2,False,False,0.5,"[""r1""]","[""rejected_all""]",REJECTED_ALL,3,3,,False,0,0,0,0,0,0.00020710000535473228,0,3,0,0,"[""forbidden_procedure+forced_requirement_violation"", ""ordering_violation+forced_requirement_violation"", ""unintended_side_effect+forced_requirement_violation""]"
trial-42b0fcc02c452e26a9,decisive-20260831-054125,policy-L2-f322961349dd,policy,2,C_SYSTEM,qwen3.5:9b-q8_0,ollama,307,2,0.2,False,True,0.6666666666666666,"[""r2""]","[""fault:forbidden_procedure"", ""requirement:r2""]",FAILED,1,0,cand-70910a2be664,False,0,0,0,0,0,0.00014859996736049652,0,0,0,0,"[""forbidden_procedure""]"
trial-dc1ffae4bc5a09fd64,decisive-20260831-054125,policy-L2-f322961349dd,policy,2,C_SYSTEM,qwen3.5:9b-q8_0,ollama,307,2,0.8,False,False,0.6666666666666666,"[""r3""]","[""fault:omitted_requirement"", ""requirement:r3""]",FAILED,1,0,cand-973c62496b62,False,0,0,0,0,0,0.00012060004519298673,0,0,0,0,"[""omitted_requirement""]"
trial-2ff122adf1021557a7,decisive-20260831-054125,policy-L2-f322961349dd,policy,2,E_RANDOM_AUDITOR,qwen3.5:9b-q8_0,ollama,307,2,0.2,False,True,0.6666666666666666,"[""r2""]","[""fault:forbidden_procedure"", ""requirement:r2""]",FAILED,1,0,cand-70910a2be664,False,0,0,0,0,0,0.000105600047390908,0,0,1,0,"[""forbidden_procedure""]"
trial-7d8c4a9068155af21a,decisive-20260831-054125,policy-L2-f322961349dd,policy,2,E_RANDOM_AUDITOR,qwen3.5:9b-q8_0,ollama,307,2,0.8,False,False,1.0,[],"[""rejected_all""]",REJECTED_ALL,3,3,,False,0,0,0,0,0,0.00021539995213970542,0,1,0,2,"[""omitted_requirement""]"
trial-350c715aaf53da0082,decisive-20260831-054125,policy-L3-865b26832e8d,policy,3,C_SYSTEM,qwen3.5:9b-q8_0,ollama,307,2,0.2,False,False,0.8888888888888888,"[""r5""]","[""fault:omitted_requirement"", ""requirement:r5""]",FAILED,1,0,cand-aa2605edfbc4,False,0,0,0,0,0,0.00012079998850822449,0,0,0,0,"[""omitted_requirement""]"
trial-2cbd01b837a51a6520,decisive-20260831-054125,policy-L3-865b26832e8d,policy,3,C_SYSTEM,qwen3.5:9b-q8_0,ollama,307,2,0.4,False,False,0.8888888888888888,"[""r9""]","[""fault:ordering_violation"", ""requirement:r9""]",FAILED,1,0,cand-8b843fd8431b,False,0,0,0,0,0,0.00017689995002001524,0,0,0,0,"[""ordering_violation""]"
trial-0f09078579f7f0710b,decisive-20260831-054125,policy-L3-865b26832e8d,policy,3,C_SYSTEM,qwen3.5:9b-q8_0,ollama,307,2,0.6,False,True,0.8888888888888888,"[""r8""]","[""fault:forbidden_procedure"", ""requirement:r8""]",FAILED,1,0,cand-5950439268a8,False,0,0,0,0,0,0.00012250000145286322,0,0,0,0,"[""forbidden_procedure""]"
trial-c72cd1ca1ac925c629,decisive-20260831-054125,policy-L3-865b26832e8d,policy,3,E_RANDOM_AUDITOR,qwen3.5:9b-q8_0,ollama,307,2,0.2,False,False,0.8888888888888888,"[""r5""]","[""fault:omitted_requirement"", ""requirement:r5""]",FAILED,1,0,cand-aa2605edfbc4,False,0,0,0,0,0,0.0001254999660886824,0,0,1,0,"[""omitted_requirement""]"
trial-917c2747d1f81322d6,decisive-20260831-054125,policy-L3-865b26832e8d,policy,3,E_RANDOM_AUDITOR,qwen3.5:9b-q8_0,ollama,307,2,0.4,False,False,0.8888888888888888,"[""r9""]","[""rejected_all""]",REJECTED_ALL,3,3,,False,0,0,0,0,0,0.0003136000013910234,0,3,0,0,"[""ordering_violation"", ""unintended_side_effect+forced_requirement_violation""]"
trial-0f4f5b787ee0138e44,decisive-20260831-054125,policy-L3-865b26832e8d,policy,3,F_ORACLE_AUDITOR,qwen3.5:9b-q8_0,ollama,307,2,0.2,False,False,0.8888888888888888,"[""r9""]","[""rejected_all""]",REJECTED_ALL,3,3,,False,0,0,0,0,0,0.00029229995561763644,0,3,0,0,"[""omitted_requirement"", ""ordering_violation"", ""wrong_value""]"
trial-4ca48e5dc6c599f843,decisive-20260831-054125,policy-L3-865b26832e8d,policy,3,F_ORACLE_AUDITOR,qwen3.5:9b-q8_0,ollama,307,2,0.4,False,False,0.8888888888888888,"[""r9""]","[""rejected_all""]",REJECTED_ALL,3,3,,False,0,0,0,0,0,0.00029779999749735,0,3,0,0,"[""ordering_violation"", ""unintended_side_effect+forced_requirement_violation""]"
trial-74f0040f3b125206af,decisive-20260831-054125,policy-L4-926a506ef47e,policy,4,C_SYSTEM,qwen3.5:9b-q8_0,ollama,307,2,0.4,False,False,0.9166666666666666,"[""r9""]","[""fault:omitted_requirement"", ""requirement:r9""]",FAILED,1,0,cand-704e91ef39f0,False,0,0,0,0,0,0.00013560004299506545,0,0,0,0,"[""omitted_requirement""]"
trial-406859abecdaf7b09e,decisive-20260831-054125,policy-L4-926a506ef47e,policy,4,C_SYSTEM,qwen3.5:9b-q8_0,ollama,307,2,0.95,False,True,0.9166666666666666,"[""r11""]","[""fault:forbidden_procedure"", ""requirement:r11""]",FAILED,1,0,cand-cba91f10fcd5,False,0,0,0,0,0,0.00015269999857991934,0,0,0,0,"[""forbidden_procedure""]"
trial-9177d581ad7db2b500,decisive-20260831-054125,policy-L4-926a506ef47e,policy,4,E_RANDOM_AUDITOR,qwen3.5:9b-q8_0,ollama,307,2,0.2,False,False,0.9166666666666666,"[""r1""]","[""fault:unintended_side_effect+forced_requirement_violation"", ""requirement:r1""]",FAILED,2,1,cand-445a7477f770,False,0,0,0,0,0,0.0002503999858163297,0,0,1,1,"[""unintended_side_effect+forced_requirement_violation""]"
trial-6108a1693f851d70d0,decisive-20260831-054125,policy-L4-926a506ef47e,policy,4,E_RANDOM_AUDITOR,qwen3.5:9b-q8_0,ollama,307,2,0.4,False,False,0.9166666666666666,"[""r9""]","[""fault:omitted_requirement"", ""requirement:r9""]",FAILED,1,0,cand-704e91ef39f0,False,0,0,0,0,0,0.00021279999054968357,0,0,1,0,"[""omitted_requirement""]"
trial-8f1f2d15f5f36fc372,decisive-20260831-054125,policy-L4-926a506ef47e,policy,4,E_RANDOM_AUDITOR,qwen3.5:9b-q8_0,ollama,307,2,0.6,False,True,0.9166666666666666,"[""r11""]","[""fault:forbidden_procedure"", ""requirement:r11""]",FAILED,2,1,cand-c7ecc26b8249,False,0,0,0,0,0,0.00032300001475960016,0,0,1,1,"[""forbidden_procedure""]"
trial-9ee3b5dcd0b42f7a5d,decisive-20260831-054125,policy-L4-926a506ef47e,policy,4,E_RANDOM_AUDITOR,qwen3.5:9b-q8_0,ollama,307,2,0.95,False,False,1.0,[],"[""rejected_all""]",REJECTED_ALL,3,3,,False,0,0,0,0,0,0.0003905000048689544,0,2,0,1,"[""forbidden_procedure"", ""omitted_requirement""]"
trial-9051d532c5d153b4b8,decisive-20260831-054125,policy-L4-926a506ef47e,policy,4,F_ORACLE_AUDITOR,qwen3.5:9b-q8_0,ollama,307,2,0.4,False,False,0.9166666666666666,"[""r11""]","[""rejected_all""]",REJECTED_ALL,3,3,,False,0,0,0,0,0,0.0004585999995470047,0,3,0,0,"[""forbidden_procedure"", ""omitted_requirement"", ""ordering_violation""]"
trial-f29aa99cc3bc4ca895,decisive-20260831-054125,reconciliation-L1-654cfc704c18,reconciliation,1,C_SYSTEM,qwen3.5:9b-q8_0,ollama,307,2,0.2,False,False,0.5,"[""r1""]","[""fault:wrong_value"", ""requirement:r1""]",FAILED,1,0,cand-35b63020f7db,False,0,0,0,0,0,0.0001425000373274088,0,0,0,0,"[""wrong_value""]"
trial-d1c4f29fd3b25d3ee7,decisive-20260831-054125,reconciliation-L1-654cfc704c18,reconciliation,1,C_SYSTEM,qwen3.5:9b-q8_0,ollama,307,2,0.6,False,False,0.5,"[""r2""]","[""fault:omitted_requirement"", ""requirement:r2""]",FAILED,1,0,cand-4f0daef5b427,False,0,0,0,0,0,0.00014969997573643923,0,0,0,0,"[""omitted_requirement""]"
trial-0729371c1de577f0be,decisive-20260831-054125,reconciliation-L1-654cfc704c18,reconciliation,1,E_RANDOM_AUDITOR,qwen3.5:9b-q8_0,ollama,307,2,0.2,False,False,0.5,"[""r1""]","[""fault:unintended_side_effect+forced_requirement_violation"", ""requirement:r1""]",FAILED,3,2,cand-355f9c8e48b7,False,0,0,0,0,0,0.0002514999941922724,0,2,1,0,"[""unintended_side_effect+forced_requirement_violation"", ""wrong_value""]"
trial-453a474596121e0e60,decisive-20260831-054125,reconciliation-L1-654cfc704c18,reconciliation,1,E_RANDOM_AUDITOR,qwen3.5:9b-q8_0,ollama,307,2,0.4,False,False,0.5,"[""r2""]","[""fault:omitted_requirement"", ""requirement:r2""]",FAILED,3,2,cand-9859d5cb78f3,False,0,0,0,0,0,0.00020240002777427435,0,0,1,2,"[""omitted_requirement""]"
trial-b4fd7f58e5bd989a65,decisive-20260831-054125,reconciliation-L1-654cfc704c18,reconciliation,1,E_RANDOM_AUDITOR,qwen3.5:9b-q8_0,ollama,307,2,0.6,False,False,0.5,"[""r2""]","[""fault:omitted_requirement"", ""requirement:r2""]",FAILED,1,0,cand-4f0daef5b427,False,0,0,0,0,0,9.99000039882958e-05,0,0,1,0,"[""omitted_requirement""]"
trial-3cc5ab6155d2471cb6,decisive-20260831-054125,reconciliation-L1-654cfc704c18,reconciliation,1,F_ORACLE_AUDITOR,qwen3.5:9b-q8_0,ollama,307,2,0.2,False,False,0.5,"[""r1""]","[""rejected_all""]",REJECTED_ALL,3,3,,False,0,0,0,0,0,0.0003313000197522342,0,3,0,0,"[""unintended_side_effect+forced_requirement_violation"", ""wrong_value""]"
trial-97b5ddff8d469edeb8,decisive-20260831-054125,reconciliation-L2-5b4717572d74,reconciliation,2,C_SYSTEM,qwen3.5:9b-q8_0,ollama,307,2,0.2,False,False,0.8,"[""r1""]","[""fault:omitted_requirement"", ""requirement:r1""]",FAILED,1,0,cand-ae461e0be341,False,0,0,0,0,0,0.0001453000004403293,0,0,0,0,"[""omitted_requirement""]"
trial-d86b4ad9474424e5ea,decisive-20260831-054125,reconciliation-L2-5b4717572d74,reconciliation,2,E_RANDOM_AUDITOR,qwen3.5:9b-q8_0,ollama,307,2,0.2,False,False,0.8,"[""r1""]","[""fault:omitted_requirement"", ""requirement:r1""]",FAILED,1,0,cand-ae461e0be341,False,0,0,0,0,0,0.00013209995813667774,0,0,1,0,"[""omitted_requirement""]"
trial-cb4693be3d1702f84b,decisive-20260831-054125,reconciliation-L3-94485d62da1e,reconciliation,3,C_SYSTEM,qwen3.5:9b-q8_0,ollama,307,2,0.2,False,False,0.8888888888888888,"[""r1""]","[""fault:unintended_side_effect+forced_requirement_violation"", ""requirement:r1""]",FAILED,1,0,cand-f4d8cf862add,False,0,0,0,0,0,0.0001846000086516142,0,0,0,0,"[""unintended_side_effect+forced_requirement_violation""]"
trial-c677a2988e605a917f,decisive-20260831-054125,reconciliation-L3-94485d62da1e,reconciliation,3,C_SYSTEM,qwen3.5:9b-q8_0,ollama,307,2,0.4,False,False,0.8888888888888888,"[""r6""]","[""fault:wrong_value"", ""requirement:r6""]",FAILED,1,0,cand-cd90557c1e34,False,0,0,0,0,0,0.0001897999900393188,0,0,0,0,"[""wrong_value""]"
trial-a3b8991e137875fe40,decisive-20260831-054125,reconciliation-L3-94485d62da1e,reconciliation,3,C_SYSTEM,qwen3.5:9b-q8_0,ollama,307,2,0.6,False,False,0.8888888888888888,"[""r7""]","[""fault:omitted_requirement"", ""requirement:r7""]",FAILED,1,0,cand-e142feb8b960,False,0,0,0,0,0,0.00017229997320100665,0,0,0,0,"[""omitted_requirement""]"
trial-f5fdb1fdbfebc39b80,decisive-20260831-054125,reconciliation-L3-94485d62da1e,reconciliation,3,E_RANDOM_AUDITOR,qwen3.5:9b-q8_0,ollama,307,2,0.4,False,False,0.8888888888888888,"[""r4""]","[""fault:wrong_value"", ""requirement:r4""]",FAILED,3,2,cand-5c25d4096a9a,False,0,0,0,0,0,0.0005987000185996294,0,2,1,0,"[""omitted_requirement"", ""wrong_value""]"
trial-483d9b6786e6a1b1fa,decisive-20260831-054125,reconciliation-L3-94485d62da1e,reconciliation,3,E_RANDOM_AUDITOR,qwen3.5:9b-q8_0,ollama,307,2,0.6,False,False,0.8888888888888888,"[""r7""]","[""fault:omitted_requirement"", ""requirement:r7""]",FAILED,1,0,cand-e142feb8b960,False,0,0,0,0,0,0.0001852000132203102,0,0,1,0,"[""omitted_requirement""]"
trial-1a92d69f42170ae9a6,decisive-20260831-054125,reconciliation-L3-94485d62da1e,reconciliation,3,F_ORACLE_AUDITOR,qwen3.5:9b-q8_0,ollama,307,2,0.4,False,False,0.8888888888888888,"[""r4""]","[""rejected_all""]",REJECTED_ALL,3,3,,False,0,0,0,0,0,0.00044650002382695675,0,3,0,0,"[""omitted_requirement"", ""wrong_value""]"
trial-8085457d3e407bf679,decisive-20260831-054125,reconciliation-L4-144a74219401,reconciliation,4,C_SYSTEM,qwen3.5:9b-q8_0,ollama,307,2,0.2,False,True,0.9333333333333333,"[""r15""]","[""fault:omitted_requirement"", ""requirement:r15""]",FAILED,1,0,cand-ef597e303896,False,0,0,0,0,0,0.00024180003674700856,0,0,0,0,"[""omitted_requirement""]"
trial-fafbe775af9387ce61,decisive-20260831-054125,reconciliation-L4-144a74219401,reconciliation,4,C_SYSTEM,qwen3.5:9b-q8_0,ollama,307,2,0.8,False,False,0.9333333333333333,"[""r13""]","[""fault:omitted_requirement"", ""requirement:r13""]",FAILED,1,0,cand-a60cd346fd73,False,0,0,0,0,0,0.0002442999975755811,0,0,0,0,"[""omitted_requirement""]"
trial-8b9dd818821867e7a2,decisive-20260831-054125,reconciliation-L4-144a74219401,reconciliation,4,C_SYSTEM,qwen3.5:9b-q8_0,ollama,307,2,0.95,False,False,0.9333333333333333,"[""r1""]","[""fault:unintended_side_effect+forced_requirement_violation"", ""requirement:r1""]",FAILED,1,0,cand-3fcde22a415d,False,0,0,0,0,0,0.00024880003184080124,0,0,0,0,"[""unintended_side_effect+forced_requirement_violation""]"
trial-bb37f59d6494b58db1,decisive-20260831-054125,reconciliation-L4-144a74219401,reconciliation,4,E_RANDOM_AUDITOR,qwen3.5:9b-q8_0,ollama,307,2,0.2,False,True,0.9333333333333333,"[""r15""]","[""fault:omitted_requirement"", ""requirement:r15""]",FAILED,1,0,cand-ef597e303896,False,0,0,0,0,0,0.0002471000188961625,0,0,1,0,"[""omitted_requirement""]"
trial-f837d16d2d0dd8b270,decisive-20260831-054125,reconciliation-L4-144a74219401,reconciliation,4,E_RANDOM_AUDITOR,qwen3.5:9b-q8_0,ollama,307,2,0.6,False,False,0.9333333333333333,"[""r1""]","[""fault:unintended_side_effect+forced_requirement_violation"", ""requirement:r1""]",FAILED,3,2,cand-fac4161f2e9d,False,0,0,0,0,0,0.000660700025036931,0,1,1,1,"[""omitted_requirement"", ""unintended_side_effect+forced_requirement_violation""]"
trial-62b32928d99b6361a2,decisive-20260831-054125,reconciliation-L4-144a74219401,reconciliation,4,E_RANDOM_AUDITOR,qwen3.5:9b-q8_0,ollama,307,2,0.8,False,False,0.9333333333333333,"[""r13""]","[""fault:omitted_requirement"", ""requirement:r13""]",FAILED,1,0,cand-a60cd346fd73,False,0,0,0,0,0,0.00025720003759488463,0,0,1,0,"[""omitted_requirement""]"
trial-a03d1dfbad20282aab,decisive-20260831-054125,reconciliation-L4-144a74219401,reconciliation,4,E_RANDOM_AUDITOR,qwen3.5:9b-q8_0,ollama,307,2,0.95,False,False,0.9333333333333333,"[""r1""]","[""fault:unintended_side_effect+forced_requirement_violation"", ""requirement:r1""]",FAILED,1,0,cand-3fcde22a415d,False,0,0,0,0,0,0.00025040004402399063,0,0,1,0,"[""unintended_side_effect+forced_requirement_violation""]"
trial-55e3111ee2ad8ac78a,decisive-20260831-054125,state-L1-62de1f71ff4a,state,1,D_INVERTED,qwen3.5:9b-q8_0,ollama,307,0,0.2,False,False,0.5,"[""r2""]","[""rejected_all""]",REJECTED_ALL,3,3,,False,959,164,0,1123,3.8171421999577433,3.817907999968156,0,3,0,0,"[""omitted_requirement"", ""unintended_side_effect+forced_requirement_violation""]"
trial-201be4ed16d712e1d1,decisive-20260831-054125,state-L3-55658ecfe109,state,3,D_INVERTED,qwen3.5:9b-q8_0,ollama,307,0,0.2,False,False,0.8333333333333334,"[""r1""]","[""fault:omitted_requirement"", ""requirement:r1""]",FAILED,1,0,cand-ab1dd5f1282d,False,642,62,0,704,1.5315425000153482,1.5318402999546379,0,0,1,0,"[""omitted_requirement""]"
trial-715903ba8741392548,decisive-20260831-054125,state-L4-db6a2f6f3347,state,4,D_INVERTED,qwen3.5:9b-q8_0,ollama,307,0,0.2,False,False,0.9285714285714286,"[""r1""]","[""fault:omitted_requirement"", ""requirement:r1""]",FAILED,1,0,cand-7f5b4689c8f8,False,1363,62,0,1425,1.7035939999623224,1.7040900000138208,0,0,1,0,"[""omitted_requirement""]"
trial-0a5f9f36bf5451a4cb,decisive-20260831-054125,policy-L2-dda935b22d3a,policy,2,D_INVERTED,qwen3.5:9b-q8_0,ollama,307,0,0.2,False,False,0.3333333333333333,"[""r1"", ""r3""]","[""rejected_all""]",REJECTED_ALL,3,3,,False,1063,229,0,1292,5.179997299914248,5.180770899984054,0,3,0,0,"[""forbidden_procedure"", ""omitted_requirement"", ""ordering_violation""]"
trial-ffd73ab79d4eb75695,decisive-20260831-054125,policy-L3-acd02f42634a,policy,3,A_DIRECT,qwen3.5:9b-q8_0,ollama,307,0,0.2,False,False,0.875,"[""r8""]","[""requirement:r8""]",FAILED,1,0,trial-ffd73ab79d4eb75695-direct-0,False,510,89,0,599,2.009038500022143,2.009307899978012,0,0,0,0,[]
trial-d2c0c121af4fd96bcf,decisive-20260831-054125,policy-L3-acd02f42634a,policy,3,D_INVERTED,qwen3.5:9b-q8_0,ollama,307,0,0.4,False,False,0.875,"[""r8""]","[""fault:ordering_violation"", ""requirement:r8""]",FAILED,1,0,cand-5fb4d7c67b1e,False,721,61,0,782,1.5206583999679424,1.5209988999995403,0,0,1,0,"[""ordering_violation""]"
trial-ed967406a5273a7e7c,decisive-20260831-054125,policy-L3-acd02f42634a,policy,3,D_INVERTED,qwen3.5:9b-q8_0,ollama,307,0,0.6,False,False,0.875,"[""r8""]","[""fault:ordering_violation"", ""requirement:r8""]",FAILED,2,1,cand-cc1ccca7f49f,False,1501,319,0,1820,7.141321600007359,7.142014499986544,0,1,1,0,"[""ordering_violation"", ""unintended_side_effect+forced_requirement_violation""]"
trial-39f189a374addedcf7,decisive-20260831-054125,policy-L4-68adb95688d4,policy,4,A_DIRECT,qwen3.5:9b-q8_0,ollama,307,0,0.2,False,False,0.9,"[""r10""]","[""requirement:r10""]",FAILED,1,0,trial-39f189a374addedcf7-direct-0,False,607,117,0,724,2.6504116999567486,2.6506924999994226,0,0,0,0,[]
trial-3a49dff5f88840f77e,decisive-20260831-054125,reconciliation-L2-7b0c1b5e4fc3,reconciliation,2,D_INVERTED,qwen3.5:9b-q8_0,ollama,307,0,0.2,False,False,0.75,"[""r4""]","[""rejected_all""]",REJECTED_ALL,3,3,,False,2037,216,0,2253,5.052643199975137,5.053584599983878,0,3,0,0,"[""omitted_requirement"", ""wrong_value""]"
trial-badd7d9d46a25c1389,decisive-20260831-054125,reconciliation-L3-da00ace527d7,reconciliation,3,D_INVERTED,qwen3.5:9b-q8_0,ollama,307,0,0.2,False,False,0.875,"[""r1""]","[""rejected_all""]",REJECTED_ALL,3,3,,False,3815,168,0,3983,4.791256400058046,4.792465599952266,0,3,0,0,"[""unintended_side_effect+forced_requirement_violation"", ""wrong_value""]"
trial-98e461f5114e989554,decisive-20260831-054125,reconciliation-L4-5189f00b85f2,reconciliation,4,D_INVERTED,qwen3.5:9b-q8_0,ollama,307,0,0.2,False,False,0.0,[],"[""budget_exhausted""]",BUDGET_EXHAUSTED,2,1,,True,4284,93,0,4377,3.1262352999765426,3.1270494000054896,0,1,0,0,"[""wrong_value""]"
trial-ac58c2ad70a2acbb6b,decisive-20260831-054125,reconciliation-L4-5189f00b85f2,reconciliation,4,D_INVERTED,qwen3.5:9b-q8_0,ollama,307,0,0.4,False,False,0.0,[],"[""budget_exhausted""]",BUDGET_EXHAUSTED,2,1,,True,4233,209,0,4442,5.479312800045591,5.480112299963366,0,1,0,0,"[""omitted_requirement""]"
trial-23f9e1d0fbcca185c5,decisive-20260831-054125,state-L2-55a581f1d2d7,state,2,D_INVERTED,qwen3.5:9b-q8_0,ollama,307,1,0.2,False,False,0.8,"[""r1""]","[""fault:omitted_requirement"", ""requirement:r1""]",FAILED,3,2,cand-540a4cf2e9e9,False,1773,168,0,1941,4.17074060003506,4.171709700021893,0,2,1,0,"[""omitted_requirement"", ""unintended_side_effect+forced_requirement_violation"", ""wrong_value""]"
trial-f0e3d44c25d691529c,decisive-20260831-054125,state-L2-55a581f1d2d7,state,2,D_INVERTED,qwen3.5:9b-q8_0,ollama,307,1,0.4,False,False,0.8,"[""r1""]","[""rejected_all""]",REJECTED_ALL,3,3,,False,1850,172,0,2022,4.114423899969552,4.115361400006805,0,3,0,0,"[""unintended_side_effect+forced_requirement_violation"", ""wrong_value""]"
trial-fef5bac6d946877861,decisive-20260831-054125,state-L3-c22bef8f2b0c,state,3,D_INVERTED,qwen3.5:9b-q8_0,ollama,307,1,0.2,False,False,0.8333333333333334,"[""r5""]","[""rejected_all""]",REJECTED_ALL,3,3,,False,1948,169,0,2117,4.239810900005978,4.2407358000054955,0,3,0,0,"[""omitted_requirement"", ""wrong_value""]"
trial-d25eb0459e7efb7a8d,decisive-20260831-054125,state-L4-4c64b10db853,state,4,D_INVERTED,qwen3.5:9b-q8_0,ollama,307,1,0.2,False,False,0.0,[],"[""budget_exhausted""]",BUDGET_EXHAUSTED,3,2,,True,4193,216,0,4409,5.683472099946812,5.684745400038082,0,2,0,0,"[""unintended_side_effect+forced_requirement_violation"", ""wrong_value""]"
trial-e2896a3d52e03cbb1d,decisive-20260831-054125,state-L4-4c64b10db853,state,4,D_INVERTED,qwen3.5:9b-q8_0,ollama,307,1,0.4,False,False,0.0,[],"[""budget_exhausted""]",BUDGET_EXHAUSTED,3,2,,True,4215,208,0,4423,5.199702799960505,5.200926000019535,0,2,0,0,"[""unintended_side_effect+forced_requirement_violation"", ""wrong_value""]"
trial-d10098e6a39c86156f,decisive-20260831-054125,policy-L2-fa0183c77929,policy,2,D_INVERTED,qwen3.5:9b-q8_0,ollama,307,1,0.4,False,False,0.6666666666666666,"[""r1""]","[""rejected_all""]",REJECTED_ALL,3,3,,False,1144,399,0,1543,8.697983500023838,8.698766199988313,0,3,0,0,"[""forbidden_procedure"", ""ordering_violation"", ""unintended_side_effect+forced_requirement_violation""]"
trial-934cc463664c58b32f,decisive-20260831-054125,policy-L3-e31dc3309801,policy,3,A_DIRECT,qwen3.5:9b-q8_0,ollama,307,1,0.2,False,False,0.875,"[""r8""]","[""requirement:r8""]",FAILED,1,0,trial-934cc463664c58b32f-direct-0,False,510,89,0,599,2.030836099991575,2.0311030999873765,0,0,0,0,[]
trial-d49f44a559d5289b7e,decisive-20260831-054125,policy-L3-e31dc3309801,policy,3,D_INVERTED,qwen3.5:9b-q8_0,ollama,307,1,0.2,False,False,0.875,"[""r8""]","[""fault:ordering_violation"", ""requirement:r8""]",FAILED,1,0,cand-1f703fe949ca,False,721,61,0,782,1.5106016999925487,1.5109166000038385,0,0,1,0,"[""ordering_violation""]"
trial-2de67e94559209239e,decisive-20260831-054125,policy-L4-619f58a94fb2,policy,4,A_DIRECT,qwen3.5:9b-q8_0,ollama,307,1,0.2,False,False,0.9230769230769231,"[""r13""]","[""requirement:r13""]",FAILED,1,0,trial-2de67e94559209239e-direct-0,False,760,160,0,920,3.531766600033734,3.532039600017015,0,0,0,0,[]
trial-b87790b6469ddeda06,decisive-20260831-054125,policy-L4-619f58a94fb2,policy,4,B_DIRECT_CHECKED,qwen3.5:9b-q8_0,ollama,307,1,0.2,False,False,0.0,[],[],REJECTED_ALL,3,3,,False,2308,480,0,2788,10.207213400048204,10.207803900004365,0,0,0,0,[]
trial-2cdb135d2ea0a449ec,decisive-20260831-054125,policy-L4-619f58a94fb2,policy,4,D_INVERTED,qwen3.5:9b-q8_0,ollama,307,1,0.2,False,False,0.9230769230769231,"[""r13""]","[""fault:ordering_violation"", ""requirement:r13""]",FAILED,1,0,cand-c3628bc0876b,False,1100,65,0,1165,1.690601299982518,1.6910130999749526,0,0,1,0,"[""ordering_violation""]"
trial-81c4731daf92553198,decisive-20260831-054125,reconciliation-L1-bf3e3f523b07,reconciliation,1,D_INVERTED,qwen3.5:9b-q8_0,ollama,307,1,0.2,False,False,0.0,"[""r1""]","[""fault:omitted_requirement"", ""requirement:r1""]",FAILED,2,1,cand-3c0a99c8c041,False,578,123,0,701,2.8284619000623934,2.8289776000310667,0,1,1,0,"[""omitted_requirement"", ""unintended_side_effect+forced_requirement_violation""]"
trial-6ad0f3d378573bcb32,decisive-20260831-054125,reconciliation-L2-58d3b00d1077,reconciliation,2,D_INVERTED,qwen3.5:9b-q8_0,ollama,307,1,0.4,False,False,0.6666666666666666,"[""r1""]","[""fault:omitted_requirement"", ""requirement:r1""]",FAILED,3,2,cand-e4b91119f32d,False,1655,181,0,1836,4.356268599978648,4.357203500054311,0,2,1,0,"[""omitted_requirement"", ""wrong_value""]"
trial-8882834734100c9d1f,decisive-20260831-054125,reconciliation-L3-b6d506fe4055,reconciliation,3,D_INVERTED,qwen3.5:9b-q8_0,ollama,307,1,0.2,False,False,0.0,[],"[""budget_exhausted""]",BUDGET_EXHAUSTED,3,2,,True,3910,241,0,4151,6.0746916999924,6.0757853999966756,0,2,0,0,"[""unintended_side_effect+forced_requirement_violation"", ""wrong_value""]"
trial-831fc3cadb6f4d7d02,decisive-20260831-054125,reconciliation-L4-ed7c858aa4c6,reconciliation,4,D_INVERTED,qwen3.5:9b-q8_0,ollama,307,1,0.2,False,False,0.0,[],"[""budget_exhausted""]",BUDGET_EXHAUSTED,3,2,,True,4624,134,0,4758,4.077213199983817,4.078408700006548,0,2,0,0,"[""wrong_value""]"
trial-19e54b7043b9b861eb,decisive-20260831-054125,reconciliation-L4-ed7c858aa4c6,reconciliation,4,D_INVERTED,qwen3.5:9b-q8_0,ollama,307,1,0.4,False,False,0.0,[],"[""budget_exhausted""]",BUDGET_EXHAUSTED,3,2,,True,4574,218,0,4792,5.8601222999277525,5.861357800022233,0,2,0,0,"[""omitted_requirement""]"
trial-508d90c789f874e13d,decisive-20260831-054125,reconciliation-L4-ed7c858aa4c6,reconciliation,4,D_INVERTED,qwen3.5:9b-q8_0,ollama,307,1,0.6,False,False,0.0,[],"[""budget_exhausted""]",BUDGET_EXHAUSTED,3,2,,True,4673,173,0,4846,4.903368100058287,4.904435900039971,0,2,0,0,"[""unintended_side_effect+forced_requirement_violation"", ""wrong_value""]"
trial-2295c1cdcf759a511b,decisive-20260831-054125,state-L1-6e35f848ee06,state,1,D_INVERTED,qwen3.5:9b-q8_0,ollama,307,2,0.4,False,False,0.5,"[""r1""]","[""rejected_all""]",REJECTED_ALL,3,3,,False,1065,182,0,1247,4.097083300061058,4.0978771999944,0,3,0,0,"[""unintended_side_effect+forced_requirement_violation"", ""wrong_value""]"
trial-5200f649c25484fa64,decisive-20260831-054125,state-L2-0db65cf5d5b4,state,2,D_INVERTED,qwen3.5:9b-q8_0,ollama,307,2,0.2,False,False,0.8,"[""r1""]","[""rejected_all""]",REJECTED_ALL,3,3,,False,1819,202,0,2021,4.725971299980301,4.726948999974411,0,3,0,0,"[""omitted_requirement"", ""unintended_side_effect+forced_requirement_violation""]"
trial-6afe81d525677190ef,decisive-20260831-054125,state-L3-2bd9ce44c642,state,3,D_INVERTED,qwen3.5:9b-q8_0,ollama,307,2,0.2,False,False,0.8888888888888888,"[""r8""]","[""rejected_all""]",REJECTED_ALL,3,3,,False,2786,189,0,2975,4.764959899941459,4.766119299980346,0,3,0,0,"[""omitted_requirement"", ""unintended_side_effect+forced_requirement_violation""]"
trial-591c5f1ac1240e9695,decisive-20260831-054125,state-L3-2bd9ce44c642,state,3,D_INVERTED,qwen3.5:9b-q8_0,ollama,307,2,0.6,False,False,0.8888888888888888,"[""r3""]","[""rejected_all""]",REJECTED_ALL,3,3,,False,2784,116,0,2900,3.2500795999658294,3.251254499948118,0,3,0,0,"[""wrong_value""]"
trial-906b859ea612377dc7,decisive-20260831-054125,state-L4-0a848e65bd3b,state,4,D_INVERTED,qwen3.5:9b-q8_0,ollama,307,2,0.8,False,False,0.9230769230769231,"[""r1""]","[""fault:omitted_requirement"", ""requirement:r1""]",FAILED,1,0,cand-43ae6ca5ec44,False,1271,44,0,1315,1.283321499999147,1.2837796999956481,0,0,1,0,"[""omitted_requirement""]"
trial-db59b3fd82f0cf49e9,decisive-20260831-054125,policy-L1-7ebd66386f82,policy,1,D_INVERTED,qwen3.5:9b-q8_0,ollama,307,2,0.2,False,False,0.5,"[""r1""]","[""rejected_all""]",REJECTED_ALL,3,3,,False,996,229,0,1225,5.15980819996912,5.160603899974376,0,3,0,0,"[""forbidden_procedure+forced_requirement_violation"", ""ordering_violation+forced_requirement_violation"", ""unintended_side_effect+forced_requirement_violation""]"
trial-90f84a44955e0a7bcb,decisive-20260831-054125,policy-L3-865b26832e8d,policy,3,A_DIRECT,qwen3.5:9b-q8_0,ollama,307,2,0.2,False,False,0.8888888888888888,"[""r9""]","[""requirement:r9""]",FAILED,1,0,trial-90f84a44955e0a7bcb-direct-0,False,560,103,0,663,2.337412499997299,2.3376989999669604,0,0,0,0,[]
trial-1c740f066db7b0b772,decisive-20260831-054125,policy-L3-865b26832e8d,policy,3,D_INVERTED,qwen3.5:9b-q8_0,ollama,307,2,0.2,False,False,0.8888888888888888,"[""r9""]","[""rejected_all""]",REJECTED_ALL,3,3,,False,2369,179,0,2548,4.478953099926002,4.480000799987465,0,3,0,0,"[""omitted_requirement"", ""ordering_violation"", ""wrong_value""]"
trial-84ea1b035dc5759744,decisive-20260831-054125,policy-L3-865b26832e8d,policy,3,D_INVERTED,qwen3.5:9b-q8_0,ollama,307,2,0.4,False,False,0.8888888888888888,"[""r9""]","[""rejected_all""]",REJECTED_ALL,3,3,,False,2447,280,0,2727,6.187806999951135,6.188905599992722,0,3,0,0,"[""ordering_violation"", ""unintended_side_effect+forced_requirement_violation""]"
trial-2ee7b832afd0ea8af4,decisive-20260831-054125,policy-L4-926a506ef47e,policy,4,A_DIRECT,qwen3.5:9b-q8_0,ollama,307,2,0.2,False,False,0.9166666666666666,"[""r12""]","[""requirement:r12""]",FAILED,1,0,trial-2ee7b832afd0ea8af4-direct-0,False,708,145,0,853,3.222142399987206,3.2224394000368193,0,0,0,0,[]
trial-d6323b6f3af013154e,decisive-20260831-054125,policy-L4-926a506ef47e,policy,4,D_INVERTED,qwen3.5:9b-q8_0,ollama,307,2,0.4,False,False,0.9166666666666666,"[""r12""]","[""fault:ordering_violation"", ""requirement:r12""]",FAILED,2,1,cand-68c942a8b9e5,False,2023,140,0,2163,3.4960658999625593,3.4967694000224583,0,1,1,0,"[""omitted_requirement"", ""ordering_violation""]"
trial-9f78d312f7d7e682d4,decisive-20260831-054125,reconciliation-L1-654cfc704c18,reconciliation,1,D_INVERTED,qwen3.5:9b-q8_0,ollama,307,2,0.2,False,False,0.5,"[""r1""]","[""rejected_all""]",REJECTED_ALL,3,3,,False,1339,182,0,1521,4.118867599987425,4.119775199971627,0,3,0,0,"[""unintended_side_effect+forced_requirement_violation"", ""wrong_value""]"
trial-2e13c7b09499954895,decisive-20260831-054125,reconciliation-L1-654cfc704c18,reconciliation,1,D_INVERTED,qwen3.5:9b-q8_0,ollama,307,2,0.6,False,False,0.5,"[""r2""]","[""fault:omitted_requirement"", ""requirement:r2""]",FAILED,1,0,cand-4f0daef5b427,False,388,47,0,435,1.1251523999962956,1.1254610000178218,0,0,1,0,"[""omitted_requirement""]"
trial-958faae2d20ddd445b,decisive-20260831-054125,reconciliation-L2-5b4717572d74,reconciliation,2,D_INVERTED,qwen3.5:9b-q8_0,ollama,307,2,0.2,False,False,0.8,"[""r1""]","[""fault:omitted_requirement"", ""requirement:r1""]",FAILED,1,0,cand-ae461e0be341,False,817,92,0,909,2.152070600015577,2.152391500014346,0,0,1,0,"[""omitted_requirement""]"
trial-840ef4672d9445eb72,decisive-20260831-054125,reconciliation-L3-94485d62da1e,reconciliation,3,D_INVERTED,qwen3.5:9b-q8_0,ollama,307,2,0.4,False,False,0.0,[],"[""budget_exhausted""]",BUDGET_EXHAUSTED,3,2,,True,4192,189,0,4381,5.075954900006764,5.07709249999607,0,2,0,0,"[""omitted_requirement"", ""wrong_value""]"
trial-a03610008b1908106a,decisive-20260831-054125,reconciliation-L4-144a74219401,reconciliation,4,D_INVERTED,qwen3.5:9b-q8_0,ollama,307,2,0.2,False,False,0.0,[],"[""budget_exhausted""]",BUDGET_EXHAUSTED,2,1,,True,4584,137,0,4721,3.9912729000207037,3.9922266000066884,0,1,0,0,"[""omitted_requirement""]"
trial-205cee95efab95c897,decisive-20260831-054125,reconciliation-L4-144a74219401,reconciliation,4,D_INVERTED,qwen3.5:9b-q8_0,ollama,307,2,0.8,False,False,0.0,[],"[""budget_exhausted""]",BUDGET_EXHAUSTED,2,1,,True,4586,147,0,4733,3.7320738999987952,3.732930599944666,0,1,0,0,"[""omitted_requirement""]"
trial-be8364a34da69ef455,decisive-20260831-054125,reconciliation-L4-144a74219401,reconciliation,4,D_INVERTED,qwen3.5:9b-q8_0,ollama,307,2,0.95,False,False,0.0,[],"[""budget_exhausted""]",BUDGET_EXHAUSTED,2,1,,True,4665,209,0,4874,5.098054300004151,5.099114400043618,0,1,0,0,"[""unintended_side_effect+forced_requirement_violation""]"
trial-67094065c718932449,decisive-20260831-054125,state-L1-62de1f71ff4a,state,1,D_INVERTED,llama3.1:8b,ollama,307,0,0.2,False,False,0.5,"[""r2""]","[""fault:omitted_requirement"", ""requirement:r2""]",FAILED,1,0,cand-be0ed3abde72,False,290,34,0,324,0.45396170002641156,0.45423670002492145,0,0,1,0,"[""omitted_requirement""]"
trial-9943f7b76474dd42ba,decisive-20260831-054125,state-L3-55658ecfe109,state,3,D_INVERTED,llama3.1:8b,ollama,307,0,0.2,False,False,0.8333333333333334,"[""r1""]","[""fault:omitted_requirement"", ""requirement:r1""]",FAILED,1,0,cand-ab1dd5f1282d,False,635,34,0,669,0.5162045999895781,0.5165369999594986,0,0,1,0,"[""omitted_requirement""]"
trial-c2d3c8a9ca56f481be,decisive-20260831-054125,state-L3-55658ecfe109,state,3,D_INVERTED,llama3.1:8b,ollama,307,0,0.4,False,False,0.8333333333333334,"[""r4""]","[""fault:omitted_requirement"", ""requirement:r4""]",FAILED,1,0,cand-9efb14c9f9bd,False,635,34,0,669,0.5433094999752939,0.5437275000149384,0,0,1,0,"[""omitted_requirement""]"
trial-dbc62235d5dced202f,decisive-20260831-054125,state-L4-db6a2f6f3347,state,4,D_INVERTED,llama3.1:8b,ollama,307,0,0.2,False,False,0.9285714285714286,"[""r1""]","[""fault:omitted_requirement"", ""requirement:r1""]",FAILED,1,0,cand-7f5b4689c8f8,False,1334,13,0,1347,0.45562889997381717,0.4561302999500185,0,0,1,0,"[""omitted_requirement""]"
trial-b1468225e28a0077d4,decisive-20260831-054125,policy-L1-7d6d65f63b90,policy,1,D_INVERTED,llama3.1:8b,ollama,307,0,0.4,False,False,0.0,"[""r1""]","[""fault:wrong_value"", ""requirement:r1""]",FAILED,2,1,cand-813dc345ced4,False,507,69,0,576,0.916250400012359,0.9167384000029415,0,1,1,0,"[""ordering_violation+forced_requirement_violation"", ""wrong_value""]"
trial-7f29f5b97af6bbc595,decisive-20260831-054125,policy-L2-dda935b22d3a,policy,2,D_INVERTED,llama3.1:8b,ollama,307,0,0.2,False,True,0.6666666666666666,"[""r2""]","[""fault:forbidden_procedure"", ""requirement:r2""]",FAILED,1,0,cand-54d2b233ca94,False,365,34,0,399,0.46811869996599853,0.46837829996366054,0,0,1,0,"[""forbidden_procedure""]"
trial-65bdeb9b9b49a5368d,decisive-20260831-054125,policy-L3-acd02f42634a,policy,3,D_INVERTED,llama3.1:8b,ollama,307,0,0.4,False,False,0.875,"[""r8""]","[""fault:ordering_violation"", ""requirement:r8""]",FAILED,1,0,cand-5fb4d7c67b1e,False,715,34,0,749,0.5500485000084154,0.5504940999671817,0,0,1,0,"[""ordering_violation""]"
trial-ce02c457e272a573ce,decisive-20260831-054125,policy-L3-acd02f42634a,policy,3,D_INVERTED,llama3.1:8b,ollama,307,0,0.6,False,False,0.875,"[""r8""]","[""fault:ordering_violation"", ""requirement:r8""]",FAILED,2,1,cand-cc1ccca7f49f,False,1489,107,0,1596,1.4654344999580644,1.4661184000433423,0,1,1,0,"[""ordering_violation"", ""unintended_side_effect+forced_requirement_violation""]"
trial-24b5f0657f72cd78bf,decisive-20260831-054125,policy-L4-68adb95688d4,policy,4,D_INVERTED,llama3.1:8b,ollama,307,0,0.2,False,False,0.9,"[""r6""]","[""fault:wrong_value"", ""requirement:r6""]",FAILED,1,0,cand-e9c126fd0bf9,False,861,34,0,895,0.5815087000373751,0.5818390999920666,0,0,1,0,"[""wrong_value""]"
trial-366dd351ed1ba56520,decisive-20260831-054125,reconciliation-L1-29e957cfb6ce,reconciliation,1,D_INVERTED,llama3.1:8b,ollama,307,0,0.2,False,False,0.5,"[""r2""]","[""fault:omitted_requirement"", ""requirement:r2""]",FAILED,1,0,cand-8eee4c1d32dd,False,358,34,0,392,0.4849213000270538,0.48518329998478293,0,0,1,0,"[""omitted_requirement""]"
trial-9796f7256f2fcc3728,decisive-20260831-054125,reconciliation-L2-7b0c1b5e4fc3,reconciliation,2,D_INVERTED,llama3.1:8b,ollama,307,0,0.2,False,False,0.75,"[""r4""]","[""fault:omitted_requirement"", ""requirement:r4""]",FAILED,2,1,cand-d635361a4688,False,1253,86,0,1339,1.2642832000274211,1.2648785000201315,0,1,1,0,"[""omitted_requirement"", ""wrong_value""]"
trial-d2fdd4ec677d8018f8,decisive-20260831-054125,reconciliation-L3-da00ace527d7,reconciliation,3,D_INVERTED,llama3.1:8b,ollama,307,0,0.2,False,False,0.875,"[""r2""]","[""fault:wrong_value"", ""requirement:r2""]",FAILED,2,1,cand-6d816f06936b,False,2274,57,0,2331,1.154994199925568,1.1558190999785438,0,1,1,0,"[""wrong_value""]"
trial-1878a375513fededb2,decisive-20260831-054125,reconciliation-L3-da00ace527d7,reconciliation,3,D_INVERTED,llama3.1:8b,ollama,307,0,0.4,False,False,0.875,"[""r7""]","[""fault:omitted_requirement"", ""requirement:r7""]",FAILED,2,1,cand-8aeabf1ba194,False,2249,62,0,2311,1.208531700016465,1.2093727000174113,0,1,1,0,"[""omitted_requirement"", ""wrong_value""]"
trial-6f085c3256c26d3c17,decisive-20260831-054125,reconciliation-L3-da00ace527d7,reconciliation,3,D_INVERTED,llama3.1:8b,ollama,307,0,0.6,False,False,0.875,"[""r5""]","[""fault:omitted_requirement"", ""requirement:r5""]",FAILED,2,1,cand-aa6cb6f4f1ee,False,2249,62,0,2311,1.018211100017652,1.0190672000171617,0,1,1,0,"[""omitted_requirement"", ""wrong_value""]"
trial-8793e7beb006c3912b,decisive-20260831-054125,reconciliation-L4-5189f00b85f2,reconciliation,4,D_INVERTED,llama3.1:8b,ollama,307,0,0.2,False,False,0.0,[],"[""budget_exhausted""]",BUDGET_EXHAUSTED,3,2,,True,5663,157,0,5820,2.958532999968156,2.9599568999838084,0,2,0,0,"[""wrong_value""]"
trial-87229cb28c008cef1c,decisive-20260831-054125,reconciliation-L4-5189f00b85f2,reconciliation,4,D_INVERTED,llama3.1:8b,ollama,307,0,0.4,False,True,0.9285714285714286,"[""r14""]","[""fault:omitted_requirement"", ""requirement:r14""]",FAILED,1,0,cand-f23f3512f332,False,1871,34,0,1905,0.7982782999752089,0.7988511000294238,0,0,1,0,"[""omitted_requirement""]"
trial-14d5bfb1d0f8a24d04,decisive-20260831-054125,state-L2-55a581f1d2d7,state,2,D_INVERTED,llama3.1:8b,ollama,307,1,0.2,False,False,0.8,"[""r1""]","[""fault:omitted_requirement"", ""requirement:r1""]",FAILED,3,2,cand-540a4cf2e9e9,False,1758,119,0,1877,1.7528469000244513,1.7538223000010476,0,2,1,0,"[""omitted_requirement"", ""unintended_side_effect+forced_requirement_violation"", ""wrong_value""]"
trial-40aa998c964a45bc05,decisive-20260831-054125,state-L2-55a581f1d2d7,state,2,D_INVERTED,llama3.1:8b,ollama,307,1,0.4,False,False,0.8,"[""r1""]","[""rejected_all""]",REJECTED_ALL,3,3,,False,1835,165,0,2000,2.1322522000409663,2.1331168999895453,0,3,0,0,"[""unintended_side_effect+forced_requirement_violation"", ""wrong_value""]"
trial-be0b31046388fd0a39,decisive-20260831-054125,state-L3-c22bef8f2b0c,state,3,D_INVERTED,llama3.1:8b,ollama,307,1,0.2,False,False,0.8333333333333334,"[""r1""]","[""fault:omitted_requirement"", ""requirement:r1""]",FAILED,2,1,cand-86a0b1042d78,False,1301,90,0,1391,1.320806200033985,1.3215276999981143,0,1,1,0,"[""omitted_requirement"", ""wrong_value""]"
trial-19ec8d85344047c384,decisive-20260831-054125,state-L4-4c64b10db853,state,4,D_INVERTED,llama3.1:8b,ollama,307,1,0.2,False,False,0.0,[],"[""budget_exhausted""]",BUDGET_EXHAUSTED,3,2,,True,4101,141,0,4242,2.4521071999915875,2.4534144999925047,0,2,0,0,"[""unintended_side_effect+forced_requirement_violation"", ""wrong_value""]"
trial-c4259141a9f7620bc4,decisive-20260831-054125,state-L4-4c64b10db853,state,4,D_INVERTED,llama3.1:8b,ollama,307,1,0.4,False,False,0.0,[],"[""budget_exhausted""]",BUDGET_EXHAUSTED,3,2,,True,4122,106,0,4228,1.8780635999282822,1.8793552999850363,0,2,0,0,"[""unintended_side_effect+forced_requirement_violation"", ""wrong_value""]"
trial-75cc66a2e64947c66c,decisive-20260831-054125,policy-L1-905c39c04dc6,policy,1,D_INVERTED,llama3.1:8b,ollama,307,1,0.2,False,False,0.5,"[""r1""]","[""fault:omitted_requirement"", ""requirement:r1""]",FAILED,2,1,cand-c575efa48f19,False,606,83,0,689,1.1064542999956757,1.1069394999649376,0,1,1,0,"[""omitted_requirement"", ""unintended_side_effect+forced_requirement_violation""]"
trial-8ae32091f6b43d8dd6,decisive-20260831-054125,policy-L1-905c39c04dc6,policy,1,D_INVERTED,llama3.1:8b,ollama,307,1,0.6,False,False,0.5,"[""r1""]","[""fault:wrong_value"", ""requirement:r1""]",FAILED,1,0,cand-a2b93bdf3055,False,283,34,0,317,0.4639204000122845,0.4641667000250891,0,0,1,0,"[""wrong_value""]"
trial-bfed10c8b5b0c083ed,decisive-20260831-054125,policy-L2-fa0183c77929,policy,2,D_INVERTED,llama3.1:8b,ollama,307,1,0.4,False,True,0.6666666666666666,"[""r2""]","[""fault:forbidden_procedure"", ""requirement:r2""]",FAILED,1,0,cand-a7b948b86dd5,False,364,34,0,398,0.46656830003485084,0.4668385999975726,0,0,1,0,"[""forbidden_procedure""]"
trial-b0d0b3b04a45245580,decisive-20260831-054125,policy-L2-fa0183c77929,policy,2,D_INVERTED,llama3.1:8b,ollama,307,1,0.6,False,False,0.6666666666666666,"[""r3""]","[""fault:ordering_violation"", ""requirement:r3""]",FAILED,1,0,cand-2b2c37855e2d,False,350,34,0,384,0.47795019997283816,0.47824650001712143,0,0,1,0,"[""ordering_violation""]"
trial-4acf8c7660552f90c6,decisive-20260831-054125,policy-L3-e31dc3309801,policy,3,D_INVERTED,llama3.1:8b,ollama,307,1,0.2,False,False,0.875,"[""r8""]","[""fault:ordering_violation"", ""requirement:r8""]",FAILED,1,0,cand-1f703fe949ca,False,714,34,0,748,0.45348179998109117,0.4538304000161588,0,0,1,0,"[""ordering_violation""]"
trial-bcb81c590ef7b983e8,decisive-20260831-054125,policy-L4-619f58a94fb2,policy,4,D_INVERTED,llama3.1:8b,ollama,307,1,0.2,False,False,0.9230769230769231,"[""r13""]","[""fault:ordering_violation"", ""requirement:r13""]",FAILED,1,0,cand-c3628bc0876b,False,1081,13,0,1094,0.4088171999901533,0.40917759999865666,0,0,1,0,"[""ordering_violation""]"
trial-b128de0ceef1849f07,decisive-20260831-054125,reconciliation-L1-bf3e3f523b07,reconciliation,1,D_INVERTED,llama3.1:8b,ollama,307,1,0.2,False,False,0.0,"[""r1""]","[""fault:omitted_requirement"", ""requirement:r1""]",FAILED,2,1,cand-3c0a99c8c041,False,542,87,0,629,1.1353670000680722,1.135922399989795,0,1,1,0,"[""omitted_requirement"", ""unintended_side_effect+forced_requirement_violation""]"
trial-6cf42aea5d8a58ff31,decisive-20260831-054125,reconciliation-L2-58d3b00d1077,reconciliation,2,D_INVERTED,llama3.1:8b,ollama,307,1,0.4,False,False,0.6666666666666666,"[""r1""]","[""rejected_all""]",REJECTED_ALL,3,3,,False,1505,170,0,1675,2.335767099983059,2.3366596999694593,0,3,0,0,"[""omitted_requirement"", ""wrong_value""]"
trial-00b13b50df8ff81054,decisive-20260831-054125,reconciliation-L3-b6d506fe4055,reconciliation,3,D_INVERTED,llama3.1:8b,ollama,307,1,0.2,False,False,0.875,"[""r2""]","[""fault:wrong_value"", ""requirement:r2""]",FAILED,1,0,cand-b3b35dafad65,False,1138,13,0,1151,0.4104728000238538,0.4108715999755077,0,0,1,0,"[""wrong_value""]"
trial-a71b02b38dfaff0cf7,decisive-20260831-054125,reconciliation-L4-ed7c858aa4c6,reconciliation,4,D_INVERTED,llama3.1:8b,ollama,307,1,0.2,False,False,0.0,[],"[""budget_exhausted""]",BUDGET_EXHAUSTED,3,2,,True,4173,171,0,4344,2.9255772999604233,2.9267357000499032,0,2,0,0,"[""wrong_value""]"
trial-645be9020fa7ca2a40,decisive-20260831-054125,reconciliation-L4-ed7c858aa4c6,reconciliation,4,D_INVERTED,llama3.1:8b,ollama,307,1,0.4,False,False,0.9,"[""r6""]","[""fault:omitted_requirement"", ""requirement:r6""]",FAILED,1,0,cand-3cd0da24e9fc,False,1366,34,0,1400,0.693120000010822,0.6936094000120647,0,0,1,0,"[""omitted_requirement""]"
trial-58098cccf41683237d,decisive-20260831-054125,reconciliation-L4-ed7c858aa4c6,reconciliation,4,D_INVERTED,llama3.1:8b,ollama,307,1,0.6,False,False,0.0,[],"[""budget_exhausted""]",BUDGET_EXHAUSTED,3,2,,True,4224,175,0,4399,3.0694358000182547,3.070708499988541,0,2,0,0,"[""unintended_side_effect+forced_requirement_violation"", ""wrong_value""]"
trial-d5feb154da66ed65ea,decisive-20260831-054125,state-L1-6e35f848ee06,state,1,D_INVERTED,llama3.1:8b,ollama,307,2,0.4,False,False,0.5,"[""r1""]","[""rejected_all""]",REJECTED_ALL,3,3,,False,1047,109,0,1156,1.4336102000670508,1.4344966000062414,0,3,0,0,"[""unintended_side_effect+forced_requirement_violation"", ""wrong_value""]"
trial-91bfbeca2ec0ecc140,decisive-20260831-054125,state-L1-6e35f848ee06,state,1,D_INVERTED,llama3.1:8b,ollama,307,2,0.6,False,False,0.5,"[""r1""]","[""fault:omitted_requirement"", ""requirement:r1""]",FAILED,1,0,cand-6238d6099596,False,289,34,0,323,0.44701080000959337,0.4473217999911867,0,0,1,0,"[""omitted_requirement""]"
trial-979bf6ad188c2a2296,decisive-20260831-054125,state-L2-0db65cf5d5b4,state,2,D_INVERTED,llama3.1:8b,ollama,307,2,0.2,False,False,0.8,"[""r1""]","[""fault:omitted_requirement"", ""requirement:r1""]",FAILED,2,1,cand-8ced903e8345,False,1181,71,0,1252,1.0779521000222303,1.0785972999874502,0,1,1,0,"[""omitted_requirement"", ""unintended_side_effect+forced_requirement_violation""]"
trial-a98d7c89f780fa1456,decisive-20260831-054125,state-L2-0db65cf5d5b4,state,2,D_INVERTED,llama3.1:8b,ollama,307,2,0.4,False,False,0.8,"[""r1""]","[""fault:omitted_requirement"", ""requirement:r1""]",FAILED,1,0,cand-f626fddf2662,False,552,34,0,586,0.41066250001313165,0.4110378000186756,0,0,1,0,"[""omitted_requirement""]"
trial-2a0493133410ccb56c,decisive-20260831-054125,state-L3-2bd9ce44c642,state,3,D_INVERTED,llama3.1:8b,ollama,307,2,0.2,False,False,0.8888888888888888,"[""r2""]","[""fault:omitted_requirement"", ""requirement:r2""]",FAILED,2,1,cand-539d14d4c704,False,1873,85,0,1958,1.3955905999755487,1.3963765999651514,0,1,1,0,"[""omitted_requirement"", ""unintended_side_effect+forced_requirement_violation""]"
trial-8c2af3505be2d5ff11,decisive-20260831-054125,state-L3-2bd9ce44c642,state,3,D_INVERTED,llama3.1:8b,ollama,307,2,0.6,False,False,0.8888888888888888,"[""r3""]","[""rejected_all""]",REJECTED_ALL,3,3,,False,2769,140,0,2909,2.195092400012072,2.1962331000249833,0,3,0,0,"[""wrong_value""]"
trial-474da78ca6c3aedad7,decisive-20260831-054125,state-L4-0a848e65bd3b,state,4,D_INVERTED,llama3.1:8b,ollama,307,2,0.8,False,False,0.9230769230769231,"[""r1""]","[""fault:omitted_requirement"", ""requirement:r1""]",FAILED,1,0,cand-43ae6ca5ec44,False,1247,14,0,1261,0.4537692000158131,0.45422020001569763,0,0,1,0,"[""omitted_requirement""]"
trial-9970d925aa01860bf2,decisive-20260831-054125,policy-L1-7ebd66386f82,policy,1,D_INVERTED,llama3.1:8b,ollama,307,2,0.2,False,False,0.5,"[""r1""]","[""rejected_all""]",REJECTED_ALL,3,3,,False,978,153,0,1131,1.9691372999805026,1.969938500027638,0,3,0,0,"[""forbidden_procedure+forced_requirement_violation"", ""ordering_violation+forced_requirement_violation"", ""unintended_side_effect+forced_requirement_violation""]"
trial-623dfcfdad9d13e493,decisive-20260831-054125,policy-L2-f322961349dd,policy,2,D_INVERTED,llama3.1:8b,ollama,307,2,0.2,False,True,0.6666666666666666,"[""r2""]","[""fault:forbidden_procedure"", ""requirement:r2""]",FAILED,1,0,cand-70910a2be664,False,362,34,0,396,0.4429441999527626,0.4432170999934897,0,0,1,0,"[""forbidden_procedure""]"
trial-0ec6ee841d5854321a,decisive-20260831-054125,policy-L2-f322961349dd,policy,2,D_INVERTED,llama3.1:8b,ollama,307,2,0.8,False,False,0.6666666666666666,"[""r3""]","[""fault:omitted_requirement"", ""requirement:r3""]",FAILED,1,0,cand-973c62496b62,False,323,34,0,357,0.45722080004634336,0.45748920005280524,0,0,1,0,"[""omitted_requirement""]"
trial-f76dc4456ad8f30b63,decisive-20260831-054125,policy-L3-865b26832e8d,policy,3,D_INVERTED,llama3.1:8b,ollama,307,2,0.2,False,False,0.8888888888888888,"[""r5""]","[""fault:omitted_requirement"", ""requirement:r5""]",FAILED,1,0,cand-aa2605edfbc4,False,770,34,0,804,0.5585300999809988,0.5588608999969438,0,0,1,0,"[""omitted_requirement""]"
trial-5c83cea64ddc345f69,decisive-20260831-054125,policy-L3-865b26832e8d,policy,3,D_INVERTED,llama3.1:8b,ollama,307,2,0.4,False,False,0.8888888888888888,"[""r9""]","[""fault:ordering_violation"", ""requirement:r9""]",FAILED,1,0,cand-8b843fd8431b,False,789,34,0,823,0.5843510000267997,0.5846597999916412,0,0,1,0,"[""ordering_violation""]"
trial-d975653d33f7c25334,decisive-20260831-054125,policy-L3-865b26832e8d,policy,3,D_INVERTED,llama3.1:8b,ollama,307,2,0.6,False,True,0.8888888888888888,"[""r8""]","[""fault:forbidden_procedure"", ""requirement:r8""]",FAILED,1,0,cand-5950439268a8,False,803,34,0,837,0.5673991999938153,0.5677513999980874,0,0,1,0,"[""forbidden_procedure""]"
trial-a2c392e7084dccfb54,decisive-20260831-054125,policy-L4-926a506ef47e,policy,4,D_INVERTED,llama3.1:8b,ollama,307,2,0.4,False,False,0.9166666666666666,"[""r9""]","[""fault:omitted_requirement"", ""requirement:r9""]",FAILED,1,0,cand-704e91ef39f0,False,988,13,0,1001,0.3471100000315346,0.3474774999776855,0,0,1,0,"[""omitted_requirement""]"
trial-ba7f23542a5e332a9c,decisive-20260831-054125,policy-L4-926a506ef47e,policy,4,D_INVERTED,llama3.1:8b,ollama,307,2,0.95,False,True,0.9166666666666666,"[""r11""]","[""fault:forbidden_procedure"", ""requirement:r11""]",FAILED,1,0,cand-cba91f10fcd5,False,1021,27,0,1048,0.5106249999953434,0.5110015999525785,0,0,1,0,"[""forbidden_procedure""]"
trial-2b9b339fe21c271db1,decisive-20260831-054125,reconciliation-L1-654cfc704c18,reconciliation,1,D_INVERTED,llama3.1:8b,ollama,307,2,0.2,False,False,0.5,"[""r1""]","[""rejected_all""]",REJECTED_ALL,3,3,,False,1248,160,0,1408,2.0455043999827467,2.0463543999940157,0,3,0,0,"[""unintended_side_effect+forced_requirement_violation"", ""wrong_value""]"
trial-a6958b5d11e8fae2f8,decisive-20260831-054125,reconciliation-L1-654cfc704c18,reconciliation,1,D_INVERTED,llama3.1:8b,ollama,307,2,0.6,False,False,0.5,"[""r2""]","[""fault:omitted_requirement"", ""requirement:r2""]",FAILED,1,0,cand-4f0daef5b427,False,357,34,0,391,0.4724771000328474,0.4727636000025086,0,0,1,0,"[""omitted_requirement""]"
trial-157fc1341e4c084c82,decisive-20260831-054125,reconciliation-L2-5b4717572d74,reconciliation,2,D_INVERTED,llama3.1:8b,ollama,307,2,0.2,False,False,0.8,"[""r1""]","[""fault:omitted_requirement"", ""requirement:r1""]",FAILED,1,0,cand-ae461e0be341,False,736,34,0,770,0.5559196000103839,0.5562943000113592,0,0,1,0,"[""omitted_requirement""]"
trial-6f0c9800443b960bff,decisive-20260831-054125,reconciliation-L3-94485d62da1e,reconciliation,3,D_INVERTED,llama3.1:8b,ollama,307,2,0.4,False,True,0.8888888888888888,"[""r9""]","[""fault:omitted_requirement"", ""requirement:r9""]",FAILED,2,1,cand-319ca816b99f,False,2505,98,0,2603,1.6406159999896772,1.6414075000211596,0,1,1,0,"[""omitted_requirement"", ""wrong_value""]"
trial-e6df5d1270e27ed777,decisive-20260831-054125,reconciliation-L3-94485d62da1e,reconciliation,3,D_INVERTED,llama3.1:8b,ollama,307,2,0.6,False,False,0.8888888888888888,"[""r7""]","[""fault:omitted_requirement"", ""requirement:r7""]",FAILED,1,0,cand-e142feb8b960,False,1240,34,0,1274,0.650632000004407,0.6510449000052176,0,0,1,0,"[""omitted_requirement""]"
trial-bc90c5ce27b6a255f9,decisive-20260831-054125,reconciliation-L4-144a74219401,reconciliation,4,D_INVERTED,llama3.1:8b,ollama,307,2,0.2,False,True,0.9333333333333333,"[""r15""]","[""fault:omitted_requirement"", ""requirement:r15""]",FAILED,1,0,cand-ef597e303896,False,1994,34,0,2028,0.8305034000077285,0.8310419000335969,0,0,1,0,"[""omitted_requirement""]"
trial-c848a974403f901330,decisive-20260831-054125,reconciliation-L4-144a74219401,reconciliation,4,D_INVERTED,llama3.1:8b,ollama,307,2,0.8,False,False,0.9333333333333333,"[""r13""]","[""fault:omitted_requirement"", ""requirement:r13""]",FAILED,1,0,cand-a60cd346fd73,False,1994,34,0,2028,0.791498800041154,0.7920654000481591,0,0,1,0,"[""omitted_requirement""]"
trial-ea8434ae3aafddd469,decisive-20260831-054125,reconciliation-L4-144a74219401,reconciliation,4,D_INVERTED,llama3.1:8b,ollama,307,2,0.95,False,False,0.0,[],"[""budget_exhausted""]",BUDGET_EXHAUSTED,2,1,,True,4087,321,0,4408,4.31052430003183,4.311340400017798,0,1,0,0,"[""unintended_side_effect+forced_requirement_violation""]"
trial-51850d01a292f4c612,decisive-20260831-054125,state-L1-62de1f71ff4a,state,1,D_INVERTED,phi4-mini:3.8b,ollama,307,0,0.2,False,False,0.5,"[""r2""]","[""rejected_all""]",REJECTED_ALL,3,3,,False,916,191,0,1107,1.5161975000519305,1.516954299993813,0,3,0,0,"[""omitted_requirement"", ""unintended_side_effect+forced_requirement_violation""]"
trial-b62c6e0464715424aa,decisive-20260831-054125,state-L3-55658ecfe109,state,3,D_INVERTED,phi4-mini:3.8b,ollama,307,0,0.2,False,False,0.8333333333333334,"[""r1""]","[""fault:omitted_requirement"", ""requirement:r1""]",FAILED,1,0,cand-ab1dd5f1282d,False,624,35,0,659,0.3551320999977179,0.3554979999898933,0,0,1,0,"[""omitted_requirement""]"
trial-1f501abed90522d10b,decisive-20260831-054125,state-L4-db6a2f6f3347,state,4,D_INVERTED,phi4-mini:3.8b,ollama,307,0,0.2,False,False,0.9285714285714286,"[""r1""]","[""fault:omitted_requirement"", ""requirement:r1""]",FAILED,1,0,cand-7f5b4689c8f8,False,1323,35,0,1358,0.46292959997663274,0.4633292000507936,0,0,1,0,"[""omitted_requirement""]"
trial-60da0ddb41a19caca6,decisive-20260831-054125,policy-L2-dda935b22d3a,policy,2,D_INVERTED,phi4-mini:3.8b,ollama,307,0,0.2,False,True,0.6666666666666666,"[""r2""]","[""fault:forbidden_procedure"", ""requirement:r2""]",FAILED,1,0,cand-54d2b233ca94,False,354,34,0,388,0.3111012000008486,0.31136059999698773,0,0,1,0,"[""forbidden_procedure""]"
trial-c159d8f653df4f5eb9,decisive-20260831-054125,policy-L3-acd02f42634a,policy,3,A_DIRECT,phi4-mini:3.8b,ollama,307,0,0.2,False,False,0.25,"[""r1"", ""r2"", ""r3"", ""r4"", ""r5"", ""r6""]","[""requirement:r1"", ""requirement:r2"", ""requirement:r3"", ""requirement:r4"", ""requirement:r5"", ""requirement:r6""]",FAILED,1,0,trial-c159d8f653df4f5eb9-direct-0,False,494,136,0,630,1.0431323000229895,1.043392000021413,0,0,0,0,[]
trial-73608d4d2ac4891da5,decisive-20260831-054125,policy-L3-acd02f42634a,policy,3,B_DIRECT_CHECKED,phi4-mini:3.8b,ollama,307,0,0.2,False,False,0.0,[],[],REJECTED_ALL,3,3,,False,1528,333,0,1861,2.4291016000206582,2.429662599985022,0,0,0,0,[]
trial-5ef827140ebd4d73b5,decisive-20260831-054125,policy-L3-acd02f42634a,policy,3,D_INVERTED,phi4-mini:3.8b,ollama,307,0,0.4,False,False,0.875,"[""r8""]","[""fault:ordering_violation"", ""requirement:r8""]",FAILED,1,0,cand-5fb4d7c67b1e,False,704,35,0,739,0.3589640000136569,0.35926349996589124,0,0,1,0,"[""ordering_violation""]"
trial-b2d688e1c258f30777,decisive-20260831-054125,policy-L3-acd02f42634a,policy,3,D_INVERTED,phi4-mini:3.8b,ollama,307,0,0.6,False,False,0.875,"[""r8""]","[""fault:ordering_violation"", ""requirement:r8""]",FAILED,2,1,cand-cc1ccca7f49f,False,1468,111,0,1579,0.991283800045494,0.9919713999843225,0,1,1,0,"[""ordering_violation"", ""unintended_side_effect+forced_requirement_violation""]"
trial-29eb547005ac331cb3,decisive-20260831-054125,policy-L4-68adb95688d4,policy,4,A_DIRECT,phi4-mini:3.8b,ollama,307,0,0.2,False,True,0.2,"[""r1"", ""r2"", ""r3"", ""r4"", ""r5"", ""r6"", ""r7"", ""r8""]","[""requirement:r1"", ""requirement:r2"", ""requirement:r3"", ""requirement:r4"", ""requirement:r5"", ""requirement:r6"", ""requirement:r7"", ""requirement:r8""]",FAILED,1,0,trial-29eb547005ac331cb3-direct-0,False,590,150,0,740,1.1325700000161305,1.1328177999821492,0,0,0,0,[]
trial-848ec36379c46d8d62,decisive-20260831-054125,policy-L4-68adb95688d4,policy,4,B_DIRECT_CHECKED,phi4-mini:3.8b,ollama,307,0,0.2,False,False,0.0,[],[],REJECTED_ALL,3,3,,False,1822,450,0,2272,3.1656816999893636,3.1662691000383347,0,0,0,0,[]
trial-daa8ab6889b50525e8,decisive-20260831-054125,policy-L4-68adb95688d4,policy,4,D_INVERTED,phi4-mini:3.8b,ollama,307,0,0.2,False,False,0.9,"[""r6""]","[""fault:wrong_value"", ""requirement:r6""]",FAILED,1,0,cand-e9c126fd0bf9,False,850,35,0,885,0.3799513000412844,0.3802900000009686,0,0,1,0,"[""wrong_value""]"
trial-4996f36e95514d4c63,decisive-20260831-054125,reconciliation-L1-29e957cfb6ce,reconciliation,1,D_INVERTED,phi4-mini:3.8b,ollama,307,0,0.2,False,False,0.5,"[""r2""]","[""fault:omitted_requirement"", ""requirement:r2""]",FAILED,1,0,cand-8eee4c1d32dd,False,347,34,0,381,0.2976939000072889,0.2980049999896437,0,0,1,0,"[""omitted_requirement""]"
trial-7c7077b1bdda98bc82,decisive-20260831-054125,reconciliation-L2-7b0c1b5e4fc3,reconciliation,2,D_INVERTED,phi4-mini:3.8b,ollama,307,0,0.2,False,False,0.75,"[""r4""]","[""fault:omitted_requirement"", ""requirement:r4""]",FAILED,2,1,cand-d635361a4688,False,1230,126,0,1356,1.0703862999216653,1.0709670999785885,0,1,1,0,"[""omitted_requirement"", ""wrong_value""]"
trial-6571465d644a44722b,decisive-20260831-054125,reconciliation-L3-da00ace527d7,reconciliation,3,D_INVERTED,phi4-mini:3.8b,ollama,307,0,0.2,False,False,0.875,"[""r1""]","[""rejected_all""]",REJECTED_ALL,3,3,,False,3428,337,0,3765,2.862572200014256,2.863775199977681,0,3,0,0,"[""unintended_side_effect+forced_requirement_violation"", ""wrong_value""]"
trial-2908df73e42364ab86,decisive-20260831-054125,reconciliation-L3-da00ace527d7,reconciliation,3,D_INVERTED,phi4-mini:3.8b,ollama,307,0,0.6,False,False,0.875,"[""r5""]","[""fault:omitted_requirement"", ""requirement:r5""]",FAILED,2,1,cand-aa6cb6f4f1ee,False,2226,86,0,2312,0.8345598999876529,0.8353462999803014,0,1,1,0,"[""omitted_requirement"", ""wrong_value""]"
trial-2e91947e8425b36c50,decisive-20260831-054125,reconciliation-L4-5189f00b85f2,reconciliation,4,D_INVERTED,phi4-mini:3.8b,ollama,307,0,0.2,False,False,0.0,[],"[""budget_exhausted""]",BUDGET_EXHAUSTED,3,2,,True,5628,179,0,5807,2.0651134999352507,2.0663724000332877,0,2,0,0,"[""wrong_value""]"
trial-3e310ed59968b36fff,decisive-20260831-054125,reconciliation-L4-5189f00b85f2,reconciliation,4,D_INVERTED,phi4-mini:3.8b,ollama,307,0,0.4,False,True,0.9285714285714286,"[""r14""]","[""fault:omitted_requirement"", ""requirement:r14""]",FAILED,1,0,cand-f23f3512f332,False,1860,35,0,1895,0.4790709000080824,0.47960239998064935,0,0,1,0,"[""omitted_requirement""]"
trial-473a5724367d61d269,decisive-20260831-054125,state-L2-55a581f1d2d7,state,2,D_INVERTED,phi4-mini:3.8b,ollama,307,1,0.2,False,False,0.8,"[""r1""]","[""fault:omitted_requirement"", ""requirement:r1""]",FAILED,3,2,cand-540a4cf2e9e9,False,1727,152,0,1879,1.3662918000482023,1.3672438999637961,0,2,1,0,"[""omitted_requirement"", ""unintended_side_effect+forced_requirement_violation"", ""wrong_value""]"
trial-65e3444e84aef54e35,decisive-20260831-054125,state-L2-55a581f1d2d7,state,2,D_INVERTED,phi4-mini:3.8b,ollama,307,1,0.4,False,False,0.8,"[""r1""]","[""rejected_all""]",REJECTED_ALL,3,3,,False,1806,221,0,2027,1.7207087999559008,1.7216615000506863,0,3,0,0,"[""unintended_side_effect+forced_requirement_violation"", ""wrong_value""]"
trial-797e268f7b3da4b6ad,decisive-20260831-054125,state-L3-c22bef8f2b0c,state,3,D_INVERTED,phi4-mini:3.8b,ollama,307,1,0.2,False,False,0.8333333333333334,"[""r1""]","[""fault:omitted_requirement"", ""requirement:r1""]",FAILED,2,1,cand-86a0b1042d78,False,1279,86,0,1365,0.8243496000068262,0.8249952999758534,0,1,1,0,"[""omitted_requirement"", ""wrong_value""]"
trial-e6bba49c75574207eb,decisive-20260831-054125,state-L4-4c64b10db853,state,4,D_INVERTED,phi4-mini:3.8b,ollama,307,1,0.2,False,False,0.0,[],"[""budget_exhausted""]",BUDGET_EXHAUSTED,3,2,,True,4070,341,0,4411,3.0275609999662265,3.0288477000431158,0,2,0,0,"[""unintended_side_effect+forced_requirement_violation"", ""wrong_value""]"
trial-f98eebe4ef6b51d2f4,decisive-20260831-054125,state-L4-4c64b10db853,state,4,D_INVERTED,phi4-mini:3.8b,ollama,307,1,0.4,False,False,0.0,[],"[""budget_exhausted""]",BUDGET_EXHAUSTED,3,2,,True,4091,391,0,4482,3.2890887999674305,3.290301500004716,0,2,0,0,"[""unintended_side_effect+forced_requirement_violation"", ""wrong_value""]"
trial-259bfe1216af518f24,decisive-20260831-054125,policy-L1-905c39c04dc6,policy,1,D_INVERTED,phi4-mini:3.8b,ollama,307,1,0.2,False,False,0.5,"[""r1""]","[""fault:unintended_side_effect+forced_requirement_violation"", ""requirement:r1""]",FAILED,1,0,cand-4822b5b22037,False,332,44,0,376,0.390244799957145,0.3905105000012554,0,0,1,0,"[""unintended_side_effect+forced_requirement_violation""]"
trial-93cb9a9ce4ceca89d1,decisive-20260831-054125,policy-L1-905c39c04dc6,policy,1,D_INVERTED,phi4-mini:3.8b,ollama,307,1,0.4,False,False,0.5,"[""r1""]","[""fault:unintended_side_effect+forced_requirement_violation"", ""requirement:r1""]",FAILED,1,0,cand-9404e50c4d0e,False,332,44,0,376,0.3341890000156127,0.3344785999506712,0,0,1,0,"[""unintended_side_effect+forced_requirement_violation""]"
trial-4f76afd18e6be3baca,decisive-20260831-054125,policy-L1-905c39c04dc6,policy,1,D_INVERTED,phi4-mini:3.8b,ollama,307,1,0.6,False,False,0.5,"[""r1""]","[""fault:wrong_value"", ""requirement:r1""]",FAILED,1,0,cand-a2b93bdf3055,False,272,45,0,317,0.3854239999782294,0.38567250000778586,0,0,1,0,"[""wrong_value""]"
trial-46888ff1cac1af1ac3,decisive-20260831-054125,policy-L2-fa0183c77929,policy,2,D_INVERTED,phi4-mini:3.8b,ollama,307,1,0.4,False,True,0.6666666666666666,"[""r2""]","[""fault:forbidden_procedure"", ""requirement:r2""]",FAILED,1,0,cand-a7b948b86dd5,False,352,34,0,386,0.3071669000200927,0.30750260001514107,0,0,1,0,"[""forbidden_procedure""]"
trial-03403df67dc9a12553,decisive-20260831-054125,policy-L2-fa0183c77929,policy,2,D_INVERTED,phi4-mini:3.8b,ollama,307,1,0.6,False,False,0.6666666666666666,"[""r3""]","[""fault:ordering_violation"", ""requirement:r3""]",FAILED,1,0,cand-2b2c37855e2d,False,338,34,0,372,0.3093106000451371,0.30957260000286624,0,0,1,0,"[""ordering_violation""]"
trial-74758a0b169a7cce9c,decisive-20260831-054125,policy-L3-e31dc3309801,policy,3,A_DIRECT,phi4-mini:3.8b,ollama,307,1,0.2,False,False,0.25,"[""r1"", ""r2"", ""r3"", ""r4"", ""r5"", ""r6""]","[""requirement:r1"", ""requirement:r2"", ""requirement:r3"", ""requirement:r4"", ""requirement:r5"", ""requirement:r6""]",FAILED,1,0,trial-74758a0b169a7cce9c-direct-0,False,493,136,0,629,1.0049686999991536,1.0052431999938563,0,0,0,0,[]
trial-7b5d45d643912d0130,decisive-20260831-054125,policy-L3-e31dc3309801,policy,3,B_DIRECT_CHECKED,phi4-mini:3.8b,ollama,307,1,0.2,False,False,0.0,[],[],REJECTED_ALL,3,3,,False,1525,345,0,1870,2.491699999955017,2.4923791000037454,0,0,0,0,[]
trial-22a12795ba16becc8d,decisive-20260831-054125,policy-L3-e31dc3309801,policy,3,D_INVERTED,phi4-mini:3.8b,ollama,307,1,0.2,False,False,0.875,"[""r8""]","[""fault:ordering_violation"", ""requirement:r8""]",FAILED,1,0,cand-1f703fe949ca,False,703,35,0,738,0.32230910001089796,0.3226289000012912,0,0,1,0,"[""ordering_violation""]"
trial-eaac93758448f800ef,decisive-20260831-054125,policy-L4-619f58a94fb2,policy,4,A_DIRECT,phi4-mini:3.8b,ollama,307,1,0.2,False,True,0.07692307692307693,"[""r1"", ""r2"", ""r3"", ""r4"", ""r5"", ""r6"", ""r7"", ""r8"", ""r9"", ""r10"", ""r11"", ""r13""]","[""requirement:r1"", ""requirement:r10"", ""requirement:r11"", ""requirement:r13"", ""requirement:r2"", ""requirement:r3"", ""requirement:r4"", ""requirement:r5"", ""requirement:r6"", ""requirement:r7"", ""requirement:r8"", ""requirement:r9""]",FAILED,1,0,trial-eaac93758448f800ef-direct-0,False,735,187,0,922,1.4550379000138491,1.4553673999616876,0,0,0,0,[]
trial-79497caea1ed0f4709,decisive-20260831-054125,policy-L4-619f58a94fb2,policy,4,D_INVERTED,phi4-mini:3.8b,ollama,307,1,0.2,False,False,0.9230769230769231,"[""r13""]","[""fault:ordering_violation"", ""requirement:r13""]",FAILED,1,0,cand-c3628bc0876b,False,1070,34,0,1104,0.41630059998715296,0.4166745999827981,0,0,1,0,"[""ordering_violation""]"
trial-34cfdc452be0052f32,decisive-20260831-054125,reconciliation-L1-bf3e3f523b07,reconciliation,1,D_INVERTED,phi4-mini:3.8b,ollama,307,1,0.2,False,False,0.0,"[""r1""]","[""fault:omitted_requirement"", ""requirement:r1""]",FAILED,2,1,cand-3c0a99c8c041,False,521,161,0,682,1.2608978999778628,1.2613739999942482,0,1,1,0,"[""omitted_requirement"", ""unintended_side_effect+forced_requirement_violation""]"
trial-577d92529ea056d74e,decisive-20260831-054125,reconciliation-L2-58d3b00d1077,reconciliation,2,D_INVERTED,phi4-mini:3.8b,ollama,307,1,0.4,False,False,0.6666666666666666,"[""r3""]","[""fault:wrong_value"", ""requirement:r3""]",FAILED,1,0,cand-baf5f248ff68,False,499,42,0,541,0.397218799975235,0.39753090002341196,0,0,1,0,"[""wrong_value""]"
trial-eb8889893bb49f77e8,decisive-20260831-054125,reconciliation-L3-b6d506fe4055,reconciliation,3,D_INVERTED,phi4-mini:3.8b,ollama,307,1,0.2,False,False,0.875,"[""r1""]","[""rejected_all""]",REJECTED_ALL,3,3,,False,3484,243,0,3727,2.0778100999305025,2.07901290000882,0,3,0,0,"[""unintended_side_effect+forced_requirement_violation"", ""wrong_value""]"
trial-7243446d0a4805cc60,decisive-20260831-054125,reconciliation-L4-ed7c858aa4c6,reconciliation,4,D_INVERTED,phi4-mini:3.8b,ollama,307,1,0.2,False,True,0.9,"[""r10""]","[""fault:wrong_value"", ""requirement:r10""]",FAILED,2,1,cand-5508b36d22c1,False,2759,83,0,2842,1.0366524999844842,1.0375570000032894,0,1,1,0,"[""wrong_value""]"
trial-b5b519bd9cf179f226,decisive-20260831-054125,reconciliation-L4-ed7c858aa4c6,reconciliation,4,D_INVERTED,phi4-mini:3.8b,ollama,307,1,0.4,False,False,0.9,"[""r6""]","[""fault:omitted_requirement"", ""requirement:r6""]",FAILED,1,0,cand-3cd0da24e9fc,False,1355,35,0,1390,0.4414348999853246,0.44187469995813444,0,0,1,0,"[""omitted_requirement""]"
trial-4735effdd067c04702,decisive-20260831-054125,reconciliation-L4-ed7c858aa4c6,reconciliation,4,D_INVERTED,phi4-mini:3.8b,ollama,307,1,0.6,False,False,0.0,[],"[""budget_exhausted""]",BUDGET_EXHAUSTED,3,2,,True,4190,412,0,4602,3.5168409000034444,3.5179435999598354,0,2,0,0,"[""unintended_side_effect+forced_requirement_violation"", ""wrong_value""]"
trial-a97710e596b1f2961f,decisive-20260831-054125,state-L1-6e35f848ee06,state,1,D_INVERTED,phi4-mini:3.8b,ollama,307,2,0.4,False,False,0.5,"[""r1""]","[""rejected_all""]",REJECTED_ALL,3,3,,False,1018,293,0,1311,2.1848698999383487,2.185693000035826,0,3,0,0,"[""unintended_side_effect+forced_requirement_violation"", ""wrong_value""]"
trial-9f1b58674e57798862,decisive-20260831-054125,state-L1-6e35f848ee06,state,1,D_INVERTED,phi4-mini:3.8b,ollama,307,2,0.6,False,False,0.5,"[""r1""]","[""fault:omitted_requirement"", ""requirement:r1""]",FAILED,1,0,cand-6238d6099596,False,278,35,0,313,0.3140730999875814,0.31434189999708906,0,0,1,0,"[""omitted_requirement""]"
trial-3f6489a7e120cb0c45,decisive-20260831-054125,state-L2-0db65cf5d5b4,state,2,D_INVERTED,phi4-mini:3.8b,ollama,307,2,0.2,False,False,0.8,"[""r1""]","[""fault:omitted_requirement"", ""requirement:r1""]",FAILED,2,1,cand-8ced903e8345,False,1161,101,0,1262,0.8776425999822095,0.8783500000135973,0,1,1,0,"[""omitted_requirement"", ""unintended_side_effect+forced_requirement_violation""]"
trial-72078ada13ff02cadf,decisive-20260831-054125,state-L2-0db65cf5d5b4,state,2,D_INVERTED,phi4-mini:3.8b,ollama,307,2,0.4,False,False,0.8,"[""r1""]","[""fault:omitted_requirement"", ""requirement:r1""]",FAILED,1,0,cand-f626fddf2662,False,541,35,0,576,0.2677724999957718,0.2680986999766901,0,0,1,0,"[""omitted_requirement""]"
trial-7845fef4fdbeb1658c,decisive-20260831-054125,state-L3-2bd9ce44c642,state,3,D_INVERTED,phi4-mini:3.8b,ollama,307,2,0.2,False,False,0.8888888888888888,"[""r8""]","[""fault:omitted_requirement"", ""requirement:r8""]",FAILED,3,2,cand-a7420c46ed77,False,2740,226,0,2966,2.0095199000788853,2.010658700019121,0,2,1,0,"[""omitted_requirement"", ""unintended_side_effect+forced_requirement_violation""]"
trial-36f8e6c64215a2b4dc,decisive-20260831-054125,state-L3-2bd9ce44c642,state,3,D_INVERTED,phi4-mini:3.8b,ollama,307,2,0.6,False,False,0.8888888888888888,"[""r3""]","[""rejected_all""]",REJECTED_ALL,3,3,,False,2736,192,0,2928,1.7398458000388928,1.7409971000161022,0,3,0,0,"[""wrong_value""]"
trial-842a86d005d5452aa9,decisive-20260831-054125,state-L4-0a848e65bd3b,state,4,D_INVERTED,phi4-mini:3.8b,ollama,307,2,0.8,False,False,0.9230769230769231,"[""r1""]","[""fault:omitted_requirement"", ""requirement:r1""]",FAILED,1,0,cand-43ae6ca5ec44,False,1236,35,0,1271,0.4310393000487238,0.4315387000096962,0,0,1,0,"[""omitted_requirement""]"
trial-759a0211df1390019b,decisive-20260831-054125,policy-L1-7ebd66386f82,policy,1,D_INVERTED,phi4-mini:3.8b,ollama,307,2,0.2,False,False,0.5,"[""r1""]","[""fault:ordering_violation+forced_requirement_violation"", ""requirement:r1""]",FAILED,1,0,cand-9e183418f022,False,301,35,0,336,0.3141862000338733,0.3144443999626674,0,0,1,0,"[""ordering_violation+forced_requirement_violation""]"
trial-33fadcb85362a56d23,decisive-20260831-054125,policy-L1-7ebd66386f82,policy,1,D_INVERTED,phi4-mini:3.8b,ollama,307,2,0.4,False,False,0.5,"[""r1""]","[""fault:unintended_side_effect+forced_requirement_violation"", ""requirement:r1""]",FAILED,1,0,cand-81c55ee969c5,False,332,44,0,376,0.37439690000610426,0.37468809995334595,0,0,1,0,"[""unintended_side_effect+forced_requirement_violation""]"
trial-fdc0ada187aea19825,decisive-20260831-054125,policy-L2-f322961349dd,policy,2,D_INVERTED,phi4-mini:3.8b,ollama,307,2,0.2,False,True,0.6666666666666666,"[""r2""]","[""fault:forbidden_procedure"", ""requirement:r2""]",FAILED,1,0,cand-70910a2be664,False,351,34,0,385,0.30243049998534843,0.30271100002573803,0,0,1,0,"[""forbidden_procedure""]"
trial-63f5980c918d60e76e,decisive-20260831-054125,policy-L2-f322961349dd,policy,2,D_INVERTED,phi4-mini:3.8b,ollama,307,2,0.8,False,False,0.6666666666666666,"[""r3""]","[""fault:omitted_requirement"", ""requirement:r3""]",FAILED,1,0,cand-973c62496b62,False,312,34,0,346,0.3066883999854326,0.3069582000025548,0,0,1,0,"[""omitted_requirement""]"
trial-44e819d5cf6c1adca0,decisive-20260831-054125,policy-L3-865b26832e8d,policy,3,A_DIRECT,phi4-mini:3.8b,ollama,307,2,0.2,False,False,0.2222222222222222,"[""r1"", ""r2"", ""r3"", ""r4"", ""r5"", ""r6"", ""r7""]","[""requirement:r1"", ""requirement:r2"", ""requirement:r3"", ""requirement:r4"", ""requirement:r5"", ""requirement:r6"", ""requirement:r7""]",FAILED,1,0,trial-44e819d5cf6c1adca0-direct-0,False,543,122,0,665,0.9265369999920949,0.9268089000252075,0,0,0,0,[]
trial-2615f75ca367e1cfc3,decisive-20260831-054125,policy-L3-865b26832e8d,policy,3,D_INVERTED,phi4-mini:3.8b,ollama,307,2,0.2,False,False,0.8888888888888888,"[""r5""]","[""fault:omitted_requirement"", ""requirement:r5""]",FAILED,1,0,cand-aa2605edfbc4,False,759,35,0,794,0.3736927999998443,0.3740776999620721,0,0,1,0,"[""omitted_requirement""]"
trial-39198ded0fb403a260,decisive-20260831-054125,policy-L3-865b26832e8d,policy,3,D_INVERTED,phi4-mini:3.8b,ollama,307,2,0.4,False,False,0.8888888888888888,"[""r9""]","[""fault:ordering_violation"", ""requirement:r9""]",FAILED,1,0,cand-8b843fd8431b,False,778,35,0,813,0.3539253000053577,0.3542351999785751,0,0,1,0,"[""ordering_violation""]"
trial-adcd7423b72d03312b,decisive-20260831-054125,policy-L3-865b26832e8d,policy,3,D_INVERTED,phi4-mini:3.8b,ollama,307,2,0.6,False,True,0.8888888888888888,"[""r8""]","[""fault:forbidden_procedure"", ""requirement:r8""]",FAILED,1,0,cand-5950439268a8,False,792,35,0,827,0.38918329996522516,0.3894824999733828,0,0,1,0,"[""forbidden_procedure""]"
trial-5bb9822bfd852cb0f3,decisive-20260831-054125,policy-L4-926a506ef47e,policy,4,A_DIRECT,phi4-mini:3.8b,ollama,307,2,0.2,False,True,0.16666666666666666,"[""r1"", ""r2"", ""r3"", ""r4"", ""r5"", ""r6"", ""r7"", ""r8"", ""r9"", ""r10""]","[""requirement:r1"", ""requirement:r10"", ""requirement:r2"", ""requirement:r3"", ""requirement:r4"", ""requirement:r5"", ""requirement:r6"", ""requirement:r7"", ""requirement:r8"", ""requirement:r9""]",FAILED,1,0,trial-5bb9822bfd852cb0f3-direct-0,False,686,164,0,850,1.2678428000072017,1.2681184000102803,0,0,0,0,[]
trial-8069dd9724450ec4af,decisive-20260831-054125,policy-L4-926a506ef47e,policy,4,B_DIRECT_CHECKED,phi4-mini:3.8b,ollama,307,2,0.2,False,False,0.0,[],[],REJECTED_ALL,3,3,,False,2120,473,0,2593,3.453366400033701,3.4539286000072025,0,0,0,0,[]
trial-f7c3802d57845e8ab2,decisive-20260831-054125,policy-L4-926a506ef47e,policy,4,D_INVERTED,phi4-mini:3.8b,ollama,307,2,0.4,False,False,0.9166666666666666,"[""r9""]","[""fault:omitted_requirement"", ""requirement:r9""]",FAILED,1,0,cand-704e91ef39f0,False,977,35,0,1012,0.39254289999371395,0.39294729998800904,0,0,1,0,"[""omitted_requirement""]"
trial-450a293fd63fe512cb,decisive-20260831-054125,policy-L4-926a506ef47e,policy,4,D_INVERTED,phi4-mini:3.8b,ollama,307,2,0.95,False,True,0.9166666666666666,"[""r11""]","[""fault:forbidden_procedure"", ""requirement:r11""]",FAILED,1,0,cand-cba91f10fcd5,False,1010,35,0,1045,0.38339069997891784,0.38379260001238436,0,0,1,0,"[""forbidden_procedure""]"
trial-fb1db863b3f12d3b47,decisive-20260831-054125,reconciliation-L1-654cfc704c18,reconciliation,1,D_INVERTED,phi4-mini:3.8b,ollama,307,2,0.2,False,False,0.5,"[""r1""]","[""rejected_all""]",REJECTED_ALL,3,3,,False,1216,268,0,1484,2.049515100021381,2.0503357999841683,0,3,0,0,"[""unintended_side_effect+forced_requirement_violation"", ""wrong_value""]"
trial-413c2a3f73dcb8d74e,decisive-20260831-054125,reconciliation-L1-654cfc704c18,reconciliation,1,D_INVERTED,phi4-mini:3.8b,ollama,307,2,0.6,False,False,0.5,"[""r2""]","[""fault:omitted_requirement"", ""requirement:r2""]",FAILED,1,0,cand-4f0daef5b427,False,346,29,0,375,0.27162230003159493,0.27188099996419623,0,0,1,0,"[""omitted_requirement""]"
trial-31650d572946e47da3,decisive-20260831-054125,reconciliation-L2-5b4717572d74,reconciliation,2,D_INVERTED,phi4-mini:3.8b,ollama,307,2,0.2,False,False,0.8,"[""r1""]","[""fault:omitted_requirement"", ""requirement:r1""]",FAILED,1,0,cand-ae461e0be341,False,725,35,0,760,0.3593105999752879,0.359625099983532,0,0,1,0,"[""omitted_requirement""]"
trial-3e0ac47296aa1d652f,decisive-20260831-054125,reconciliation-L3-94485d62da1e,reconciliation,3,D_INVERTED,phi4-mini:3.8b,ollama,307,2,0.4,False,True,0.8888888888888888,"[""r9""]","[""fault:omitted_requirement"", ""requirement:r9""]",FAILED,2,1,cand-319ca816b99f,False,2482,86,0,2568,0.9779797999653965,0.9787817999604158,0,1,1,0,"[""omitted_requirement"", ""wrong_value""]"
trial-bc27150bd5e66a2437,decisive-20260831-054125,reconciliation-L3-94485d62da1e,reconciliation,3,D_INVERTED,phi4-mini:3.8b,ollama,307,2,0.6,False,False,0.8888888888888888,"[""r7""]","[""fault:omitted_requirement"", ""requirement:r7""]",FAILED,1,0,cand-e142feb8b960,False,1229,35,0,1264,0.42160010000225157,0.42200690001482144,0,0,1,0,"[""omitted_requirement""]"
trial-9c132a0e0fcf99578d,decisive-20260831-054125,reconciliation-L4-144a74219401,reconciliation,4,D_INVERTED,phi4-mini:3.8b,ollama,307,2,0.2,False,True,0.9333333333333333,"[""r15""]","[""fault:omitted_requirement"", ""requirement:r15""]",FAILED,1,0,cand-ef597e303896,False,1983,35,0,2018,0.5234668999910355,0.5240223999717273,0,0,1,0,"[""omitted_requirement""]"
trial-83ab699d5774216ae9,decisive-20260831-054125,reconciliation-L4-144a74219401,reconciliation,4,D_INVERTED,phi4-mini:3.8b,ollama,307,2,0.8,False,False,0.9333333333333333,"[""r13""]","[""fault:omitted_requirement"", ""requirement:r13""]",FAILED,1,0,cand-a60cd346fd73,False,1983,35,0,2018,0.5042512000072747,0.5048849000013433,0,0,1,0,"[""omitted_requirement""]"
trial-33b818e6f8e1931342,decisive-20260831-054125,reconciliation-L4-144a74219401,reconciliation,4,D_INVERTED,phi4-mini:3.8b,ollama,307,2,0.95,False,False,0.0,[],"[""budget_exhausted""]",BUDGET_EXHAUSTED,2,1,,True,4066,242,0,4308,2.1561175999813713,2.1569419999723323,0,1,0,0,"[""unintended_side_effect+forced_requirement_violation""]"
